,season_name,player,team,matches_played,goals,shots,xg,passes,completed_passes,key_passes,tackles,interceptions,recoveries,aerial_duels,fouls,yellow_cards,red_cards,dribbles_attempted,successful_dribbles,minutes_played,position,goals_p90,shots_p90,passes_p90,completed_passes_p90,key_passes_p90,tackles_p90,interceptions_p90,recoveries_p90,aerial_duels_p90,fouls_p90,dribbles_attempted_p90,successful_dribbles_p90,xg_p90,attempted_pass,pass_completion_pct,attempted_dribble,dribble_success_pct,took_shot,shot_conversion,xg_overperformance,position_group,yellow_cards_p90,red_cards_p90
0,2022,Lionel Andrés Messi Cuccittini,Argentina,7,9,34,7.6,371,306,16,15,0,34,0,11,0,0,36,26,721,Right Center Forward,1.1234396671289875,4.244105409153953,46.310679611650485,38.196948682385575,1.9972260748959778,1.8723994452149793,0.0,4.244105409153953,0.0,1.3730929264909848,4.49375866851595,3.245492371705964,0.9486823855755894,1,0.8247978436657682,1,0.7222222222222222,1,0.2647058823529412,1.4000000000000004,Forward,0.0,0.0
1,2022,Kylian Mbappé Lottin,France,7,9,32,5.02,233,180,9,6,1,30,0,8,0,0,50,30,693,Left Wing,1.1688311688311688,4.1558441558441555,30.25974025974026,23.376623376623375,1.1688311688311688,0.7792207792207793,0.12987012987012986,3.896103896103896,0.0,1.0389610389610389,6.4935064935064934,3.896103896103896,0.6519480519480518,1,0.7725321888412017,1,0.6,1,0.28125,3.9800000000000004,Forward,0.0,0.0
2,2018,Harry Kane,England,6,7,15,4.81,148,98,2,11,2,20,0,4,0,0,5,2,585,Left Center Forward,1.0769230769230769,2.3076923076923075,22.76923076923077,15.076923076923077,0.3076923076923077,1.6923076923076923,0.3076923076923077,3.076923076923077,0.0,0.6153846153846154,0.7692307692307693,0.3076923076923077,0.74,1,0.6621621621621622,1,0.4,1,0.4666666666666667,2.1900000000000004,Forward,0.0,0.0
3,1970,Jair Ventura Filho,Brazil,6,7,13,3.85,247,193,11,6,3,29,2,12,0,0,64,46,523,Right Midfield,1.2045889101338432,2.237093690248566,42.504780114722756,33.21223709369025,1.892925430210325,1.0325047801147227,0.5162523900573613,4.990439770554493,0.3441682600382409,2.0650095602294454,11.01338432122371,7.915869980879541,0.6625239005736138,1,0.7813765182186235,1,0.71875,1,0.5384615384615384,3.15,Midfielder,0.0,0.0
4,1958,Édson Arantes do Nascimento,Brazil,2,5,19,3.18,115,85,9,8,0,16,2,0,0,0,25,13,179,Left Center Forward,2.5139664804469275,9.553072625698324,57.82122905027933,42.737430167597765,4.5251396648044695,4.022346368715084,0.0,8.044692737430168,1.005586592178771,0.0,12.569832402234637,6.536312849162011,1.5988826815642458,1,0.7391304347826086,1,0.52,1,0.2631578947368421,1.8199999999999998,Forward,0.0,0.0
5,2018,Denis Cheryshev,Russia,5,5,14,1.9,92,53,1,7,3,8,0,7,0,0,7,5,392,Left Wing,1.1479591836734695,3.2142857142857144,21.122448979591837,12.168367346938776,0.2295918367346939,1.6071428571428572,0.6887755102040817,1.8367346938775513,0.0,1.6071428571428572,1.6071428571428572,1.1479591836734695,0.4362244897959184,1,0.5760869565217391,1,0.7142857142857143,1,0.35714285714285715,3.1,Forward,0.0,0.0
6,2022,Olivier Giroud,France,6,4,17,3.04,75,49,2,21,1,3,0,4,0,0,0,0,480,Center Forward,0.75,3.1875,14.0625,9.1875,0.375,3.9375,0.1875,0.5625,0.0,0.75,0.0,0.0,0.5700000000000001,1,0.6533333333333333,0,0.0,1,0.23529411764705882,0.96,Forward,0.0,0.0
7,2018,Kylian Mbappé Lottin,France,7,4,8,1.78,173,123,9,9,4,23,1,1,0,0,52,29,622,Right Wing,0.5787781350482315,1.157556270096463,25.032154340836012,17.79742765273312,1.3022508038585208,1.3022508038585208,0.5787781350482315,3.327974276527331,0.14469453376205788,0.14469453376205788,7.524115755627009,4.196141479099678,0.25755627009646304,1,0.7109826589595376,1,0.5576923076923077,1,0.5,2.2199999999999998,Forward,0.0,0.0
8,2018,Luka Modrić,Croatia,7,4,12,3.41,527,430,17,11,7,49,0,13,0,0,19,16,706,Right Center Midfield,0.509915014164306,1.529745042492918,67.1813031161473,54.81586402266289,2.1671388101983005,1.4022662889518414,0.8923512747875354,6.246458923512749,0.0,1.6572237960339944,2.4220963172804533,2.039660056657224,0.4347025495750709,1,0.8159392789373814,1,0.8421052631578947,1,0.3333333333333333,0.5899999999999999,Midfielder,0.0,0.0
9,1986,Diego Armando Maradona,Argentina,3,4,17,2.27,148,113,12,8,0,20,0,4,0,0,23,16,271,Left Center Forward,1.3284132841328413,5.645756457564576,49.15129151291513,37.52767527675277,3.985239852398524,2.6568265682656826,0.0,6.642066420664206,0.0,1.3284132841328413,7.638376383763838,5.313653136531365,0.7538745387453875,1,0.7635135135135135,1,0.6956521739130435,1,0.23529411764705882,1.73,Forward,0.0,0.0
10,1970,Édson Arantes do Nascimento,Brazil,6,4,32,4.33,253,211,22,24,3,28,2,26,0,0,26,13,533,Right Center Forward,0.6754221388367729,5.4033771106941835,42.72045028142589,35.628517823639775,3.7148217636022514,4.052532833020638,0.5065666041275797,4.727954971857411,0.33771106941838647,4.390243902439024,4.390243902439024,2.195121951219512,0.7311444652908067,1,0.83399209486166,1,0.5,1,0.125,-0.33000000000000007,Forward,0.0,0.0
11,2022,Julián Álvarez,Argentina,7,4,11,1.91,124,93,2,18,2,16,1,16,0,0,4,0,601,Left Center Forward,0.5990016638935108,1.6472545757071546,18.569051580698833,13.926788685524127,0.2995008319467554,2.6955074875207985,0.2995008319467554,2.3960066555740434,0.1497504159733777,2.3960066555740434,0.5990016638935108,0.0,0.28602329450915137,1,0.75,1,0.0,1,0.36363636363636365,2.09,Forward,0.0,0.0
12,2018,Antoine Griezmann,France,7,4,21,3.56,248,175,6,14,2,26,2,6,0,0,14,9,576,Center Attacking Midfield,0.625,3.28125,38.75,27.34375,0.9375,2.1875,0.3125,4.0625,0.3125,0.9375,2.1875,1.40625,0.55625,1,0.7056451612903226,1,0.6428571428571429,1,0.19047619047619047,0.43999999999999995,Midfielder,0.0,0.0
13,2018,Romelu Lukaku Menama,Belgium,6,4,14,2.61,98,75,3,4,0,4,0,10,0,0,10,5,480,Center Forward,0.75,2.625,18.375,14.0625,0.5625,0.75,0.0,0.75,0.0,1.875,1.875,0.9375,0.489375,1,0.7653061224489796,1,0.5,1,0.2857142857142857,1.3900000000000001,Forward,0.0,0.0
14,2018,Cristiano Ronaldo dos Santos Aveiro,Portugal,4,4,22,2.7,113,91,4,3,0,9,0,1,1,0,14,8,376,Left Center Forward,0.9574468085106382,5.26595744680851,27.04787234042553,21.78191489361702,0.9574468085106382,0.7180851063829787,0.0,2.154255319148936,0.0,0.23936170212765956,3.351063829787234,1.9148936170212765,0.6462765957446809,1,0.8053097345132744,1,0.5714285714285714,1,0.18181818181818182,1.2999999999999998,Forward,0.23936170212765956,0.0
15,2018,Artem Dzyuba,Russia,5,3,8,1.66,108,72,3,16,1,10,0,15,0,0,8,4,403,Center Forward,0.6699751861042184,1.7866004962779156,24.11910669975186,16.07940446650124,0.6699751861042184,3.5732009925558312,0.22332506203473945,2.2332506203473943,0.0,3.3498759305210917,1.7866004962779156,0.8933002481389578,0.3707196029776675,1,0.6666666666666666,1,0.5,1,0.375,1.34,Forward,0.0,0.0
16,1958,Edvaldo Izidio Neto,Brazil,2,3,17,2.94,117,86,8,12,0,13,2,6,0,0,12,4,169,Left Center Forward,1.5976331360946745,9.053254437869823,62.30769230769231,45.798816568047336,4.260355029585799,6.390532544378698,0.0,6.923076923076923,1.0650887573964498,3.195266272189349,6.390532544378698,2.1301775147928996,1.565680473372781,1,0.7350427350427351,1,0.3333333333333333,1,0.17647058823529413,0.06000000000000005,Forward,0.0,0.0
17,2018,Eden Hazard,Belgium,6,3,18,3.27,271,217,13,6,6,23,0,7,1,0,42,28,526,Left Wing,0.5133079847908746,3.0798479087452475,46.36882129277567,37.129277566539926,2.2243346007604563,1.0266159695817492,1.0266159695817492,3.9353612167300382,0.0,1.1977186311787074,7.186311787072244,4.790874524714829,0.5595057034220533,1,0.8007380073800738,1,0.6666666666666666,1,0.16666666666666666,-0.27,Forward,0.1711026615969582,0.0
18,2018,Diego da Silva Costa,Spain,4,3,11,2.3,64,53,4,7,0,8,0,3,0,0,5,3,315,Center Forward,0.8571428571428571,3.142857142857143,18.285714285714285,15.142857142857142,1.1428571428571428,2.0,0.0,2.2857142857142856,0.0,0.8571428571428571,1.4285714285714286,0.8571428571428571,0.6571428571428571,1,0.828125,1,0.6,1,0.2727272727272727,0.7000000000000002,Forward,0.0,0.0
19,2022,Bukayo Saka,England,4,3,7,0.58,111,84,5,11,2,9,0,7,0,0,5,2,289,Right Wing,0.9342560553633218,2.179930795847751,34.567474048442904,26.159169550173008,1.5570934256055362,3.4256055363321796,0.6228373702422145,2.8027681660899653,0.0,2.179930795847751,1.5570934256055362,0.6228373702422145,0.1806228373702422,1,0.7567567567567568,1,0.4,1,0.42857142857142855,2.42,Forward,0.0,0.0
20,2022,Marcus Rashford,England,5,3,11,1.38,67,50,0,7,1,6,0,1,0,0,10,6,458,Right Wing,0.5895196506550219,2.161572052401747,13.165938864628822,9.825327510917031,0.0,1.3755458515283843,0.19650655021834063,1.1790393013100438,0.0,0.19650655021834063,1.9650655021834063,1.1790393013100438,0.27117903930131004,1,0.746268656716418,1,0.6,1,0.2727272727272727,1.62,Forward,0.0,0.0
21,2022,Cody Mathès Gakpo,Netherlands,5,3,5,0.56,154,98,10,13,9,23,0,10,0,0,13,5,457,Right Center Forward,0.5908096280087528,0.9846827133479212,30.328227571115974,19.299781181619256,1.9693654266958425,2.560175054704595,1.7724288840262583,4.529540481400438,0.0,1.9693654266958425,2.560175054704595,0.9846827133479212,0.1102844638949672,1,0.6363636363636364,1,0.38461538461538464,1,0.6,2.44,Forward,0.0,0.0
22,1970,Roberto Rivelino,Brazil,5,3,30,1.53,269,225,15,9,2,26,1,5,0,0,33,22,446,Left Midfield,0.6053811659192825,6.053811659192825,54.28251121076233,45.403587443946186,3.0269058295964126,1.8161434977578474,0.40358744394618834,5.246636771300448,0.20179372197309417,1.0089686098654709,6.6591928251121075,4.439461883408072,0.3087443946188341,1,0.8364312267657993,1,0.6666666666666666,1,0.1,1.47,Midfielder,0.0,0.0
23,2022,Álvaro Borja Morata Martín,Spain,4,3,8,1.11,40,27,0,2,0,2,0,1,0,0,2,0,355,Center Forward,0.7605633802816901,2.028169014084507,10.140845070422534,6.845070422535211,0.0,0.5070422535211268,0.0,0.5070422535211268,0.0,0.2535211267605634,0.5070422535211268,0.0,0.2814084507042254,1,0.675,1,0.0,1,0.375,1.89,Forward,0.0,0.0
24,2022,Wout Weghorst,Netherlands,4,3,3,1.05,16,9,1,4,0,1,0,5,0,0,0,0,406,Right Center Forward,0.6650246305418719,0.6650246305418719,3.5467980295566504,1.9950738916256159,0.22167487684729065,0.8866995073891626,0.0,0.22167487684729065,0.0,1.1083743842364533,0.0,0.0,0.2327586206896552,1,0.5625,0,0.0,1,1.0,1.95,Forward,0.0,0.0
25,2022,Enner Remberto Valencia Lastra,Ecuador,3,3,9,1.92,51,39,3,15,2,13,2,3,0,0,7,3,259,Left Attacking Midfield,1.0424710424710424,3.1274131274131274,17.72200772200772,13.552123552123552,1.0424710424710424,5.212355212355212,0.694980694980695,4.517374517374518,0.694980694980695,1.0424710424710424,2.4324324324324325,1.0424710424710424,0.6671814671814672,1,0.7647058823529411,1,0.42857142857142855,1,0.3333333333333333,1.08,Midfielder,0.0,0.0
26,2022,Gonçalo Matias Ramos,Portugal,4,3,7,1.67,30,24,1,8,0,4,0,2,0,0,2,0,334,Center Forward,0.8083832335329341,1.8862275449101795,8.08383233532934,6.4670658682634725,0.2694610778443114,2.155688622754491,0.0,1.0778443113772456,0.0,0.5389221556886228,0.5389221556886228,0.0,0.44999999999999996,1,0.8,1,0.0,1,0.42857142857142855,1.33,Forward,0.0,0.0
27,2022,Richarlison de Andrade,Brazil,4,3,8,1.62,54,39,5,13,1,18,0,6,0,0,7,2,326,Center Forward,0.8282208588957055,2.208588957055215,14.9079754601227,10.766871165644172,1.3803680981595092,3.588957055214724,0.27607361963190186,4.969325153374233,0.0,1.656441717791411,1.9325153374233128,0.5521472392638037,0.447239263803681,1,0.7222222222222222,1,0.2857142857142857,1,0.375,1.38,Forward,0.0,0.0
28,2018,Edinson Roberto Cavani Gómez,Uruguay,4,3,16,2.15,83,68,3,6,2,13,1,5,0,0,11,7,351,Right Center Forward,0.7692307692307693,4.102564102564103,21.28205128205128,17.435897435897438,0.7692307692307693,1.5384615384615385,0.5128205128205129,3.3333333333333335,0.25641025641025644,1.2820512820512822,2.8205128205128207,1.794871794871795,0.5512820512820513,1,0.8192771084337349,1,0.6363636363636364,1,0.1875,0.8500000000000001,Forward,0.0,0.0
29,2018,Ivan Rakitić,Croatia,7,3,17,2.58,426,345,10,19,2,31,1,11,1,0,10,6,747,Left Center Midfield,0.36144578313253006,2.048192771084337,51.325301204819276,41.56626506024096,1.2048192771084336,2.2891566265060237,0.24096385542168672,3.7349397590361444,0.12048192771084336,1.325301204819277,1.2048192771084336,0.7228915662650601,0.3108433734939759,1,0.8098591549295775,1,0.6,1,0.17647058823529413,0.41999999999999993,Midfielder,0.12048192771084336,0.0
30,2018,Ivan Perišić,Croatia,7,3,24,2.11,209,133,5,21,5,12,0,6,0,0,6,4,642,Left Wing,0.4205607476635514,3.364485981308411,29.299065420560748,18.64485981308411,0.7009345794392523,2.9439252336448596,0.7009345794392523,1.6822429906542056,0.0,0.8411214953271028,0.8411214953271028,0.5607476635514018,0.2957943925233644,1,0.6363636363636364,1,0.6666666666666666,1,0.125,0.8900000000000001,Forward,0.0,0.0
31,1974,Johan Cruyff,Netherlands,5,3,9,1.97,237,167,12,15,2,31,4,11,0,0,34,24,443,Center Forward,0.6094808126410834,1.8284424379232505,48.14898419864559,33.92776523702032,2.437923250564334,3.0474040632054176,0.4063205417607223,6.297968397291196,0.8126410835214446,2.234762979683973,6.907449209932279,4.875846501128668,0.40022573363431146,1,0.7046413502109705,1,0.7058823529411765,1,0.3333333333333333,1.03,Forward,0.0,0.0
32,2018,Yerry Fernando Mina González,Colombia,3,3,3,0.77,159,140,0,14,4,12,0,7,0,0,1,1,304,Right Center Back,0.8881578947368421,0.8881578947368421,47.07236842105263,41.44736842105263,0.0,4.144736842105263,1.1842105263157894,3.5526315789473686,0.0,2.0723684210526314,0.29605263157894735,0.29605263157894735,0.22796052631578947,1,0.8805031446540881,1,1.0,1,1.0,2.23,Defender,0.0,0.0
33,2018,Mario Mandžukić,Croatia,6,3,12,2.71,163,108,6,24,2,15,0,14,1,0,3,3,609,Center Forward,0.4433497536945813,1.7733990147783252,24.088669950738918,15.960591133004927,0.8866995073891626,3.5467980295566504,0.2955665024630542,2.2167487684729066,0.0,2.0689655172413794,0.4433497536945813,0.4433497536945813,0.4004926108374384,1,0.6625766871165644,1,1.0,1,0.25,0.29000000000000004,Forward,0.1477832512315271,0.0
34,1974,Johan Neeskens,Netherlands,5,3,21,1.75,223,176,3,17,5,26,2,12,2,0,8,5,441,Right Center Midfield,0.6122448979591836,4.285714285714286,45.51020408163265,35.91836734693877,0.6122448979591836,3.4693877551020407,1.0204081632653061,5.3061224489795915,0.4081632653061224,2.4489795918367343,1.6326530612244896,1.0204081632653061,0.3571428571428571,1,0.7892376681614349,1,0.625,1,0.14285714285714285,1.25,Midfielder,0.4081632653061224,0.0
35,2022,Neymar da Silva Santos Junior,Brazil,3,2,12,2.13,156,123,4,4,0,13,1,4,0,0,21,10,280,Center Attacking Midfield,0.6428571428571428,3.857142857142857,50.14285714285714,39.535714285714285,1.2857142857142856,1.2857142857142856,0.0,4.178571428571429,0.3214285714285714,1.2857142857142856,6.75,3.2142857142857144,0.6846428571428571,1,0.7884615384615384,1,0.47619047619047616,1,0.16666666666666666,-0.1299999999999999,Midfielder,0.0,0.0
36,2018,John Stones,England,7,2,6,1.36,479,444,0,12,5,22,0,4,1,0,0,0,652,Center Back,0.27607361963190186,0.8282208588957055,66.11963190184049,61.28834355828221,0.0,1.656441717791411,0.6901840490797546,3.03680981595092,0.0,0.5521472392638037,0.0,0.0,0.18773006134969328,1,0.9269311064718163,0,0.0,1,0.3333333333333333,0.6399999999999999,Defender,0.13803680981595093,0.0
37,2022,Takuma Asano,Japan,4,2,9,1.28,29,22,1,9,2,8,0,4,0,0,1,0,408,Center Forward,0.4411764705882353,1.9852941176470589,6.397058823529412,4.852941176470589,0.22058823529411764,1.9852941176470589,0.4411764705882353,1.7647058823529411,0.0,0.8823529411764706,0.22058823529411764,0.0,0.2823529411764706,1,0.7586206896551724,1,0.0,1,0.2222222222222222,0.72,Forward,0.0,0.0
38,2018,Heung-Min Son,South Korea,3,2,14,1.57,79,64,7,2,1,9,1,3,1,0,17,12,283,Right Center Forward,0.6360424028268551,4.4522968197879855,25.12367491166078,20.353356890459363,2.2261484098939928,0.6360424028268551,0.31802120141342755,2.862190812720848,0.31802120141342755,0.9540636042402827,5.406360424028269,3.8162544169611308,0.4992932862190813,1,0.810126582278481,1,0.7058823529411765,1,0.14285714285714285,0.42999999999999994,Forward,0.31802120141342755,0.0
39,2018,Domagoj Vida,Croatia,6,2,4,1.16,317,260,0,9,8,17,0,2,0,0,0,0,648,Left Center Back,0.2777777777777778,0.5555555555555556,44.02777777777778,36.11111111111111,0.0,1.25,1.1111111111111112,2.361111111111111,0.0,0.2777777777777778,0.0,0.0,0.1611111111111111,1,0.8201892744479495,0,0.0,1,0.5,0.8400000000000001,Defender,0.0,0.0
40,2022,Ritsu Doan,Japan,4,2,4,0.58,57,37,2,10,5,13,1,4,0,0,10,6,337,Right Wing,0.5341246290801187,1.0682492581602374,15.222551928783382,9.881305637982196,0.5341246290801187,2.6706231454005933,1.3353115727002967,3.4718100890207717,0.26706231454005935,1.0682492581602374,2.6706231454005933,1.6023738872403561,0.1548961424332344,1,0.6491228070175439,1,0.6,1,0.5,1.42,Forward,0.0,0.0
41,2022,Robert Lewandowski,Poland,4,2,12,3.13,91,65,4,25,3,12,0,6,0,0,10,4,384,Center Forward,0.46875,2.8125,21.328125,15.234375,0.9375,5.859375,0.703125,2.8125,0.0,1.40625,2.34375,0.9375,0.7335937499999999,1,0.7142857142857143,1,0.4,1,0.16666666666666666,-1.13,Forward,0.0,0.0
42,2022,Salem Mohammed Al Dawsari,Saudi Arabia,3,2,7,1.56,117,92,6,8,0,17,0,3,0,0,7,5,294,Left Wing,0.6122448979591837,2.142857142857143,35.816326530612244,28.16326530612245,1.836734693877551,2.4489795918367347,0.0,5.204081632653061,0.0,0.9183673469387755,2.142857142857143,1.530612244897959,0.4775510204081633,1,0.7863247863247863,1,0.7142857142857143,1,0.2857142857142857,0.43999999999999995,Forward,0.0,0.0
43,2018,Philippe Coutinho Correia,Brazil,5,2,23,1.78,325,289,11,7,4,23,0,5,0,0,10,5,445,Left Center Midfield,0.4044943820224719,4.651685393258426,65.73033707865169,58.44943820224719,2.2247191011235956,1.4157303370786516,0.8089887640449438,4.651685393258426,0.0,1.0112359550561798,2.0224719101123596,1.0112359550561798,0.36,1,0.8892307692307693,1,0.5,1,0.08695652173913043,0.21999999999999997,Midfielder,0.0,0.0
44,2018,Neymar da Silva Santos Junior,Brazil,5,2,27,4.18,283,223,23,9,0,25,0,4,0,0,43,29,470,Left Wing,0.3829787234042553,5.170212765957447,54.191489361702125,42.702127659574465,4.404255319148936,1.7234042553191489,0.0,4.787234042553191,0.0,0.7659574468085106,8.23404255319149,5.553191489361702,0.8004255319148935,1,0.7879858657243817,1,0.6744186046511628,1,0.07407407407407407,-2.1799999999999997,Forward,0.0,0.0
45,2022,Randal Kolo Muani,France,3,2,5,2.05,36,25,0,16,1,6,1,5,0,0,7,3,315,Center Forward,0.5714285714285714,1.4285714285714286,10.285714285714286,7.142857142857143,0.0,4.571428571428571,0.2857142857142857,1.7142857142857142,0.2857142857142857,1.4285714285714286,2.0,0.8571428571428571,0.5857142857142856,1,0.6944444444444444,1,0.42857142857142855,1,0.4,-0.04999999999999982,Forward,0.0,0.0
46,2018,Juan Guillermo Cuadrado Bello,Colombia,4,2,7,1.11,173,137,7,4,1,24,0,3,1,0,19,13,337,Right Wing,0.5341246290801187,1.8694362017804154,46.201780415430264,36.58753709198813,1.8694362017804154,1.0682492581602374,0.26706231454005935,6.4094955489614245,0.0,0.8011869436201781,5.074183976261128,3.4718100890207717,0.2964391691394659,1,0.791907514450867,1,0.6842105263157895,1,0.2857142857142857,0.8899999999999999,Forward,0.26706231454005935,0.0
47,2018,Kieran Trippier,England,6,2,4,1.0,393,286,24,12,5,19,0,5,0,0,8,7,595,Right Midfield,0.3025210084033614,0.6050420168067228,59.445378151260506,43.260504201680675,3.6302521008403366,1.8151260504201683,0.7563025210084034,2.8739495798319328,0.0,0.7563025210084034,1.2100840336134455,1.0588235294117647,0.1512605042016807,1,0.727735368956743,1,0.875,1,0.5,1.0,Midfielder,0.0,0.0
48,2022,Rafael Alexandre Conceição Leão,Portugal,5,2,5,0.25,45,32,1,1,1,4,0,3,0,0,7,6,482,Left Wing,0.37344398340248963,0.9336099585062241,8.402489626556017,5.975103734439834,0.18672199170124482,0.18672199170124482,0.18672199170124482,0.7468879668049793,0.0,0.5601659751037344,1.3070539419087137,1.120331950207469,0.046680497925311204,1,0.7111111111111111,1,0.8571428571428571,1,0.4,1.75,Forward,0.0,0.0
49,2022,Nikola Vlašić,Croatia,6,2,7,2.2,55,43,0,9,0,9,1,6,0,0,4,3,567,Right Wing,0.31746031746031744,1.1111111111111112,8.730158730158731,6.825396825396826,0.0,1.4285714285714286,0.0,1.4285714285714286,0.15873015873015872,0.9523809523809524,0.6349206349206349,0.4761904761904762,0.34920634920634924,1,0.7818181818181819,1,0.75,1,0.2857142857142857,-0.20000000000000018,Forward,0.0,0.0
50,2022,Niclas Füllkrug,Germany,3,2,8,1.69,25,16,1,6,0,1,0,0,0,0,1,1,289,Right Center Forward,0.6228373702422145,2.491349480968858,7.7854671280276815,4.982698961937716,0.31141868512110726,1.8685121107266436,0.0,0.31141868512110726,0.0,0.0,0.31141868512110726,0.31141868512110726,0.5262975778546712,1,0.64,1,1.0,1,0.25,0.31000000000000005,Forward,0.0,0.0
51,2022,Andrej Kramarić,Croatia,7,2,10,1.09,173,151,5,6,0,13,0,1,0,0,7,3,474,Right Wing,0.379746835443038,1.89873417721519,32.848101265822784,28.67088607594937,0.949367088607595,1.139240506329114,0.0,2.4683544303797467,0.0,0.189873417721519,1.3291139240506329,0.569620253164557,0.20696202531645572,1,0.8728323699421965,1,0.42857142857142855,1,0.2,0.9099999999999999,Forward,0.0,0.0
52,2022,Aleksandar Mitrović,Serbia,3,2,10,1.5,67,52,1,23,0,7,0,2,0,0,1,1,268,Center Forward,0.6716417910447761,3.3582089552238803,22.5,17.46268656716418,0.33582089552238803,7.723880597014925,0.0,2.3507462686567164,0.0,0.6716417910447761,0.33582089552238803,0.33582089552238803,0.503731343283582,1,0.7761194029850746,1,1.0,1,0.2,0.5,Forward,0.0,0.0
53,2018,Takashi Inui,Japan,4,2,9,0.55,127,106,1,9,5,11,0,4,1,0,5,4,359,Left Wing,0.5013927576601671,2.256267409470752,31.838440111420613,26.573816155988858,0.25069637883008355,2.256267409470752,1.2534818941504178,2.7576601671309193,0.0,1.0027855153203342,1.2534818941504178,1.0027855153203342,0.13788300835654596,1,0.8346456692913385,1,0.8,1,0.2222222222222222,1.45,Forward,0.25069637883008355,0.0
54,2018,Wahbi Khazri,Tunisia,3,2,12,1.47,81,60,4,5,1,6,0,2,0,0,3,0,264,Center Forward,0.6818181818181819,4.090909090909091,27.613636363636367,20.454545454545457,1.3636363636363638,1.7045454545454546,0.34090909090909094,2.0454545454545454,0.0,0.6818181818181819,1.0227272727272727,0.0,0.5011363636363637,1,0.7407407407407407,1,0.0,1,0.16666666666666666,0.53,Forward,0.0,0.0
55,1970,Eduardo Gonçalves de Andrade,Brazil,6,2,21,3.39,177,146,13,10,0,22,2,10,0,0,17,7,509,Left Center Forward,0.3536345776031434,3.713163064833006,31.29666011787819,25.81532416502947,2.298624754420432,1.768172888015717,0.0,3.889980353634577,0.3536345776031434,1.768172888015717,3.0058939096267188,1.237721021611002,0.5994106090373281,1,0.8248587570621468,1,0.4117647058823529,1,0.09523809523809523,-1.3900000000000001,Forward,0.0,0.0
56,2022,Mohammed Kudus,Ghana,3,2,8,0.66,82,61,0,11,1,28,0,3,1,0,15,11,254,Left Center Midfield,0.7086614173228346,2.8346456692913384,29.05511811023622,21.614173228346456,0.0,3.8976377952755903,0.3543307086614173,9.921259842519685,0.0,1.0629921259842519,5.314960629921259,3.8976377952755903,0.23385826771653542,1,0.7439024390243902,1,0.7333333333333333,1,0.25,1.3399999999999999,Midfielder,0.3543307086614173,0.0
57,2018,Sergei Ignashevich,Russia,5,2,5,1.93,160,110,0,9,1,7,0,2,0,0,0,0,520,Left Center Back,0.34615384615384615,0.8653846153846154,27.692307692307693,19.03846153846154,0.0,1.5576923076923077,0.17307692307692307,1.2115384615384615,0.0,0.34615384615384615,0.0,0.0,0.3340384615384615,1,0.6875,0,0.0,1,0.4,0.07000000000000006,Defender,0.0,0.0
58,2018,Sergio Leonel Agüero del Castillo,Argentina,4,2,6,0.67,63,49,1,4,1,6,1,0,0,0,2,1,333,Center Forward,0.5405405405405405,1.6216216216216215,17.027027027027025,13.243243243243242,0.27027027027027023,1.081081081081081,0.27027027027027023,1.6216216216216215,0.27027027027027023,0.0,0.5405405405405405,0.27027027027027023,0.1810810810810811,1,0.7777777777777778,1,0.5,1,0.3333333333333333,1.33,Forward,0.0,0.0
59,2022,Mehdi Taremi,Iran,3,2,6,1.38,82,61,6,13,2,14,0,5,0,0,5,1,299,Center Forward,0.6020066889632106,1.806020066889632,24.682274247491637,18.361204013377925,1.806020066889632,3.913043478260869,0.6020066889632106,4.214046822742475,0.0,1.5050167224080266,1.5050167224080266,0.3010033444816053,0.41538461538461535,1,0.7439024390243902,1,0.2,1,0.3333333333333333,0.6200000000000001,Forward,0.0,0.0
60,2022,Mislav Oršić,Croatia,6,2,10,1.06,55,42,3,3,0,5,0,4,0,0,3,2,622,Left Wing,0.28938906752411575,1.4469453376205788,7.958199356913183,6.077170418006431,0.4340836012861736,0.4340836012861736,0.0,0.7234726688102894,0.0,0.5787781350482315,0.4340836012861736,0.28938906752411575,0.15337620578778136,1,0.7636363636363637,1,0.6666666666666666,1,0.2,0.94,Forward,0.0,0.0
61,2018,Radamel Falcao García Zárate,Colombia,4,2,9,1.88,106,80,1,13,0,10,0,7,0,0,6,3,378,Center Forward,0.47619047619047616,2.142857142857143,25.238095238095237,19.047619047619047,0.23809523809523808,3.095238095238095,0.0,2.380952380952381,0.0,1.6666666666666665,1.4285714285714286,0.7142857142857143,0.4476190476190476,1,0.7547169811320755,1,0.5,1,0.2222222222222222,0.1200000000000001,Forward,0.0,0.0
62,2018,Luis Alberto Suárez Díaz,Uruguay,5,2,14,1.56,139,91,6,1,4,22,0,4,0,0,14,6,469,Left Center Forward,0.3837953091684435,2.6865671641791042,26.673773987206822,17.46268656716418,1.1513859275053304,0.19189765458422176,0.767590618336887,4.221748400852879,0.0,0.767590618336887,2.6865671641791042,1.1513859275053304,0.29936034115138593,1,0.6546762589928058,1,0.42857142857142855,1,0.14285714285714285,0.43999999999999995,Forward,0.0,0.0
63,2018,Mile Jedinak,Australia,3,2,6,1.99,173,151,0,9,1,8,0,6,1,0,1,1,279,Right Center Midfield,0.6451612903225806,1.9354838709677418,55.806451612903224,48.70967741935484,0.0,2.903225806451613,0.3225806451612903,2.5806451612903225,0.0,1.9354838709677418,0.3225806451612903,0.3225806451612903,0.6419354838709678,1,0.8728323699421965,1,1.0,1,0.3333333333333333,0.010000000000000009,Midfielder,0.3225806451612903,0.0
64,2018,Mohamed Salah,Egypt,2,2,6,1.6,41,31,5,4,1,9,0,1,0,0,11,6,187,Right Center Forward,0.9625668449197861,2.887700534759358,19.732620320855613,14.919786096256683,2.406417112299465,1.9251336898395721,0.48128342245989303,4.331550802139037,0.0,0.48128342245989303,5.294117647058823,2.887700534759358,0.7700534759358288,1,0.7560975609756098,1,0.5454545454545454,1,0.3333333333333333,0.3999999999999999,Forward,0.0,0.0
65,2022,Lovro Majer,Croatia,7,2,5,1.59,98,80,1,2,2,13,1,5,0,0,3,1,684,Right Center Midfield,0.2631578947368421,0.6578947368421053,12.894736842105264,10.526315789473685,0.13157894736842105,0.2631578947368421,0.2631578947368421,1.7105263157894737,0.13157894736842105,0.6578947368421053,0.39473684210526316,0.13157894736842105,0.20921052631578949,1,0.8163265306122449,1,0.3333333333333333,1,0.4,0.4099999999999999,Midfielder,0.0,0.0
66,2022,Leandro Daniel Paredes,Argentina,5,2,3,1.58,240,227,2,11,3,10,1,7,2,0,0,0,460,Left Defensive Midfield,0.391304347826087,0.5869565217391305,46.95652173913044,44.413043478260875,0.391304347826087,2.1521739130434785,0.5869565217391305,1.956521739130435,0.1956521739130435,1.3695652173913044,0.0,0.0,0.3091304347826087,1,0.9458333333333333,0,0.0,1,0.6666666666666666,0.41999999999999993,Midfielder,0.391304347826087,0.0
67,2022,Gonzalo Ariel Montiel,Argentina,4,2,3,1.59,82,71,3,2,1,3,0,4,2,0,2,0,407,Right Back,0.44226044226044225,0.6633906633906634,18.132678132678134,15.7002457002457,0.6633906633906634,0.44226044226044225,0.22113022113022113,0.6633906633906634,0.0,0.8845208845208845,0.44226044226044225,0.0,0.3515970515970516,1,0.8658536585365854,1,0.0,1,0.6666666666666666,0.4099999999999999,Defender,0.44226044226044225,0.0
68,2022,Giorgian Daniel De Arrascaeta Benedetti,Uruguay,2,2,3,1.13,51,34,3,9,0,5,0,0,0,0,2,0,178,Left Midfield,1.0112359550561798,1.5168539325842696,25.786516853932582,17.191011235955056,1.5168539325842696,4.550561797752809,0.0,2.528089887640449,0.0,0.0,1.0112359550561798,0.0,0.5713483146067415,1,0.6666666666666666,1,0.0,1,0.6666666666666666,0.8700000000000001,Midfielder,0.0,0.0
69,2022,Ferrán Torres García,Spain,4,2,4,1.01,86,62,1,6,0,8,0,1,0,0,10,3,280,Right Wing,0.6428571428571428,1.2857142857142856,27.642857142857142,19.928571428571427,0.3214285714285714,1.9285714285714286,0.0,2.571428571428571,0.0,0.3214285714285714,3.2142857142857144,0.9642857142857143,0.3246428571428571,1,0.7209302325581395,1,0.3,1,0.5,0.99,Forward,0.0,0.0
70,2022,Carlos Henrique Casimiro,Brazil,4,2,10,1.14,258,217,4,18,6,15,1,8,1,0,2,2,407,Left Defensive Midfield,0.44226044226044225,2.211302211302211,57.05159705159705,47.98525798525799,0.8845208845208845,3.9803439803439806,1.3267813267813269,3.316953316953317,0.22113022113022113,1.769041769041769,0.44226044226044225,0.44226044226044225,0.2520884520884521,1,0.8410852713178295,1,1.0,1,0.2,0.8600000000000001,Midfielder,0.22113022113022113,0.0
71,2022,Breel-Donald Embolo,Switzerland,4,2,6,2.39,66,50,2,15,1,6,1,3,0,0,4,2,328,Center Forward,0.5487804878048781,1.6463414634146343,18.109756097560975,13.719512195121952,0.5487804878048781,4.115853658536586,0.27439024390243905,1.6463414634146343,0.27439024390243905,0.8231707317073171,1.0975609756097562,0.5487804878048781,0.6557926829268294,1,0.7575757575757576,1,0.5,1,0.3333333333333333,-0.3900000000000001,Forward,0.0,0.0
72,2022,Bruno Miguel Borges Fernandes,Portugal,4,2,8,1.03,231,186,6,17,1,15,0,4,1,0,6,3,381,Right Wing,0.47244094488188976,1.889763779527559,54.56692913385827,43.93700787401575,1.4173228346456692,4.015748031496063,0.23622047244094488,3.543307086614173,0.0,0.9448818897637795,1.4173228346456692,0.7086614173228346,0.24330708661417322,1,0.8051948051948052,1,0.5,1,0.25,0.97,Forward,0.23622047244094488,0.0
73,2022,Hakim Ziyech,Morocco,7,2,11,1.1,300,210,6,22,14,28,1,11,0,0,30,12,651,Right Wing,0.2764976958525346,1.5207373271889402,41.474654377880185,29.032258064516128,0.8294930875576036,3.0414746543778803,1.935483870967742,3.870967741935484,0.1382488479262673,1.5207373271889402,4.147465437788019,1.6589861751152073,0.15207373271889402,1,0.7,1,0.4,1,0.18181818181818182,0.8999999999999999,Forward,0.0,0.0
74,2022,Gue-Sung Cho,South Korea,4,2,8,0.71,60,39,1,16,1,8,0,8,1,0,3,1,365,Center Forward,0.4931506849315069,1.9726027397260275,14.794520547945206,9.616438356164384,0.24657534246575344,3.945205479452055,0.24657534246575344,1.9726027397260275,0.0,1.9726027397260275,0.7397260273972603,0.24657534246575344,0.17506849315068493,1,0.65,1,0.3333333333333333,1,0.25,1.29,Forward,0.24657534246575344,0.0
75,2018,Ahmed Musa,Nigeria,3,2,4,0.74,62,43,4,3,2,6,1,5,0,0,10,7,280,Left Center Forward,0.6428571428571428,1.2857142857142856,19.928571428571427,13.821428571428571,1.2857142857142856,0.9642857142857143,0.6428571428571428,1.9285714285714286,0.3214285714285714,1.6071428571428572,3.2142857142857144,2.25,0.23785714285714285,1,0.6935483870967742,1,0.7,1,0.5,1.26,Forward,0.0,0.0
76,2022,Youssef En-Nesyri,Morocco,7,2,11,1.05,76,48,1,21,0,15,1,3,0,0,9,6,549,Center Forward,0.3278688524590164,1.8032786885245902,12.459016393442624,7.868852459016394,0.1639344262295082,3.4426229508196724,0.0,2.459016393442623,0.1639344262295082,0.49180327868852464,1.4754098360655739,0.9836065573770493,0.17213114754098363,1,0.631578947368421,1,0.6666666666666666,1,0.18181818181818182,0.95,Forward,0.0,0.0
77,2022,Kai Havertz,Germany,2,2,5,1.16,33,26,2,3,1,4,0,4,0,0,1,0,177,Center Forward,1.0169491525423728,2.5423728813559325,16.779661016949152,13.220338983050848,1.0169491525423728,1.5254237288135595,0.5084745762711864,2.0338983050847457,0.0,2.0338983050847457,0.5084745762711864,0.0,0.5898305084745763,1,0.7878787878787878,1,0.0,1,0.4,0.8400000000000001,Forward,0.0,0.0
78,2022,Harry Kane,England,5,2,12,2.33,97,64,2,17,0,12,0,1,0,0,7,3,408,Center Forward,0.4411764705882353,2.6470588235294117,21.397058823529413,14.117647058823529,0.4411764705882353,3.75,0.0,2.6470588235294117,0.0,0.22058823529411764,1.5441176470588236,0.6617647058823529,0.5139705882352942,1,0.6597938144329897,1,0.42857142857142855,1,0.16666666666666666,-0.33000000000000007,Forward,0.0,0.0
79,2018,Andrej Kramarić,Croatia,7,2,12,1.64,143,117,8,3,2,13,0,3,0,0,10,6,666,Center Attacking Midfield,0.27027027027027023,1.6216216216216215,19.324324324324323,15.81081081081081,1.081081081081081,0.4054054054054054,0.27027027027027023,1.7567567567567566,0.0,0.4054054054054054,1.3513513513513513,0.8108108108108107,0.2216216216216216,1,0.8181818181818182,1,0.6,1,0.16666666666666666,0.3600000000000001,Midfielder,0.0,0.0
80,2018,Andreas Granqvist,Sweden,5,2,6,1.94,171,140,2,5,4,11,0,10,0,0,2,2,459,Left Center Back,0.3921568627450981,1.1764705882352942,33.529411764705884,27.450980392156865,0.3921568627450981,0.9803921568627452,0.7843137254901962,2.1568627450980395,0.0,1.9607843137254903,0.3921568627450981,0.3921568627450981,0.38039215686274513,1,0.8187134502923976,1,1.0,1,0.3333333333333333,0.06000000000000005,Defender,0.0,0.0
81,2018,Aleksandr Golovin,Russia,4,2,4,1.05,135,90,2,9,3,23,2,14,1,0,6,5,409,Center Attacking Midfield,0.4400977995110025,0.880195599022005,29.706601466992666,19.804400977995112,0.4400977995110025,1.9804400977995111,0.6601466992665037,5.061124694376528,0.4400977995110025,3.0806845965770173,1.3202933985330074,1.1002444987775062,0.2310513447432763,1,0.6666666666666666,1,0.8333333333333334,1,0.5,0.95,Midfielder,0.22004889975550124,0.0
82,2022,Vincent Paté Aboubakar,Cameroon,3,2,6,0.53,31,20,1,5,0,8,0,3,1,0,7,5,279,Right Center Forward,0.6451612903225806,1.9354838709677418,10.0,6.451612903225806,0.3225806451612903,1.6129032258064515,0.0,2.5806451612903225,0.0,0.9677419354838709,2.258064516129032,1.6129032258064515,0.17096774193548386,1,0.6451612903225806,1,0.7142857142857143,1,0.3333333333333333,1.47,Forward,0.3225806451612903,0.0
83,1958,Agne Simonsson,Sweden,1,1,3,0.52,31,19,0,2,0,3,0,2,0,0,2,1,90,Center Forward,1.0,3.0,31.0,19.0,0.0,2.0,0.0,3.0,0.0,2.0,2.0,1.0,0.52,1,0.6129032258064516,1,0.5,1,0.3333333333333333,0.48,Forward,0.0,0.0
84,2022,Ángel Fabián Di María Hernández,Argentina,5,1,7,0.53,164,126,10,3,2,11,3,0,0,0,29,18,412,Right Midfield,0.2184466019417476,1.529126213592233,35.8252427184466,27.524271844660195,2.1844660194174756,0.6553398058252428,0.4368932038834952,2.4029126213592233,0.6553398058252428,0.0,6.33495145631068,3.9320388349514563,0.11577669902912623,1,0.7682926829268293,1,0.6206896551724138,1,0.14285714285714285,0.47,Midfielder,0.0,0.0
85,2022,Xherdan Shaqiri,Switzerland,3,1,4,0.49,104,68,3,7,1,8,0,2,0,0,2,0,232,Right Wing,0.3879310344827586,1.5517241379310345,40.3448275862069,26.379310344827584,1.1637931034482758,2.71551724137931,0.3879310344827586,3.103448275862069,0.0,0.7758620689655172,0.7758620689655172,0.0,0.1900862068965517,1,0.6538461538461539,1,0.0,1,0.25,0.51,Forward,0.0,0.0
86,1958,Waldyr Pereira,Brazil,2,1,9,0.56,115,99,7,4,2,43,0,4,0,0,24,10,180,Left Defensive Midfield,0.5,4.5,57.5,49.5,3.5,2.0,1.0,21.5,0.0,2.0,12.0,5.0,0.28,1,0.8608695652173913,1,0.4166666666666667,1,0.1111111111111111,0.43999999999999995,Midfielder,0.0,0.0
87,1958,Mário Jorge Lobo Zagallo,Brazil,2,1,9,0.49,108,73,3,7,0,17,1,2,0,0,16,5,180,Left Midfield,0.5,4.5,54.0,36.5,1.5,3.5,0.0,8.5,0.5,1.0,8.0,2.5,0.245,1,0.6759259259259259,1,0.3125,1,0.1111111111111111,0.51,Midfielder,0.0,0.0
88,2022,Wahbi Khazri,Tunisia,2,1,5,0.3,20,12,0,4,0,8,1,1,0,0,1,0,154,Center Forward,0.5844155844155845,2.9220779220779223,11.688311688311689,7.012987012987013,0.0,2.337662337662338,0.0,4.675324675324676,0.5844155844155845,0.5844155844155845,0.5844155844155845,0.0,0.17532467532467533,1,0.6,1,0.0,1,0.2,0.7,Forward,0.0,0.0
89,2022,Vinícius José Paixão de Oliveira Júnior,Brazil,4,1,9,0.81,91,70,6,6,1,15,0,0,0,0,15,8,303,Left Wing,0.297029702970297,2.6732673267326734,27.02970297029703,20.792079207920793,1.7821782178217822,1.7821782178217822,0.297029702970297,4.455445544554456,0.0,0.0,4.455445544554456,2.376237623762376,0.2405940594059406,1,0.7692307692307693,1,0.5333333333333333,1,0.1111111111111111,0.18999999999999995,Forward,0.0,0.0
90,2022,Timothy Weah,United States,4,1,5,0.44,109,91,6,5,0,13,0,1,0,0,4,4,316,Right Wing,0.2848101265822785,1.4240506329113924,31.044303797468356,25.917721518987342,1.7088607594936709,1.4240506329113924,0.0,3.7025316455696204,0.0,0.2848101265822785,1.139240506329114,1.139240506329114,0.12531645569620253,1,0.8348623853211009,1,1.0,1,0.2,0.56,Forward,0.0,0.0
91,2022,Theo Bernard François Hernández,France,6,1,5,0.26,332,290,10,25,7,24,0,6,1,0,6,5,542,Left Back,0.16605166051660517,0.8302583025830258,55.12915129151292,48.154981549815496,1.6605166051660516,4.1512915129151295,1.1623616236162362,3.985239852398524,0.0,0.996309963099631,0.996309963099631,0.8302583025830258,0.04317343173431735,1,0.8734939759036144,1,0.8333333333333334,1,0.2,0.74,Defender,0.16605166051660517,0.0
92,2022,Teun Koopmeiners,Netherlands,5,1,3,0.87,120,95,1,8,4,12,2,6,1,0,1,1,490,Right Defensive Midfield,0.18367346938775508,0.5510204081632653,22.04081632653061,17.448979591836736,0.18367346938775508,1.4693877551020407,0.7346938775510203,2.204081632653061,0.36734693877551017,1.1020408163265305,0.18367346938775508,0.18367346938775508,0.15979591836734694,1,0.7916666666666666,1,1.0,1,0.3333333333333333,0.13,Midfielder,0.18367346938775508,0.0
93,2018,Ante Rebić,Croatia,6,1,15,1.54,132,67,1,13,7,24,1,21,2,0,22,19,539,Right Wing,0.16697588126159554,2.504638218923933,22.040816326530614,11.187384044526901,0.16697588126159554,2.170686456400742,1.1688311688311688,4.007421150278293,0.16697588126159554,3.5064935064935066,3.673469387755102,3.1725417439703154,0.2571428571428572,1,0.5075757575757576,1,0.8636363636363636,1,0.06666666666666667,-0.54,Forward,0.3339517625231911,0.0
94,2018,Andrés Iniesta Luján,Spain,4,1,6,1.11,285,248,6,0,2,6,1,3,0,0,11,6,348,Left Center Midfield,0.25862068965517243,1.5517241379310345,73.70689655172414,64.13793103448276,1.5517241379310345,0.0,0.5172413793103449,1.5517241379310345,0.25862068965517243,0.7758620689655172,2.8448275862068964,1.5517241379310345,0.2870689655172414,1,0.8701754385964913,1,0.5454545454545454,1,0.16666666666666666,-0.1100000000000001,Midfielder,0.0,0.0
95,2018,André Martín Carrillo Díaz,Peru,3,1,3,0.1,106,78,6,5,2,17,0,3,0,0,18,14,263,Right Wing,0.3422053231939164,1.0266159695817492,36.27376425855513,26.692015209125476,2.0532319391634983,1.711026615969582,0.6844106463878328,5.817490494296578,0.0,1.0266159695817492,6.159695817490495,4.790874524714829,0.034220532319391636,1,0.7358490566037735,1,0.7777777777777778,1,0.3333333333333333,0.9,Forward,0.0,0.0
96,2018,Alfreð Finnbogason,Iceland,3,1,6,1.03,51,37,2,12,2,11,1,7,1,0,2,1,267,Center Forward,0.33707865168539325,2.0224719101123596,17.191011235955056,12.47191011235955,0.6741573033707865,4.044943820224719,0.6741573033707865,3.7078651685393256,0.33707865168539325,2.359550561797753,0.6741573033707865,0.33707865168539325,0.347191011235955,1,0.7254901960784313,1,0.5,1,0.16666666666666666,-0.030000000000000027,Forward,0.33707865168539325,0.0
97,2018,Aleksandar Mitrović,Serbia,3,1,16,2.26,63,35,2,15,0,2,0,6,0,0,3,1,269,Center Forward,0.3345724907063197,5.353159851301116,21.07806691449814,11.71003717472119,0.6691449814126395,5.018587360594795,0.0,0.6691449814126395,0.0,2.007434944237918,1.003717472118959,0.3345724907063197,0.7561338289962825,1,0.5555555555555556,1,0.3333333333333333,1,0.0625,-1.2599999999999998,Forward,0.0,0.0
98,2018,Aleksandar Kolarov,Serbia,3,1,2,0.02,138,103,3,3,8,10,0,6,0,0,0,0,282,Left Back,0.3191489361702128,0.6382978723404256,44.04255319148936,32.87234042553192,0.9574468085106383,0.9574468085106383,2.5531914893617023,3.1914893617021276,0.0,1.9148936170212767,0.0,0.0,0.006382978723404256,1,0.7463768115942029,0,0.0,1,0.5,0.98,Defender,0.0,0.0
99,2018,Alan Dzagoev,Russia,2,1,2,0.86,21,14,1,0,0,0,0,0,0,0,0,0,145,Center Attacking Midfield,0.6206896551724138,1.2413793103448276,13.034482758620689,8.689655172413794,0.6206896551724138,0.0,0.0,0.0,0.0,0.0,0.0,0.0,0.5337931034482758,1,0.6666666666666666,0,0.0,1,0.5,0.14,Midfielder,0.0,0.0
100,2022,Zakaria Aboukhlal,Morocco,4,1,3,0.6,13,8,0,1,1,5,0,1,0,0,2,0,378,Left Wing,0.23809523809523808,0.7142857142857143,3.095238095238095,1.9047619047619047,0.0,0.23809523809523808,0.23809523809523808,1.1904761904761905,0.0,0.23809523809523808,0.47619047619047616,0.0,0.14285714285714285,1,0.6153846153846154,1,0.0,1,0.3333333333333333,0.4,Forward,0.0,0.0
101,2022,Young-Gwon Kim,South Korea,4,1,2,0.69,210,180,2,6,5,8,0,1,1,0,0,0,367,Left Center Back,0.2452316076294278,0.4904632152588556,51.49863760217984,44.141689373297005,0.4904632152588556,1.471389645776567,1.226158038147139,1.9618528610354224,0.0,0.2452316076294278,0.0,0.0,0.16920980926430518,1,0.8571428571428571,0,0.0,1,0.5,0.31000000000000005,Defender,0.2452316076294278,0.0
102,2022,Kléper Laveran Lima Ferreira,Portugal,4,1,3,0.34,295,252,0,10,3,18,0,3,0,0,1,1,380,Right Center Back,0.23684210526315788,0.7105263157894737,69.86842105263158,59.68421052631579,0.0,2.3684210526315788,0.7105263157894737,4.263157894736842,0.0,0.7105263157894737,0.23684210526315788,0.23684210526315788,0.08052631578947368,1,0.8542372881355932,1,1.0,1,0.3333333333333333,0.6599999999999999,Defender,0.0,0.0
103,2022,Keysher Fuller Spence,Costa Rica,3,1,3,0.31,61,43,1,5,5,8,0,2,0,0,2,1,260,Right Wing Back,0.34615384615384615,1.0384615384615385,21.115384615384617,14.884615384615385,0.34615384615384615,1.7307692307692308,1.7307692307692308,2.769230769230769,0.0,0.6923076923076923,0.6923076923076923,0.34615384615384615,0.10730769230769231,1,0.7049180327868853,1,0.5,1,0.3333333333333333,0.69,Defender,0.0,0.0
104,2022,Kalidou Koulibaly,Senegal,4,1,1,0.23,196,152,1,13,6,20,1,3,1,0,1,1,378,Right Center Back,0.23809523809523808,0.23809523809523808,46.666666666666664,36.19047619047619,0.23809523809523808,3.095238095238095,1.4285714285714286,4.761904761904762,0.23809523809523808,0.7142857142857143,0.23809523809523808,0.23809523809523808,0.05476190476190476,1,0.7755102040816326,1,1.0,1,1.0,0.77,Defender,0.23809523809523808,0.0
105,1970,Ladislav Petráš,Czechoslovakia,1,1,3,0.73,24,13,3,1,0,1,0,0,0,0,3,2,91,Right Center Forward,0.989010989010989,2.967032967032967,23.736263736263737,12.857142857142858,2.967032967032967,0.989010989010989,0.0,0.989010989010989,0.0,0.0,2.967032967032967,1.978021978021978,0.721978021978022,1,0.5416666666666666,1,0.6666666666666666,1,0.3333333333333333,0.27,Forward,0.0,0.0
106,2022,Jude Bellingham,England,5,1,5,0.84,275,242,3,25,4,33,2,5,0,0,11,4,430,Left Center Midfield,0.20930232558139536,1.0465116279069768,57.55813953488372,50.651162790697676,0.627906976744186,5.232558139534884,0.8372093023255814,6.906976744186046,0.4186046511627907,1.0465116279069768,2.302325581395349,0.8372093023255814,0.1758139534883721,1,0.88,1,0.36363636363636365,1,0.2,0.16000000000000003,Midfielder,0.0,0.0
107,2022,Joško Gvardiol,Croatia,7,1,2,0.19,510,463,1,23,14,35,1,9,0,0,2,2,709,Left Center Back,0.12693935119887165,0.2538787023977433,64.73906911142454,58.77291960507757,0.12693935119887165,2.919605077574048,1.777150916784203,4.4428772919605075,0.12693935119887165,1.1424541607898449,0.2538787023977433,0.2538787023977433,0.024118476727785613,1,0.907843137254902,1,1.0,1,0.5,0.81,Defender,0.0,0.0
108,2022,João Félix Sequeira,Portugal,4,1,11,0.67,122,94,1,6,1,9,0,8,1,0,9,5,337,Left Wing,0.26706231454005935,2.9376854599406528,32.58160237388724,25.10385756676558,0.26706231454005935,1.6023738872403561,0.26706231454005935,2.4035608308605343,0.0,2.136498516320475,2.4035608308605343,1.3353115727002967,0.17893175074183978,1,0.7704918032786885,1,0.5555555555555556,1,0.09090909090909091,0.32999999999999996,Forward,0.26706231454005935,0.0
109,2022,Jordan Brian Henderson,England,4,1,2,0.15,166,141,4,6,1,6,1,6,0,0,2,0,342,Right Center Midfield,0.2631578947368421,0.5263157894736842,43.684210526315795,37.10526315789474,1.0526315789473684,1.5789473684210527,0.2631578947368421,1.5789473684210527,0.2631578947368421,1.5789473684210527,0.5263157894736842,0.0,0.039473684210526314,1,0.8493975903614458,1,0.0,1,0.5,0.85,Midfielder,0.0,0.0
110,2022,Jean-Eric Maxim Choupo-Moting,Cameroon,3,1,3,0.52,69,47,2,12,1,9,1,0,0,0,6,4,264,Center Forward,0.34090909090909094,1.0227272727272727,23.522727272727273,16.022727272727273,0.6818181818181819,4.090909090909091,0.34090909090909094,3.0681818181818183,0.34090909090909094,0.0,2.0454545454545454,1.3636363636363638,0.1772727272727273,1,0.6811594202898551,1,0.6666666666666666,1,0.3333333333333333,0.48,Forward,0.0,0.0
111,2022,Jean-Charles Castelletto,Cameroon,2,1,1,0.89,78,63,0,2,6,8,0,1,0,0,1,1,189,Right Center Back,0.47619047619047616,0.47619047619047616,37.14285714285714,30.0,0.0,0.9523809523809523,2.857142857142857,3.8095238095238093,0.0,0.47619047619047616,0.47619047619047616,0.47619047619047616,0.4238095238095238,1,0.8076923076923077,1,1.0,1,1.0,0.10999999999999999,Defender,0.0,0.0
112,2022,Jack Grealish,England,5,1,1,0.63,56,49,2,4,2,5,0,0,0,0,2,2,477,Left Wing,0.18867924528301888,0.18867924528301888,10.566037735849058,9.245283018867925,0.37735849056603776,0.7547169811320755,0.37735849056603776,0.9433962264150944,0.0,0.0,0.37735849056603776,0.37735849056603776,0.11886792452830189,1,0.875,1,1.0,1,1.0,0.37,Forward,0.0,0.0
113,2022,Ivan Perišić,Croatia,7,1,16,0.76,304,214,6,26,11,22,1,11,0,0,17,8,682,Left Wing,0.13196480938416422,2.1114369501466275,40.117302052785924,28.240469208211145,0.7917888563049854,3.43108504398827,1.4516129032258065,2.903225806451613,0.13196480938416422,1.4516129032258065,2.243401759530792,1.0557184750733137,0.10029325513196481,1,0.7039473684210527,1,0.47058823529411764,1,0.0625,0.24,Forward,0.0,0.0
114,2022,Ismaïla Sarr,Senegal,4,1,10,1.85,81,57,6,13,3,17,1,3,0,0,13,9,360,Left Wing,0.25,2.5,20.25,14.25,1.5,3.25,0.75,4.25,0.25,0.75,3.25,2.25,0.4625,1,0.7037037037037037,1,0.6923076923076923,1,0.1,-0.8500000000000001,Forward,0.0,0.0
115,2022,Henry Josué Martín Mex,Mexico,2,1,4,0.67,22,15,4,5,2,1,0,3,0,0,0,0,146,Center Forward,0.6164383561643836,2.4657534246575343,13.561643835616438,9.246575342465754,2.4657534246575343,3.0821917808219177,1.2328767123287672,0.6164383561643836,0.0,1.8493150684931507,0.0,0.0,0.413013698630137,1,0.6818181818181818,0,0.0,1,0.25,0.32999999999999996,Forward,0.0,0.0
116,2022,Hee-Chan Hwang,South Korea,2,1,6,0.57,57,46,1,3,1,10,0,3,0,0,9,3,189,Right Midfield,0.47619047619047616,2.857142857142857,27.142857142857142,21.904761904761905,0.47619047619047616,1.4285714285714286,0.47619047619047616,4.761904761904762,0.0,1.4285714285714286,4.285714285714286,1.4285714285714286,0.2714285714285714,1,0.8070175438596491,1,0.3333333333333333,1,0.16666666666666666,0.43000000000000005,Midfielder,0.0,0.0
117,2022,Haji Wright,United States,4,1,7,0.66,27,20,1,15,0,5,0,1,0,0,0,0,374,Center Forward,0.24064171122994651,1.6844919786096255,6.497326203208556,4.81283422459893,0.24064171122994651,3.6096256684491976,0.0,1.2032085561497325,0.0,0.24064171122994651,0.0,0.0,0.1588235294117647,1,0.7407407407407407,0,0.0,1,0.14285714285714285,0.33999999999999997,Forward,0.0,0.0
118,2022,Gareth Frank Bale,Wales,3,1,2,0.81,55,34,2,9,1,5,0,2,1,0,3,1,246,Right Center Forward,0.36585365853658536,0.7317073170731707,20.121951219512194,12.439024390243903,0.7317073170731707,3.292682926829268,0.36585365853658536,1.829268292682927,0.0,0.7317073170731707,1.0975609756097562,0.36585365853658536,0.29634146341463413,1,0.6181818181818182,1,0.3333333333333333,1,0.5,0.18999999999999995,Forward,0.36585365853658536,0.0
119,2022,Frenkie de Jong,Netherlands,5,1,2,0.72,364,327,3,15,3,23,1,6,1,0,11,7,489,Left Defensive Midfield,0.18404907975460122,0.36809815950920244,66.99386503067484,60.1840490797546,0.5521472392638036,2.7607361963190185,0.5521472392638036,4.233128834355828,0.18404907975460122,1.1042944785276072,2.0245398773006134,1.2883435582822085,0.13251533742331287,1,0.8983516483516484,1,0.6363636363636364,1,0.5,0.28,Midfielder,0.18404907975460122,0.0
120,2022,Famara Diedhiou,Senegal,2,1,3,0.24,14,10,1,5,0,3,0,2,0,0,0,0,162,Center Forward,0.5555555555555556,1.6666666666666665,7.777777777777778,5.555555555555555,0.5555555555555556,2.7777777777777777,0.0,1.6666666666666665,0.0,1.1111111111111112,0.0,0.0,0.13333333333333333,1,0.7142857142857143,0,0.0,1,0.3333333333333333,0.76,Forward,0.0,0.0
121,2022,Enzo Fernandez,Argentina,7,1,9,1.05,470,416,5,31,5,31,4,9,1,0,6,3,712,Center Defensive Midfield,0.12640449438202248,1.1376404494382022,59.41011235955056,52.58426966292134,0.6320224719101123,3.9185393258426964,0.6320224719101123,3.9185393258426964,0.5056179775280899,1.1376404494382022,0.7584269662921348,0.3792134831460674,0.1327247191011236,1,0.8851063829787233,1,0.5,1,0.1111111111111111,-0.050000000000000044,Midfielder,0.12640449438202248,0.0
122,2022,Dušan Vlahović,Serbia,2,1,3,0.76,13,7,0,1,0,5,0,0,0,0,1,0,149,Right Center Forward,0.6040268456375839,1.8120805369127517,7.852348993288591,4.228187919463087,0.0,0.6040268456375839,0.0,3.0201342281879198,0.0,0.0,0.6040268456375839,0.0,0.4590604026845638,1,0.5384615384615384,1,0.0,1,0.3333333333333333,0.24,Forward,0.0,0.0
123,2022,Denzel Dumfries,Netherlands,5,1,2,0.28,218,148,0,20,5,10,2,19,0,0,6,0,506,Right Wing Back,0.17786561264822134,0.3557312252964427,38.77470355731226,26.32411067193676,0.0,3.557312252964427,0.8893280632411068,1.7786561264822136,0.3557312252964427,3.379446640316206,1.0671936758893281,0.0,0.04980237154150199,1,0.6788990825688074,1,0.0,1,0.5,0.72,Defender,0.0,0.0
124,2022,Davy Klaassen,Netherlands,4,1,2,0.43,81,60,1,5,1,6,1,1,0,0,0,0,276,Center Attacking Midfield,0.32608695652173914,0.6521739130434783,26.413043478260867,19.565217391304348,0.32608695652173914,1.6304347826086956,0.32608695652173914,1.9565217391304346,0.32608695652173914,0.32608695652173914,0.0,0.0,0.14021739130434782,1,0.7407407407407407,0,0.0,1,0.5,0.5700000000000001,Midfielder,0.0,0.0
125,2022,Daniel Olmo Carvajal,Spain,4,1,12,1.08,196,160,3,10,3,20,1,6,0,0,18,4,379,Left Wing,0.23746701846965698,2.8496042216358837,46.54353562005277,37.994722955145114,0.7124010554089709,2.3746701846965697,0.7124010554089709,4.749340369393139,0.23746701846965698,1.4248021108179418,4.274406332453825,0.9498680738786279,0.25646437994722954,1,0.8163265306122449,1,0.2222222222222222,1,0.08333333333333333,-0.08000000000000007,Forward,0.0,0.0
126,1970,Teófilo Juan Cubillas Arizaga,Peru,1,1,5,0.69,40,31,0,1,0,2,0,1,0,0,6,6,90,Left Center Forward,1.0,5.0,40.0,31.0,0.0,1.0,0.0,2.0,0.0,1.0,6.0,6.0,0.69,1,0.775,1,1.0,1,0.2,0.31000000000000005,Forward,0.0,0.0
127,2022,Daley Blind,Netherlands,5,1,5,0.52,304,260,1,20,5,13,0,4,0,0,2,1,447,Left Wing Back,0.20134228187919462,1.006711409395973,61.20805369127517,52.348993288590606,0.20134228187919462,4.026845637583892,1.006711409395973,2.61744966442953,0.0,0.8053691275167785,0.40268456375838924,0.20134228187919462,0.10469798657718121,1,0.8552631578947368,1,0.5,1,0.2,0.48,Defender,0.0,0.0
128,2022,Daizen Maeda,Japan,3,1,2,0.54,18,8,0,12,2,4,0,2,0,0,0,0,180,Center Forward,0.5,1.0,9.0,4.0,0.0,6.0,1.0,2.0,0.0,1.0,0.0,0.0,0.27,1,0.4444444444444444,0,0.0,1,0.5,0.45999999999999996,Forward,0.0,0.0
129,2022,Cristiano Ronaldo dos Santos Aveiro,Portugal,5,1,11,1.94,90,67,4,5,0,6,0,2,0,0,3,0,421,Center Forward,0.21377672209026127,2.351543942992874,19.239904988123513,14.323040380047505,0.8551068883610451,1.0688836104513064,0.0,1.2826603325415675,0.0,0.42755344418052255,0.6413301662707838,0.0,0.41472684085510686,1,0.7444444444444445,1,0.0,1,0.09090909090909091,-0.94,Forward,0.0,0.0
130,2022,Craig Goodwin,Australia,4,1,2,0.21,94,57,5,10,1,8,0,1,0,0,0,0,298,Left Midfield,0.30201342281879195,0.6040268456375839,28.389261744966444,17.21476510067114,1.5100671140939599,3.0201342281879198,0.30201342281879195,2.4161073825503356,0.0,0.30201342281879195,0.0,0.0,0.0634228187919463,1,0.6063829787234043,0,0.0,1,0.5,0.79,Midfielder,0.0,0.0
131,2022,Christian Pulisic,United States,4,1,9,1.14,139,84,7,7,0,20,0,2,0,0,13,6,334,Left Wing,0.2694610778443114,2.4251497005988023,37.45508982035928,22.634730538922156,1.8862275449101795,1.8862275449101795,0.0,5.389221556886227,0.0,0.5389221556886228,3.502994011976048,1.6167664670658681,0.3071856287425149,1,0.60431654676259,1,0.46153846153846156,1,0.1111111111111111,-0.1399999999999999,Forward,0.0,0.0
132,2022,Cheikh Ahmadou Bamba Mbacke Dieng,Senegal,4,1,4,0.38,19,11,1,12,0,7,0,6,0,0,1,0,381,Center Forward,0.23622047244094488,0.9448818897637795,4.488188976377953,2.5984251968503935,0.23622047244094488,2.8346456692913384,0.0,1.6535433070866141,0.0,1.4173228346456692,0.23622047244094488,0.0,0.08976377952755905,1,0.5789473684210527,1,0.0,1,0.25,0.62,Forward,0.0,0.0
133,2022,Carlos Soler Barragán,Spain,2,1,5,1.27,84,78,2,1,0,5,0,0,0,0,2,1,219,Left Center Midfield,0.4109589041095891,2.0547945205479454,34.52054794520548,32.05479452054795,0.8219178082191781,0.4109589041095891,0.0,2.0547945205479454,0.0,0.0,0.8219178082191781,0.4109589041095891,0.5219178082191781,1,0.9285714285714286,1,0.5,1,0.2,-0.27,Midfielder,0.0,0.0
134,2022,Marko Livaja,Croatia,6,1,7,1.77,57,35,1,10,1,8,1,7,0,0,4,1,500,Center Forward,0.18,1.26,10.26,6.3,0.18,1.8,0.18,1.44,0.18,1.26,0.72,0.18,0.3186,1,0.6140350877192983,1,0.25,1,0.14285714285714285,-0.77,Forward,0.0,0.0
135,2022,Mario Pašalić,Croatia,7,1,4,0.95,93,77,1,19,3,12,0,4,0,0,5,2,615,Right Wing,0.14634146341463417,0.5853658536585367,13.609756097560977,11.26829268292683,0.14634146341463417,2.780487804878049,0.43902439024390244,1.7560975609756098,0.0,0.5853658536585367,0.7317073170731707,0.29268292682926833,0.13902439024390245,1,0.8279569892473119,1,0.4,1,0.25,0.050000000000000044,Forward,0.0,0.0
136,2022,Marco Asensio Willemsen,Spain,4,1,10,0.61,117,92,2,3,0,5,0,3,0,0,3,2,290,Center Forward,0.3103448275862069,3.103448275862069,36.310344827586206,28.551724137931032,0.6206896551724138,0.9310344827586207,0.0,1.5517241379310345,0.0,0.9310344827586207,0.9310344827586207,0.6206896551724138,0.18931034482758619,1,0.7863247863247863,1,0.6666666666666666,1,0.1,0.39,Forward,0.0,0.0
137,2022,Marcelo Brozović,Croatia,6,1,5,1.37,529,472,5,18,10,34,4,14,1,0,8,5,565,Center Defensive Midfield,0.1592920353982301,0.7964601769911505,84.26548672566372,75.1858407079646,0.7964601769911505,2.8672566371681416,1.592920353982301,5.415929203539823,0.6371681415929203,2.230088495575221,1.2743362831858407,0.7964601769911505,0.21823008849557524,1,0.8922495274102079,1,0.625,1,0.2,-0.3700000000000001,Midfielder,0.1592920353982301,0.0
138,2022,Manuel Obafemi Akanji,Switzerland,4,1,4,0.88,255,229,1,8,4,10,0,6,1,0,1,1,382,Right Center Back,0.2356020942408377,0.9424083769633508,60.07853403141361,53.952879581151834,0.2356020942408377,1.8848167539267016,0.9424083769633508,2.356020942408377,0.0,1.4136125654450262,0.2356020942408377,0.2356020942408377,0.20732984293193718,1,0.8980392156862745,1,1.0,1,0.25,0.12,Defender,0.2356020942408377,0.0
139,2022,Luuk de Jong,Netherlands,1,1,2,0.84,11,8,1,5,0,1,0,2,0,0,0,0,126,Left Center Forward,0.7142857142857143,1.4285714285714286,7.857142857142858,5.714285714285714,0.7142857142857143,3.5714285714285716,0.0,0.7142857142857143,0.0,1.4285714285714286,0.0,0.0,0.6,1,0.7272727272727273,0,0.0,1,0.5,0.16000000000000003,Forward,0.0,0.0
140,2022,Luka Modrić,Croatia,7,1,7,1.13,549,463,6,18,17,39,3,15,0,0,10,5,666,Right Center Midfield,0.13513513513513511,0.9459459459459459,74.18918918918918,62.567567567567565,0.8108108108108107,2.4324324324324325,2.2972972972972974,5.27027027027027,0.4054054054054054,2.0270270270270268,1.3513513513513513,0.6756756756756757,0.15270270270270267,1,0.843351548269581,1,0.5,1,0.14285714285714285,-0.1299999999999999,Midfielder,0.0,0.0
141,2022,Luis Gerardo Chávez Magallón,Mexico,3,1,10,0.22,144,104,4,10,4,14,1,3,0,0,3,3,286,Left Center Midfield,0.3146853146853147,3.146853146853147,45.31468531468532,32.72727272727273,1.2587412587412588,3.146853146853147,1.2587412587412588,4.405594405594406,0.3146853146853147,0.9440559440559441,0.9440559440559441,0.9440559440559441,0.06923076923076923,1,0.7222222222222222,1,1.0,1,0.1,0.78,Midfielder,0.0,0.0
142,2022,Lucas Tolentino Coelho de Lima,Brazil,4,1,4,0.7,202,172,5,12,2,10,2,4,0,0,3,1,317,Right Defensive Midfield,0.28391167192429023,1.135646687697161,57.35015772870663,48.83280757097792,1.4195583596214512,3.406940063091483,0.5678233438485805,2.8391167192429023,0.5678233438485805,1.135646687697161,0.8517350157728707,0.28391167192429023,0.19873817034700314,1,0.8514851485148515,1,0.3333333333333333,1,0.25,0.30000000000000004,Midfielder,0.0,0.0
143,1970,Gérson de Oliveira Nunes,Brazil,4,1,12,0.4,218,195,8,2,5,19,0,6,1,0,1,1,313,Left Defensive Midfield,0.28753993610223644,3.450479233226837,62.68370607028754,56.0702875399361,2.3003194888178915,0.5750798722044729,1.4376996805111821,5.463258785942492,0.0,1.7252396166134185,0.28753993610223644,0.28753993610223644,0.11501597444089458,1,0.8944954128440367,1,1.0,1,0.08333333333333333,0.6,Midfielder,0.28753993610223644,0.0
144,2022,Lautaro Javier Martínez,Argentina,6,1,15,2.91,63,46,0,5,1,6,1,3,0,0,8,3,605,Left Center Forward,0.1487603305785124,2.231404958677686,9.37190082644628,6.8429752066115705,0.0,0.743801652892562,0.1487603305785124,0.8925619834710744,0.1487603305785124,0.4462809917355372,1.1900826446280992,0.4462809917355372,0.4328925619834711,1,0.7301587301587301,1,0.375,1,0.06666666666666667,-1.9100000000000001,Forward,0.0,0.0
145,2022,Bruno Petković,Croatia,6,1,1,0.1,80,44,4,19,0,9,0,3,0,0,3,3,559,Center Forward,0.16100178890876565,0.16100178890876565,12.880143112701251,7.084078711985689,0.6440071556350626,3.0590339892665472,0.0,1.4490161001788908,0.0,0.48300536672629696,0.48300536672629696,0.48300536672629696,0.016100178890876567,1,0.55,1,1.0,1,1.0,0.9,Forward,0.0,0.0
146,2022,Boulaye Dia,Senegal,4,1,8,0.66,53,39,1,7,1,9,0,4,1,0,6,4,326,Center Forward,0.27607361963190186,2.208588957055215,14.631901840490798,10.766871165644172,0.27607361963190186,1.9325153374233128,0.27607361963190186,2.4846625766871164,0.0,1.1042944785276074,1.656441717791411,1.1042944785276074,0.18220858895705522,1,0.7358490566037735,1,0.6666666666666666,1,0.125,0.33999999999999997,Forward,0.27607361963190186,0.0
147,2022,Aurélien Djani Tchouaméni,France,7,1,7,1.18,470,431,6,12,15,37,2,8,1,0,3,2,650,Right Defensive Midfield,0.13846153846153847,0.9692307692307692,65.07692307692308,59.676923076923075,0.8307692307692307,1.6615384615384614,2.076923076923077,5.123076923076923,0.27692307692307694,1.1076923076923078,0.41538461538461535,0.27692307692307694,0.16338461538461538,1,0.9170212765957447,1,0.6666666666666666,1,0.14285714285714285,-0.17999999999999994,Midfielder,0.13846153846153847,0.0
148,2022,Ao Tanaka,Japan,3,1,1,0.87,68,50,1,4,4,1,0,1,0,0,0,0,275,Left Defensive Midfield,0.32727272727272727,0.32727272727272727,22.254545454545458,16.363636363636363,0.32727272727272727,1.309090909090909,1.309090909090909,0.32727272727272727,0.0,0.32727272727272727,0.0,0.0,0.2847272727272727,1,0.7352941176470589,0,0.0,1,1.0,0.13,Midfielder,0.0,0.0
149,2022,André Ayew Pelé,Ghana,3,1,2,1.27,37,31,0,18,0,5,0,2,1,0,2,0,205,Center Attacking Midfield,0.43902439024390244,0.8780487804878049,16.243902439024392,13.609756097560977,0.0,7.902439024390244,0.0,2.1951219512195124,0.0,0.8780487804878049,0.8780487804878049,0.0,0.5575609756097561,1,0.8378378378378378,1,0.0,1,0.5,-0.27,Midfielder,0.43902439024390244,0.0
150,2022,Andreas Christensen,Denmark,3,1,2,0.53,250,236,0,8,6,11,1,2,1,0,1,1,284,Left Center Back,0.31690140845070425,0.6338028169014085,79.22535211267606,74.7887323943662,0.0,2.535211267605634,1.9014084507042255,3.4859154929577465,0.31690140845070425,0.6338028169014085,0.31690140845070425,0.31690140845070425,0.16795774647887327,1,0.944,1,1.0,1,0.5,0.47,Defender,0.31690140845070425,0.0
151,2022,Alphonso Davies,Canada,3,1,4,0.93,114,82,4,5,5,21,0,4,1,0,22,12,279,Left Midfield,0.3225806451612903,1.2903225806451613,36.774193548387096,26.451612903225804,1.2903225806451613,1.6129032258064515,1.6129032258064515,6.774193548387097,0.0,1.2903225806451613,7.096774193548387,3.8709677419354835,0.3,1,0.7192982456140351,1,0.5454545454545454,1,0.25,0.06999999999999995,Midfielder,0.3225806451612903,0.0
152,2022,Alexis Mac Allister,Argentina,6,1,7,0.5,271,242,7,21,4,29,2,1,0,0,6,5,548,Left Center Midfield,0.1642335766423358,1.1496350364963503,44.507299270073,39.74452554744526,1.1496350364963503,3.4489051094890515,0.6569343065693432,4.762773722627737,0.3284671532846716,0.1642335766423358,0.9854014598540146,0.8211678832116789,0.0821167883211679,1,0.8929889298892989,1,0.8333333333333334,1,0.14285714285714285,0.5,Midfielder,0.0,0.0
153,2022,Adrien Rabiot,France,6,1,9,0.73,285,246,1,19,10,24,2,9,1,0,3,1,574,Left Defensive Midfield,0.156794425087108,1.411149825783972,44.68641114982578,38.57142857142857,0.156794425087108,2.979094076655052,1.5679442508710801,3.763066202090592,0.313588850174216,1.411149825783972,0.470383275261324,0.156794425087108,0.11445993031358884,1,0.8631578947368421,1,0.3333333333333333,1,0.1111111111111111,0.27,Midfielder,0.156794425087108,0.0
154,2022,Achraf Hakimi Mouh,Morocco,7,1,5,0.92,380,314,6,31,11,43,1,10,0,0,8,3,653,Right Back,0.13782542113323124,0.6891271056661562,52.373660030627875,43.27718223583461,0.8269525267993875,4.272588055130169,1.5160796324655437,5.926493108728943,0.13782542113323124,1.3782542113323124,1.1026033690658499,0.41347626339969373,0.12679938744257274,1,0.8263157894736842,1,0.375,1,0.2,0.07999999999999996,Defender,0.0,0.0
155,2022,Achraf Dari,Morocco,3,1,1,0.42,107,96,0,5,3,8,0,3,1,0,0,0,253,Right Center Back,0.3557312252964427,0.3557312252964427,38.06324110671937,34.1501976284585,0.0,1.7786561264822136,1.0671936758893281,2.8458498023715415,0.0,1.0671936758893281,0.0,0.0,0.14940711462450593,1,0.897196261682243,0,0.0,1,1.0,0.5800000000000001,Defender,0.3557312252964427,0.0
156,2022,Abdelhamid Sabiri,Morocco,5,1,4,0.91,58,46,2,3,5,3,1,3,1,0,1,0,419,Left Center Midfield,0.21479713603818615,0.8591885441527446,12.458233890214796,9.880668257756563,0.4295942720763723,0.6443914081145584,1.0739856801909307,0.6443914081145584,0.21479713603818615,0.6443914081145584,0.21479713603818615,0.0,0.1954653937947494,1,0.7931034482758621,1,0.0,1,0.25,0.08999999999999997,Midfielder,0.21479713603818615,0.0
157,2018,Ángel Fabián Di María Hernández,Argentina,3,1,4,0.43,88,60,3,2,0,8,0,1,0,0,8,4,239,Left Wing,0.3765690376569038,1.5062761506276152,33.13807531380753,22.594142259414227,1.1297071129707112,0.7531380753138076,0.0,3.0125523012552304,0.0,0.3765690376569038,3.0125523012552304,1.5062761506276152,0.16192468619246864,1,0.6818181818181818,1,0.5,1,0.25,0.5700000000000001,Forward,0.0,0.0
158,2018,Yūya Ōsako,Japan,4,1,7,1.16,78,52,6,13,1,7,1,4,0,0,4,4,356,Center Forward,0.25280898876404495,1.7696629213483146,19.719101123595504,13.146067415730336,1.5168539325842696,3.286516853932584,0.25280898876404495,1.7696629213483146,0.25280898876404495,1.0112359550561798,1.0112359550561798,1.0112359550561798,0.2932584269662921,1,0.6666666666666666,1,1.0,1,0.14285714285714285,-0.15999999999999992,Forward,0.0,0.0
159,2018,Yussuf Yurary Poulsen,Denmark,3,1,2,0.35,79,56,1,10,4,14,2,9,2,0,15,10,272,Right Wing,0.33088235294117646,0.6617647058823529,26.139705882352942,18.529411764705884,0.33088235294117646,3.308823529411765,1.3235294117647058,4.632352941176471,0.6617647058823529,2.9779411764705883,4.963235294117647,3.308823529411765,0.11580882352941176,1,0.7088607594936709,1,0.6666666666666666,1,0.5,0.65,Forward,0.6617647058823529,0.0
160,2018,Yury Gazinskiy,Russia,4,1,2,0.16,126,99,1,4,1,15,0,6,1,0,0,0,351,Right Defensive Midfield,0.25641025641025644,0.5128205128205129,32.30769230769231,25.384615384615387,0.25641025641025644,1.0256410256410258,0.25641025641025644,3.8461538461538463,0.0,1.5384615384615385,0.0,0.0,0.041025641025641026,1,0.7857142857142857,0,0.0,1,0.5,0.84,Midfielder,0.25641025641025644,0.0
161,2018,Youssef En-Nesyri,Morocco,1,1,1,0.07,5,2,0,0,0,1,0,0,0,0,0,0,94,Center Forward,0.9574468085106382,0.9574468085106382,4.787234042553191,1.9148936170212765,0.0,0.0,0.0,0.9574468085106382,0.0,0.0,0.0,0.0,0.06702127659574468,1,0.4,0,0.0,1,1.0,0.9299999999999999,Forward,0.0,0.0
162,1974,Gerhard Müller,Germany,2,1,5,0.46,35,24,3,9,0,4,0,4,0,0,3,3,177,Left Center Forward,0.5084745762711864,2.5423728813559325,17.796610169491526,12.203389830508476,1.5254237288135595,4.576271186440678,0.0,2.0338983050847457,0.0,2.0338983050847457,1.5254237288135595,1.5254237288135595,0.2338983050847458,1,0.6857142857142857,1,1.0,1,0.2,0.54,Forward,0.0,0.0
163,2018,Young-Gwon Kim,South Korea,3,1,1,0.47,89,71,0,4,2,4,0,4,1,0,2,2,284,Left Center Back,0.31690140845070425,0.31690140845070425,28.204225352112676,22.5,0.0,1.267605633802817,0.6338028169014085,1.267605633802817,0.0,1.267605633802817,0.6338028169014085,0.6338028169014085,0.14894366197183098,1,0.797752808988764,1,1.0,1,1.0,0.53,Defender,0.31690140845070425,0.0
164,2018,Xherdan Shaqiri,Switzerland,4,1,12,0.64,197,149,9,5,3,23,0,4,0,0,14,8,361,Right Wing,0.24930747922437674,2.9916897506925206,49.11357340720222,37.146814404432135,2.2437673130193905,1.2465373961218837,0.7479224376731302,5.734072022160665,0.0,0.997229916897507,3.490304709141274,1.994459833795014,0.1595567867036011,1,0.7563451776649747,1,0.5714285714285714,1,0.08333333333333333,0.36,Forward,0.0,0.0
165,2018,Victor Moses,Nigeria,3,1,7,1.04,120,79,2,7,4,18,0,4,0,0,6,4,275,Right Midfield,0.32727272727272727,2.290909090909091,39.27272727272727,25.854545454545455,0.6545454545454545,2.290909090909091,1.309090909090909,5.8909090909090915,0.0,1.309090909090909,1.9636363636363638,1.309090909090909,0.3403636363636364,1,0.6583333333333333,1,0.6666666666666666,1,0.14285714285714285,-0.040000000000000036,Midfielder,0.0,0.0
166,2018,Toni Kroos,Germany,3,1,16,0.69,323,292,7,8,1,24,0,2,0,0,5,5,285,Left Center Midfield,0.31578947368421056,5.052631578947369,102.0,92.21052631578948,2.210526315789474,2.5263157894736845,0.31578947368421056,7.578947368421053,0.0,0.6315789473684211,1.5789473684210527,1.5789473684210527,0.21789473684210525,1,0.9040247678018576,1,1.0,1,0.0625,0.31000000000000005,Midfielder,0.0,0.0
167,2018,Thomas Meunier,Belgium,5,1,6,0.46,236,189,6,7,8,20,0,10,2,0,6,4,454,Right Wing Back,0.19823788546255508,1.1894273127753305,46.784140969163,37.46696035242291,1.1894273127753305,1.3876651982378856,1.5859030837004406,3.9647577092511015,0.0,1.9823788546255507,1.1894273127753305,0.7929515418502203,0.09118942731277534,1,0.8008474576271186,1,0.6666666666666666,1,0.16666666666666666,0.54,Defender,0.39647577092511016,0.0
168,2018,Thiago Emiliano da Silva,Brazil,5,1,6,0.77,289,266,1,7,8,24,0,2,0,0,0,0,468,Right Center Back,0.1923076923076923,1.1538461538461537,55.57692307692307,51.15384615384615,0.1923076923076923,1.346153846153846,1.5384615384615383,4.615384615384615,0.0,0.3846153846153846,0.0,0.0,0.14807692307692308,1,0.9204152249134948,0,0.0,1,0.16666666666666666,0.22999999999999998,Defender,0.0,0.0
169,2018,Steven Zuber,Switzerland,3,1,4,0.31,92,69,6,9,0,11,0,2,0,0,9,4,256,Left Wing,0.3515625,1.40625,32.34375,24.2578125,2.109375,3.1640625,0.0,3.8671875,0.0,0.703125,3.1640625,1.40625,0.108984375,1,0.75,1,0.4444444444444444,1,0.25,0.69,Forward,0.0,0.0
170,2018,Simon Thorup Kjær,Denmark,4,1,1,0.78,221,191,2,15,1,4,0,3,0,0,0,0,398,Right Center Back,0.22613065326633164,0.22613065326633164,49.97487437185929,43.19095477386934,0.4522613065326633,3.3919597989949746,0.22613065326633164,0.9045226130653266,0.0,0.6783919597989949,0.0,0.0,0.1763819095477387,1,0.8642533936651584,0,0.0,1,1.0,0.21999999999999997,Defender,0.0,0.0
171,2018,Shinji Kagawa,Japan,3,1,3,1.06,142,120,5,1,3,13,0,2,0,0,7,6,235,Center Attacking Midfield,0.3829787234042553,1.1489361702127658,54.38297872340426,45.95744680851064,1.9148936170212765,0.3829787234042553,1.1489361702127658,4.9787234042553195,0.0,0.7659574468085106,2.6808510638297873,2.2978723404255317,0.40595744680851065,1,0.8450704225352113,1,0.8571428571428571,1,0.3333333333333333,-0.06000000000000005,Midfielder,0.0,0.0
172,1974,Jürgen Sparwasser,German DR,2,1,4,0.24,44,33,4,8,0,5,1,4,0,0,2,2,173,Left Defensive Midfield,0.5202312138728323,2.0809248554913293,22.890173410404625,17.167630057803468,2.0809248554913293,4.161849710982659,0.0,2.601156069364162,0.5202312138728323,2.0809248554913293,1.0404624277456647,1.0404624277456647,0.12485549132947976,1,0.75,1,1.0,1,0.25,0.76,Midfielder,0.0,0.0
173,1974,Johnny Rep,Netherlands,5,1,13,2.05,152,103,6,18,2,24,0,18,2,0,13,8,447,Right Wing,0.20134228187919462,2.61744966442953,30.604026845637584,20.738255033557046,1.2080536912751678,3.6241610738255035,0.40268456375838924,4.832214765100671,0.0,3.6241610738255035,2.61744966442953,1.610738255033557,0.41275167785234895,1,0.6776315789473685,1,0.6153846153846154,1,0.07692307692307693,-1.0499999999999998,Forward,0.40268456375838924,0.0
174,2018,Sergio Ramos García,Spain,4,1,5,0.98,496,469,3,19,1,19,0,5,0,0,0,0,406,Left Center Back,0.22167487684729065,1.1083743842364533,109.95073891625616,103.96551724137932,0.6650246305418719,4.211822660098522,0.22167487684729065,4.211822660098522,0.0,1.1083743842364533,0.0,0.0,0.21724137931034482,1,0.9455645161290323,0,0.0,1,0.2,0.020000000000000018,Defender,0.0,0.0
175,2018,Samuel Yves Umtiti,France,6,1,2,0.09,214,184,1,5,7,17,0,7,0,0,2,2,533,Left Center Back,0.16885553470919323,0.33771106941838647,36.13508442776735,31.069418386491556,0.16885553470919323,0.8442776735459662,1.1819887429643527,2.870544090056285,0.0,1.1819887429643527,0.33771106941838647,0.33771106941838647,0.01519699812382739,1,0.8598130841121495,1,1.0,1,0.5,0.91,Defender,0.0,0.0
176,2018,Salman Mohammed Al Faraj,Saudi Arabia,3,1,3,0.97,266,227,9,6,7,16,0,3,0,0,11,6,278,Left Center Midfield,0.3237410071942446,0.9712230215827338,86.11510791366906,73.48920863309353,2.9136690647482015,1.9424460431654675,2.2661870503597124,5.179856115107913,0.0,0.9712230215827338,3.5611510791366907,1.9424460431654675,0.31402877697841725,1,0.8533834586466166,1,0.5454545454545454,1,0.3333333333333333,0.030000000000000027,Midfielder,0.0,0.0
177,2018,Salem Mohammed Al Dawsari,Saudi Arabia,3,1,7,0.26,164,150,5,9,6,19,0,4,0,0,19,13,275,Left Midfield,0.32727272727272727,2.290909090909091,53.67272727272728,49.09090909090909,1.6363636363636365,2.9454545454545458,1.9636363636363638,6.218181818181819,0.0,1.309090909090909,6.218181818181819,4.254545454545455,0.0850909090909091,1,0.9146341463414634,1,0.6842105263157895,1,0.14285714285714285,0.74,Midfielder,0.0,0.0
178,2018,Sadio Mané,Senegal,3,1,3,0.75,93,69,5,2,3,13,0,7,0,0,10,5,279,Left Wing,0.3225806451612903,0.9677419354838709,30.0,22.258064516129032,1.6129032258064515,0.6451612903225806,0.9677419354838709,4.193548387096774,0.0,2.258064516129032,3.225806451612903,1.6129032258064515,0.24193548387096772,1,0.7419354838709677,1,0.5,1,0.3333333333333333,0.25,Forward,0.0,0.0
179,2022,Nahuel Molina Lucero,Argentina,7,1,2,0.49,360,296,2,21,9,19,0,2,0,0,3,1,656,Right Back,0.13719512195121952,0.27439024390243905,49.390243902439025,40.609756097560975,0.27439024390243905,2.88109756097561,1.2347560975609757,2.606707317073171,0.0,0.27439024390243905,0.41158536585365857,0.13719512195121952,0.06722560975609757,1,0.8222222222222222,1,0.3333333333333333,1,0.5,0.51,Defender,0.0,0.0
180,2022,Moisés Isaac Caicedo Corozo,Ecuador,3,1,3,0.65,154,128,0,9,2,16,0,4,1,0,1,1,279,Left Defensive Midfield,0.3225806451612903,0.9677419354838709,49.67741935483871,41.29032258064516,0.0,2.903225806451613,0.6451612903225806,5.161290322580645,0.0,1.2903225806451613,0.3225806451612903,0.3225806451612903,0.20967741935483872,1,0.8311688311688312,1,1.0,1,0.3333333333333333,0.35,Midfielder,0.3225806451612903,0.0
181,2022,Mohammed Muntari,Qatar,3,1,3,0.18,19,17,1,3,0,3,0,2,0,0,0,0,279,Right Center Forward,0.3225806451612903,0.9677419354838709,6.129032258064516,5.483870967741935,0.3225806451612903,0.9677419354838709,0.0,0.9677419354838709,0.0,0.6451612903225806,0.0,0.0,0.058064516129032254,1,0.8947368421052632,0,0.0,1,0.3333333333333333,0.8200000000000001,Forward,0.0,0.0
182,2022,Mohamed Salisu,Ghana,3,1,2,0.43,149,106,0,13,3,8,0,6,0,0,0,0,296,Left Center Back,0.30405405405405406,0.6081081081081081,45.304054054054056,32.22972972972973,0.0,3.952702702702703,0.9121621621621622,2.4324324324324325,0.0,1.8243243243243243,0.0,0.0,0.13074324324324324,1,0.7114093959731543,0,0.0,1,0.5,0.5700000000000001,Defender,0.0,0.0
183,1970,Clodoaldo Tavares de Santana,Brazil,6,1,10,0.37,356,321,6,25,5,41,1,8,0,0,25,20,516,Right Defensive Midfield,0.1744186046511628,1.744186046511628,62.093023255813954,55.98837209302326,1.0465116279069768,4.3604651162790695,0.872093023255814,7.151162790697675,0.1744186046511628,1.3953488372093024,4.3604651162790695,3.488372093023256,0.06453488372093023,1,0.901685393258427,1,0.8,1,0.1,0.63,Midfielder,0.0,0.0
184,1970,Carlos Alberto Torres,Brazil,6,1,13,0.44,443,367,10,17,5,21,0,6,1,0,6,3,532,Right Back,0.16917293233082706,2.199248120300752,74.94360902255639,62.08646616541353,1.6917293233082706,2.87593984962406,0.8458646616541353,3.552631578947368,0.0,1.0150375939849623,1.0150375939849623,0.5075187969924811,0.07443609022556391,1,0.8284424379232506,1,0.5,1,0.07692307692307693,0.56,Defender,0.16917293233082706,0.0
185,2022,Mitchell Thomas Duke,Australia,4,1,7,0.25,68,36,1,16,2,12,1,7,1,0,2,1,270,Right Center Forward,0.3333333333333333,2.3333333333333335,22.666666666666668,12.0,0.3333333333333333,5.333333333333333,0.6666666666666666,4.0,0.3333333333333333,2.3333333333333335,0.6666666666666666,0.3333333333333333,0.08333333333333333,1,0.5294117647058824,1,0.5,1,0.14285714285714285,0.75,Forward,0.3333333333333333,0.0
186,2022,Michy Batshuayi Tunga,Belgium,2,1,6,0.62,23,15,1,4,0,4,0,5,0,0,1,1,151,Center Forward,0.5960264900662251,3.576158940397351,13.708609271523178,8.940397350993377,0.5960264900662251,2.3841059602649004,0.0,2.3841059602649004,0.0,2.980132450331126,0.5960264900662251,0.5960264900662251,0.3695364238410596,1,0.6521739130434783,1,1.0,1,0.16666666666666666,0.38,Forward,0.0,0.0
187,2022,Memphis Depay,Netherlands,5,1,10,1.18,127,96,3,8,1,8,0,4,0,0,13,3,417,Left Center Forward,0.2158273381294964,2.158273381294964,27.41007194244604,20.719424460431654,0.6474820143884892,1.7266187050359711,0.2158273381294964,1.7266187050359711,0.0,0.8633093525179856,2.805755395683453,0.6474820143884892,0.2546762589928057,1,0.7559055118110236,1,0.23076923076923078,1,0.1,-0.17999999999999994,Forward,0.0,0.0
188,2022,Mathew Leckie,Australia,4,1,1,0.11,103,69,1,17,2,16,3,8,0,0,14,3,339,Right Midfield,0.26548672566371684,0.26548672566371684,27.345132743362832,18.31858407079646,0.26548672566371684,4.513274336283186,0.5309734513274337,4.247787610619469,0.7964601769911505,2.1238938053097347,3.7168141592920354,0.7964601769911505,0.02920353982300885,1,0.6699029126213593,1,0.21428571428571427,1,1.0,0.89,Midfielder,0.0,0.0
189,2018,Roberto Firmino Barbosa de Oliveira,Brazil,4,1,6,1.61,41,32,1,7,1,5,0,2,0,0,5,2,382,Center Forward,0.2356020942408377,1.4136125654450262,9.659685863874346,7.539267015706806,0.2356020942408377,1.649214659685864,0.2356020942408377,1.1780104712041886,0.0,0.4712041884816754,1.1780104712041886,0.4712041884816754,0.3793193717277487,1,0.7804878048780488,1,0.4,1,0.16666666666666666,-0.6100000000000001,Forward,0.0,0.0
190,2018,Ricardo Andrade Quaresma Bernardo,Portugal,3,1,5,0.19,66,41,2,2,1,8,0,3,1,0,9,6,255,Right Midfield,0.3529411764705882,1.7647058823529411,23.294117647058822,14.470588235294118,0.7058823529411764,0.7058823529411764,0.3529411764705882,2.8235294117647056,0.0,1.0588235294117647,3.176470588235294,2.1176470588235294,0.06705882352941177,1,0.6212121212121212,1,0.6666666666666666,1,0.2,0.81,Midfielder,0.3529411764705882,0.0
191,2018,Renato Soares de Oliveira Augusto,Brazil,3,1,3,0.5,48,43,0,0,1,5,0,1,0,0,0,0,278,Left Center Midfield,0.3237410071942446,0.9712230215827338,15.53956834532374,13.920863309352518,0.0,0.0,0.3237410071942446,1.618705035971223,0.0,0.3237410071942446,0.0,0.0,0.1618705035971223,1,0.8958333333333334,0,0.0,1,0.3333333333333333,0.5,Midfielder,0.0,0.0
192,2018,Raphaël Varane,France,7,1,4,0.36,339,289,0,9,5,33,0,3,0,0,2,1,647,Right Center Back,0.1391035548686244,0.5564142194744977,47.15610510046368,40.200927357032455,0.0,1.2519319938176197,0.6955177743431221,4.590417310664606,0.0,0.41731066460587324,0.2782071097372488,0.1391035548686244,0.05007727975270479,1,0.8525073746312685,1,0.5,1,0.25,0.64,Defender,0.0,0.0
193,1974,Rob Rensenbrink,Netherlands,4,1,7,0.69,128,93,5,6,4,16,1,2,0,0,9,6,284,Left Wing,0.31690140845070425,2.2183098591549295,40.563380281690144,29.471830985915496,1.5845070422535212,1.9014084507042255,1.267605633802817,5.070422535211268,0.31690140845070425,0.6338028169014085,2.852112676056338,1.9014084507042255,0.2186619718309859,1,0.7265625,1,0.6666666666666666,1,0.14285714285714285,0.31000000000000005,Forward,0.0,0.0
194,1974,Paul Breitner,Germany,2,1,8,1.03,114,90,3,6,1,13,3,0,0,0,3,3,175,Left Back,0.5142857142857143,4.114285714285715,58.628571428571426,46.285714285714285,1.542857142857143,3.085714285714286,0.5142857142857143,6.685714285714286,1.542857142857143,0.0,1.542857142857143,1.542857142857143,0.5297142857142857,1,0.7894736842105263,1,1.0,1,0.125,-0.030000000000000027,Defender,0.0,0.0
195,2018,Paul Pogba,France,6,1,7,0.36,305,244,9,19,5,30,0,15,1,0,13,8,557,Left Center Midfield,0.1615798922800718,1.1310592459605027,49.2818671454219,39.42549371633752,1.4542190305206462,3.0700179533213645,0.8078994614003591,4.847396768402154,0.0,2.423698384201077,2.1005385996409336,1.2926391382405744,0.05816876122082585,1,0.8,1,0.6153846153846154,1,0.14285714285714285,0.64,Midfielder,0.1615798922800718,0.0
196,2018,Ola Toivonen,Sweden,5,1,5,0.51,102,60,4,17,0,6,0,7,0,0,5,1,405,Left Center Forward,0.2222222222222222,1.1111111111111112,22.666666666666668,13.333333333333334,0.8888888888888888,3.7777777777777777,0.0,1.3333333333333333,0.0,1.5555555555555556,1.1111111111111112,0.2222222222222222,0.11333333333333334,1,0.5882352941176471,1,0.2,1,0.2,0.49,Forward,0.0,0.0
197,2018,Nacer Chadli,Belgium,6,1,3,0.41,192,159,6,5,2,16,0,2,0,0,10,6,488,Right Back,0.1844262295081967,0.5532786885245902,35.40983606557377,29.323770491803277,1.1065573770491803,0.9221311475409836,0.3688524590163934,2.9508196721311473,0.0,0.3688524590163934,1.8442622950819672,1.1065573770491803,0.07561475409836065,1,0.828125,1,0.6,1,0.3333333333333333,0.5900000000000001,Defender,0.0,0.0
198,2018,Mário Figueira Fernandes,Russia,5,1,2,1.02,260,189,4,17,6,25,1,3,0,0,5,1,517,Right Back,0.17408123791102514,0.3481624758220503,45.26112185686654,32.90135396518375,0.6963249516441006,2.9593810444874276,1.0444874274661509,4.352030947775629,0.17408123791102514,0.5222437137330754,0.8704061895551257,0.17408123791102514,0.17756286266924565,1,0.7269230769230769,1,0.2,1,0.5,-0.020000000000000018,Defender,0.0,0.0
199,2018,Moussa Wagué,Senegal,3,1,1,0.08,90,67,5,1,4,7,1,1,0,0,4,4,276,Right Back,0.32608695652173914,0.32608695652173914,29.34782608695652,21.84782608695652,1.6304347826086956,0.32608695652173914,1.3043478260869565,2.282608695652174,0.32608695652173914,0.32608695652173914,1.3043478260869565,1.3043478260869565,0.02608695652173913,1,0.7444444444444445,1,1.0,1,1.0,0.92,Defender,0.0,0.0
200,2018,Milan Badelj,Croatia,3,1,3,0.97,73,65,2,5,3,6,0,4,0,0,2,2,337,Center Defensive Midfield,0.26706231454005935,0.8011869436201781,19.495548961424333,17.359050445103858,0.5341246290801187,1.3353115727002967,0.8011869436201781,1.6023738872403561,0.0,1.0682492581602374,0.5341246290801187,0.5341246290801187,0.25905044510385755,1,0.8904109589041096,1,1.0,1,0.3333333333333333,0.030000000000000027,Midfielder,0.0,0.0
201,2018,Michy Batshuayi Tunga,Belgium,3,1,8,2.52,27,21,1,3,0,5,0,0,0,0,5,4,277,Center Forward,0.3249097472924188,2.5992779783393503,8.772563176895307,6.8231046931407935,0.3249097472924188,0.9747292418772563,0.0,1.6245487364620939,0.0,0.0,1.6245487364620939,1.2996389891696751,0.8187725631768953,1,0.7777777777777778,1,0.8,1,0.125,-1.52,Forward,0.0,0.0
202,2018,Michael Krohn-Dehli,Denmark,1,1,1,0.78,11,11,1,0,0,0,0,0,0,0,0,0,123,Left Center Midfield,0.7317073170731707,0.7317073170731707,8.048780487804878,8.048780487804878,0.7317073170731707,0.0,0.0,0.0,0.0,0.0,0.0,0.0,0.5707317073170731,1,1.0,0,0.0,1,1.0,0.21999999999999997,Midfielder,0.0,0.0
203,2018,Mathias Jørgensen Jatta,Denmark,2,1,1,0.13,98,84,0,3,2,8,0,4,2,0,0,0,206,Left Center Back,0.4368932038834952,0.4368932038834952,42.81553398058253,36.699029126213595,0.0,1.3106796116504855,0.8737864077669903,3.4951456310679614,0.0,1.7475728155339807,0.0,0.0,0.056796116504854374,1,0.8571428571428571,0,0.0,1,1.0,0.87,Defender,0.8737864077669903,0.0
204,1974,Ruud Krol,Netherlands,5,1,8,0.25,266,213,3,14,7,27,1,13,0,0,16,10,444,Left Back,0.2027027027027027,1.6216216216216215,53.91891891891892,43.17567567567567,0.6081081081081081,2.8378378378378377,1.4189189189189189,5.472972972972973,0.2027027027027027,2.635135135135135,3.243243243243243,2.0270270270270268,0.05067567567567567,1,0.8007518796992481,1,0.625,1,0.125,0.75,Defender,0.0,0.0
205,2018,Marouane Fellaini-Bakkioui,Belgium,5,1,5,0.54,140,115,2,24,3,11,0,12,0,0,3,3,445,Right Center Midfield,0.20224719101123595,1.0112359550561798,28.314606741573034,23.258426966292134,0.4044943820224719,4.853932584269662,0.6067415730337078,2.2247191011235956,0.0,2.426966292134831,0.6067415730337078,0.6067415730337078,0.10921348314606742,1,0.8214285714285714,1,1.0,1,0.2,0.45999999999999996,Midfielder,0.0,0.0
206,2018,Marcus Rashford,England,6,1,6,1.36,89,68,2,2,0,12,0,5,0,0,16,10,613,Left Center Forward,0.1468189233278956,0.8809135399673736,13.06688417618271,9.9836867862969,0.2936378466557912,0.2936378466557912,0.0,1.7618270799347473,0.0,0.734094616639478,2.3491027732463294,1.468189233278956,0.19967373572593802,1,0.7640449438202247,1,0.625,1,0.16666666666666666,-0.3600000000000001,Forward,0.0,0.0
207,2018,Marco Reus,Germany,3,1,6,0.3,126,103,1,4,0,10,0,4,0,0,2,1,282,Center Attacking Midfield,0.3191489361702128,1.9148936170212767,40.212765957446805,32.87234042553192,0.3191489361702128,1.2765957446808511,0.0,3.1914893617021276,0.0,1.2765957446808511,0.6382978723404256,0.3191489361702128,0.09574468085106383,1,0.8174603174603174,1,0.5,1,0.16666666666666666,0.7,Midfielder,0.0,0.0
208,2018,Marcelo Brozović,Croatia,6,1,5,0.9,379,325,5,12,3,19,0,7,2,0,2,0,592,Center Defensive Midfield,0.15202702702702703,0.7601351351351352,57.61824324324325,49.40878378378378,0.7601351351351352,1.8243243243243243,0.4560810810810811,2.8885135135135136,0.0,1.0641891891891893,0.30405405405405406,0.0,0.13682432432432434,1,0.8575197889182058,1,0.0,1,0.2,0.09999999999999998,Midfielder,0.30405405405405406,0.0
209,2018,M'Baye Babacar Niang,Senegal,3,1,8,1.73,86,53,4,12,5,12,0,4,1,0,5,3,244,Left Center Forward,0.3688524590163934,2.9508196721311473,31.721311475409834,19.54918032786885,1.4754098360655736,4.426229508196721,1.8442622950819672,4.426229508196721,0.0,1.4754098360655736,1.8442622950819672,1.1065573770491803,0.6381147540983606,1,0.6162790697674418,1,0.6,1,0.125,-0.73,Forward,0.3688524590163934,0.0
210,2018,Luis Fernando Muriel Fruto,Colombia,2,1,2,0.85,30,20,0,4,0,6,0,3,0,0,4,1,215,Center Attacking Midfield,0.4186046511627907,0.8372093023255814,12.558139534883722,8.372093023255815,0.0,1.6744186046511629,0.0,2.511627906976744,0.0,1.255813953488372,1.6744186046511629,0.4186046511627907,0.3558139534883721,1,0.6666666666666666,1,0.25,1,0.5,0.15000000000000002,Midfielder,0.0,0.0
211,2018,Ludwig Augustinsson,Sweden,5,1,3,0.36,181,110,5,11,3,17,0,4,0,0,3,1,463,Left Back,0.19438444924406045,0.5831533477321814,35.183585313174945,21.38228941684665,0.9719222462203023,2.138228941684665,0.5831533477321814,3.3045356371490278,0.0,0.7775377969762418,0.5831533477321814,0.19438444924406045,0.06997840172786177,1,0.6077348066298343,1,0.3333333333333333,1,0.3333333333333333,0.64,Defender,0.0,0.0
212,2018,Lionel Andrés Messi Cuccittini,Argentina,4,1,18,1.88,202,163,8,8,0,22,1,5,0,0,28,21,372,Right Center Forward,0.24193548387096772,4.354838709677419,48.87096774193548,39.43548387096774,1.9354838709677418,1.9354838709677418,0.0,5.32258064516129,0.24193548387096772,1.2096774193548385,6.774193548387096,5.080645161290322,0.4548387096774193,1,0.806930693069307,1,0.75,1,0.05555555555555555,-0.8799999999999999,Forward,0.0,0.0
213,2018,Kléper Laveran Lima Ferreira,Portugal,4,1,3,0.4,167,131,0,13,6,12,0,2,0,0,1,1,363,Right Center Back,0.24793388429752067,0.7438016528925621,41.404958677685954,32.47933884297521,0.0,3.2231404958677685,1.4876033057851241,2.9752066115702482,0.0,0.49586776859504134,0.24793388429752067,0.24793388429752067,0.09917355371900827,1,0.7844311377245509,1,1.0,1,0.3333333333333333,0.6,Defender,0.0,0.0
214,2018,Khalid Boutaïb,Morocco,2,1,4,1.03,26,19,1,8,1,5,0,3,0,0,3,3,138,Center Forward,0.6521739130434783,2.608695652173913,16.956521739130434,12.391304347826086,0.6521739130434783,5.217391304347826,0.6521739130434783,3.260869565217391,0.0,1.9565217391304346,1.9565217391304346,1.9565217391304346,0.6717391304347826,1,0.7307692307692307,1,1.0,1,0.25,-0.030000000000000027,Forward,0.0,0.0
215,2018,Kevin De Bruyne,Belgium,6,1,12,0.55,350,276,19,9,6,33,2,5,1,0,11,8,555,Right Center Midfield,0.16216216216216214,1.9459459459459458,56.75675675675675,44.75675675675676,3.081081081081081,1.4594594594594594,0.9729729729729729,5.351351351351351,0.3243243243243243,0.8108108108108107,1.7837837837837838,1.2972972972972971,0.0891891891891892,1,0.7885714285714286,1,0.7272727272727273,1,0.08333333333333333,0.44999999999999996,Midfielder,0.16216216216216214,0.0
216,2018,Keisuke Honda,Japan,3,1,4,0.63,41,30,0,4,0,1,0,0,0,0,2,1,280,Center Attacking Midfield,0.3214285714285714,1.2857142857142856,13.178571428571429,9.642857142857142,0.0,1.2857142857142856,0.0,0.3214285714285714,0.0,0.0,0.6428571428571428,0.3214285714285714,0.20249999999999999,1,0.7317073170731707,1,0.5,1,0.25,0.37,Midfielder,0.0,0.0
217,2018,Karim Ansarifard,Iran,3,1,3,0.86,36,19,1,7,4,4,0,4,1,0,3,1,256,Left Midfield,0.3515625,1.0546875,12.65625,6.6796875,0.3515625,2.4609375,1.40625,1.40625,0.0,1.40625,1.0546875,0.3515625,0.30234374999999997,1,0.5277777777777778,1,0.3333333333333333,1,0.3333333333333333,0.14,Midfielder,0.3515625,0.0
218,2018,Juan Fernando Quintero Paniagua,Colombia,4,1,8,0.22,187,135,5,2,0,17,2,2,0,0,4,2,308,Center Attacking Midfield,0.29220779220779225,2.337662337662338,54.642857142857146,39.44805194805195,1.4610389610389611,0.5844155844155845,0.0,4.967532467532468,0.5844155844155845,0.5844155844155845,1.168831168831169,0.5844155844155845,0.0642857142857143,1,0.7219251336898396,1,0.5,1,0.125,0.78,Midfielder,0.0,0.0
219,2018,José Paulo Bezzera Maciel Júnior,Brazil,5,1,6,1.37,156,136,3,10,3,16,0,4,0,0,6,2,350,Right Center Midfield,0.2571428571428572,1.542857142857143,40.114285714285714,34.971428571428575,0.7714285714285715,2.5714285714285716,0.7714285714285715,4.114285714285715,0.0,1.0285714285714287,1.542857142857143,0.5142857142857143,0.3522857142857143,1,0.8717948717948718,1,0.3333333333333333,1,0.16666666666666666,-0.3700000000000001,Midfielder,0.0,0.0
220,2018,José Paolo Guerrero Gonzáles,Peru,3,1,9,1.1,48,30,1,13,0,4,0,3,0,0,3,0,279,Center Forward,0.3225806451612903,2.903225806451613,15.483870967741934,9.67741935483871,0.3225806451612903,4.193548387096774,0.0,1.2903225806451613,0.0,0.9677419354838709,0.9677419354838709,0.0,0.3548387096774194,1,0.625,1,0.0,1,0.1111111111111111,-0.10000000000000009,Forward,0.0,0.0
221,2018,José María Giménez de Vargas,Uruguay,4,1,4,0.33,170,142,0,17,8,6,0,3,0,0,1,0,373,Right Center Back,0.24128686327077745,0.9651474530831098,41.01876675603217,34.2627345844504,0.0,4.101876675603217,1.9302949061662196,1.4477211796246647,0.0,0.7238605898123324,0.24128686327077745,0.0,0.07962466487935657,1,0.8352941176470589,1,0.0,1,0.25,0.6699999999999999,Defender,0.0,0.0
222,2018,José Ignacio Fernández Iglesias,Spain,2,1,1,0.04,110,103,3,6,3,2,0,4,0,0,5,5,163,Right Back,0.5521472392638037,0.5521472392638037,60.736196319018404,56.87116564417178,1.656441717791411,3.312883435582822,1.656441717791411,1.1042944785276074,0.0,2.208588957055215,2.7607361963190185,2.7607361963190185,0.022085889570552148,1,0.9363636363636364,1,1.0,1,1.0,0.96,Defender,0.0,0.0
223,2018,Josip Drmic,Switzerland,2,1,4,0.42,20,15,1,3,0,2,0,1,0,0,1,0,185,Center Forward,0.4864864864864865,1.945945945945946,9.72972972972973,7.297297297297298,0.4864864864864865,1.4594594594594597,0.0,0.972972972972973,0.0,0.4864864864864865,0.4864864864864865,0.0,0.20432432432432435,1,0.75,1,0.0,1,0.25,0.5800000000000001,Forward,0.0,0.0
224,2022,Ramin Rezaeian,Iran,2,1,2,0.23,105,71,3,15,5,7,0,4,0,0,3,2,199,Right Back,0.4522613065326633,0.9045226130653266,47.48743718592964,32.11055276381909,1.3567839195979898,6.783919597989949,2.2613065326633164,3.165829145728643,0.0,1.809045226130653,1.3567839195979898,0.9045226130653266,0.10402010050251256,1,0.6761904761904762,1,0.6666666666666666,1,0.5,0.77,Defender,0.0,0.0
225,2022,Raheem Sterling,England,3,1,1,0.19,58,47,0,4,1,4,0,0,0,0,3,2,235,Left Wing,0.3829787234042553,0.3829787234042553,22.21276595744681,18.0,0.0,1.5319148936170213,0.3829787234042553,1.5319148936170213,0.0,0.0,1.1489361702127658,0.7659574468085106,0.07276595744680851,1,0.8103448275862069,1,0.6666666666666666,1,1.0,0.81,Forward,0.0,0.0
226,2022,Piotr Zieliński,Poland,4,1,3,0.58,153,124,7,9,2,15,0,3,0,0,4,3,336,Right Center Midfield,0.26785714285714285,0.8035714285714286,40.982142857142854,33.214285714285715,1.875,2.4107142857142856,0.5357142857142857,4.017857142857142,0.0,0.8035714285714286,1.0714285714285714,0.8035714285714286,0.15535714285714283,1,0.8104575163398693,1,0.75,1,0.3333333333333333,0.42000000000000004,Midfielder,0.0,0.0
227,2022,Phil Foden,England,2,1,5,1.23,57,44,2,3,0,4,0,3,0,0,2,2,191,Right Wing,0.4712041884816754,2.356020942408377,26.858638743455497,20.732984293193716,0.9424083769633508,1.4136125654450262,0.0,1.8848167539267016,0.0,1.4136125654450262,0.9424083769633508,0.9424083769633508,0.5795811518324607,1,0.7719298245614035,1,1.0,1,0.2,-0.22999999999999998,Forward,0.0,0.0
228,2022,Pedro Guilherme Abreu dos Santos,Brazil,2,1,5,1.22,15,12,0,3,1,1,0,2,0,0,1,0,219,Center Forward,0.4109589041095891,2.0547945205479454,6.164383561643836,4.931506849315069,0.0,1.2328767123287672,0.4109589041095891,0.4109589041095891,0.0,0.8219178082191781,0.4109589041095891,0.0,0.5013698630136987,1,0.8,1,0.0,1,0.2,-0.21999999999999997,Forward,0.0,0.0
229,2022,Paulo Bruno Exequiel Dybala,Argentina,2,1,1,0.78,13,9,1,5,0,1,0,1,0,0,1,0,217,Left Center Forward,0.4147465437788019,0.4147465437788019,5.391705069124424,3.7327188940092166,0.4147465437788019,2.0737327188940093,0.0,0.4147465437788019,0.0,0.4147465437788019,0.4147465437788019,0.0,0.32350230414746545,1,0.6923076923076923,1,0.0,1,1.0,0.21999999999999997,Forward,0.0,0.0
230,2022,Pablo Martín Páez Gavira,Spain,4,1,1,0.06,153,135,2,16,0,15,1,9,0,0,7,2,291,Right Center Midfield,0.30927835051546393,0.30927835051546393,47.31958762886598,41.75257731958763,0.6185567010309279,4.948453608247423,0.0,4.639175257731958,0.30927835051546393,2.783505154639175,2.1649484536082473,0.6185567010309279,0.018556701030927835,1,0.8823529411764706,1,0.2857142857142857,1,1.0,0.94,Midfielder,0.0,0.0
231,2022,Osman Bukari,Ghana,2,1,3,0.25,21,17,1,2,1,7,0,1,0,0,2,0,195,Right Wing,0.46153846153846156,1.3846153846153848,9.692307692307693,7.846153846153847,0.46153846153846156,0.9230769230769231,0.46153846153846156,3.230769230769231,0.0,0.46153846153846156,0.9230769230769231,0.0,0.11538461538461539,1,0.8095238095238095,1,0.0,1,0.3333333333333333,0.75,Forward,0.0,0.0
232,2018,Jesse Lingard,England,6,1,16,1.23,228,208,6,6,1,23,0,7,1,0,11,7,582,Right Center Midfield,0.15463917525773196,2.4742268041237114,35.25773195876289,32.16494845360825,0.9278350515463918,0.9278350515463918,0.15463917525773196,3.556701030927835,0.0,1.0824742268041236,1.7010309278350515,1.0824742268041236,0.1902061855670103,1,0.9122807017543859,1,0.6363636363636364,1,0.0625,-0.22999999999999998,Midfielder,0.15463917525773196,0.0
233,2018,Javier Hernández Balcázar,Mexico,4,1,6,0.54,67,50,5,4,2,8,0,2,0,0,10,5,336,Center Forward,0.26785714285714285,1.6071428571428572,17.94642857142857,13.392857142857142,1.3392857142857142,1.0714285714285714,0.5357142857142857,2.142857142857143,0.0,0.5357142857142857,2.6785714285714284,1.3392857142857142,0.14464285714285716,1,0.746268656716418,1,0.5,1,0.16666666666666666,0.45999999999999996,Forward,0.0,0.0
234,2018,Jan Vertonghen,Belgium,6,1,2,0.03,352,299,0,15,5,22,0,6,1,0,2,2,548,Left Center Back,0.1642335766423358,0.3284671532846716,57.81021897810219,49.105839416058394,0.0,2.4635036496350367,0.8211678832116789,3.613138686131387,0.0,0.9854014598540146,0.3284671532846716,0.3284671532846716,0.004927007299270073,1,0.8494318181818182,1,1.0,1,0.5,0.97,Defender,0.1642335766423358,0.0
235,2018,Jan Bednarek,Poland,3,1,1,0.21,170,147,0,1,5,11,0,2,1,0,1,1,274,Center Back,0.3284671532846716,0.3284671532846716,55.839416058394164,48.284671532846716,0.0,0.3284671532846716,1.6423357664233578,3.613138686131387,0.0,0.6569343065693432,0.3284671532846716,0.3284671532846716,0.06897810218978102,1,0.8647058823529412,1,1.0,1,1.0,0.79,Defender,0.3284671532846716,0.0
236,1986,José Luis Brown,Argentina,3,1,2,0.12,66,59,0,2,2,6,0,3,0,0,0,0,270,Center Back,0.3333333333333333,0.6666666666666666,22.0,19.666666666666668,0.0,0.6666666666666666,0.6666666666666666,2.0,0.0,1.0,0.0,0.0,0.04,1,0.8939393939393939,0,0.0,1,0.5,0.88,Defender,0.0,0.0
237,1986,Jorge Luis Burruchaga,Argentina,3,1,7,0.62,159,108,3,2,1,14,3,1,0,0,7,7,251,Left Center Midfield,0.35856573705179284,2.50996015936255,57.01195219123506,38.72509960159363,1.0756972111553786,0.7171314741035857,0.35856573705179284,5.0199203187251,1.0756972111553786,0.35856573705179284,2.50996015936255,2.50996015936255,0.22231075697211156,1,0.6792452830188679,1,1.0,1,0.14285714285714285,0.38,Midfielder,0.0,0.0
238,1986,Jorge Alberto Francisco Valdano Castellano,Argentina,3,1,7,1.06,82,63,3,9,1,10,2,9,1,0,13,8,271,Center Forward,0.33210332103321033,2.3247232472324724,27.232472324723247,20.922509225092252,0.996309963099631,2.988929889298893,0.33210332103321033,3.321033210332103,0.6642066420664207,2.988929889298893,4.317343173431734,2.6568265682656826,0.35202952029520296,1,0.7682926829268293,1,0.6153846153846154,1,0.14285714285714285,-0.06000000000000005,Forward,0.33210332103321033,0.0
239,1986,Gary Lineker,England,1,1,2,0.53,12,7,0,10,1,1,0,2,0,0,0,0,90,Left Center Forward,1.0,2.0,12.0,7.0,0.0,10.0,1.0,1.0,0.0,2.0,0.0,0.0,0.53,1,0.5833333333333334,0,0.0,1,0.5,0.47,Forward,0.0,0.0
240,2018,Iago Aspas Juncal,Spain,3,1,5,1.32,28,21,4,2,0,5,0,1,0,0,0,0,314,Center Forward,0.28662420382165604,1.4331210191082802,8.025477707006369,6.019108280254777,1.1464968152866242,0.5732484076433121,0.0,1.4331210191082802,0.0,0.28662420382165604,0.0,0.0,0.378343949044586,1,0.75,0,0.0,1,0.2,-0.32000000000000006,Forward,0.0,0.0
241,2018,Hirving Rodrigo Lozano Bahena,Mexico,4,1,12,0.82,90,71,5,6,8,13,1,7,0,0,24,14,322,Left Wing,0.2795031055900621,3.354037267080745,25.15527950310559,19.84472049689441,1.3975155279503104,1.6770186335403725,2.2360248447204967,3.633540372670807,0.2795031055900621,1.9565217391304346,6.70807453416149,3.913043478260869,0.2291925465838509,1,0.7888888888888889,1,0.5833333333333334,1,0.08333333333333333,0.18000000000000005,Forward,0.0,0.0
242,2018,Harry Maguire,England,7,1,11,0.78,434,381,4,11,6,25,0,7,0,0,5,3,702,Left Center Back,0.12820512820512822,1.4102564102564104,55.64102564102564,48.84615384615385,0.5128205128205129,1.4102564102564104,0.7692307692307693,3.2051282051282053,0.0,0.8974358974358975,0.6410256410256411,0.38461538461538464,0.1,1,0.8778801843317973,1,0.6,1,0.09090909090909091,0.21999999999999997,Defender,0.0,0.0
243,2018,Gylfi Þór Sigurðsson,Iceland,3,1,10,1.88,109,74,7,8,5,18,1,6,0,0,12,9,280,Left Defensive Midfield,0.3214285714285714,3.2142857142857144,35.035714285714285,23.785714285714285,2.25,2.571428571428571,1.6071428571428572,5.785714285714286,0.3214285714285714,1.9285714285714286,3.857142857142857,2.892857142857143,0.6042857142857142,1,0.6788990825688074,1,0.75,1,0.1,-0.8799999999999999,Midfielder,0.0,0.0
244,2018,Grzegorz Krychowiak,Poland,3,1,2,0.57,180,150,2,9,5,17,0,4,1,0,1,1,275,Right Center Midfield,0.32727272727272727,0.6545454545454545,58.909090909090914,49.09090909090909,0.6545454545454545,2.9454545454545458,1.6363636363636365,5.563636363636364,0.0,1.309090909090909,0.32727272727272727,0.32727272727272727,0.18654545454545454,1,0.8333333333333334,1,1.0,1,0.5,0.43000000000000005,Midfielder,0.32727272727272727,0.0
245,2018,Granit Xhaka,Switzerland,4,1,4,0.04,347,311,3,8,3,27,0,7,1,0,3,2,370,Left Center Midfield,0.24324324324324326,0.972972972972973,84.40540540540542,75.64864864864866,0.7297297297297298,1.945945945945946,0.7297297297297298,6.567567567567568,0.0,1.7027027027027029,0.7297297297297298,0.4864864864864865,0.009729729729729731,1,0.8962536023054755,1,0.6666666666666666,1,0.25,0.96,Midfielder,0.24324324324324326,0.0
246,2018,Gerard Piqué Bernabéu,Spain,4,1,9,2.01,354,323,2,9,2,25,0,4,1,0,0,0,396,Right Center Back,0.22727272727272727,2.0454545454545454,80.45454545454545,73.4090909090909,0.45454545454545453,2.0454545454545454,0.45454545454545453,5.681818181818182,0.0,0.9090909090909091,0.0,0.0,0.45681818181818173,1,0.9124293785310734,0,0.0,1,0.1111111111111111,-1.0099999999999998,Defender,0.22727272727272727,0.0
247,2018,Genki Haraguchi,Japan,3,1,3,0.2,86,73,2,12,4,6,1,4,0,0,3,2,247,Right Wing,0.3643724696356275,1.0931174089068827,31.336032388663966,26.59919028340081,0.728744939271255,4.372469635627531,1.45748987854251,2.1862348178137654,0.3643724696356275,1.45748987854251,1.0931174089068827,0.728744939271255,0.07287449392712551,1,0.8488372093023255,1,0.6666666666666666,1,0.3333333333333333,0.8,Forward,0.0,0.0
248,2018,Gabriel Iván Mercado,Argentina,3,1,1,0.28,185,158,0,5,4,9,1,8,1,0,1,0,272,Right Back,0.33088235294117646,0.33088235294117646,61.21323529411765,52.279411764705884,0.0,1.6544117647058825,1.3235294117647058,2.9779411764705883,0.33088235294117646,2.6470588235294117,0.33088235294117646,0.0,0.09264705882352943,1,0.8540540540540541,1,0.0,1,1.0,0.72,Defender,0.33088235294117646,0.0
249,2018,Fyodor Smolov,Russia,5,1,4,1.6,72,50,2,10,0,7,0,4,1,0,9,6,497,Center Forward,0.18108651911468812,0.7243460764587525,13.038229376257545,9.054325955734406,0.36217303822937624,1.8108651911468814,0.0,1.267605633802817,0.0,0.7243460764587525,1.6297786720321932,1.0865191146881288,0.289738430583501,1,0.6944444444444444,1,0.6666666666666666,1,0.25,-0.6000000000000001,Forward,0.18108651911468812,0.0
250,2018,Francisco Román Alarcón Suárez,Spain,4,1,10,0.82,475,414,10,5,1,14,0,1,0,0,41,30,404,Left Midfield,0.22277227722772278,2.227722772277228,105.81683168316832,92.22772277227723,2.227722772277228,1.113861386138614,0.22277227722772278,3.118811881188119,0.0,0.22277227722772278,9.133663366336634,6.683168316831683,0.18267326732673267,1,0.871578947368421,1,0.7317073170731707,1,0.1,0.18000000000000005,Midfielder,0.0,0.0
251,2018,Ferjani Sassi,Tunisia,3,1,5,1.04,153,125,3,7,2,14,0,5,2,0,1,1,198,Right Center Midfield,0.45454545454545453,2.2727272727272725,69.54545454545455,56.81818181818181,1.3636363636363635,3.1818181818181817,0.9090909090909091,6.363636363636363,0.0,2.2727272727272725,0.45454545454545453,0.45454545454545453,0.4727272727272727,1,0.8169934640522876,1,1.0,1,0.2,-0.040000000000000036,Midfielder,0.9090909090909091,0.0
252,2018,Felipe Abdiel Baloy Ramírez,Panama,1,1,1,0.17,16,16,0,0,0,1,0,0,0,0,0,0,93,Left Center Back,0.9677419354838709,0.9677419354838709,15.483870967741934,15.483870967741934,0.0,0.0,0.0,0.9677419354838709,0.0,0.0,0.0,0.0,0.16451612903225807,1,1.0,0,0.0,1,1.0,0.83,Defender,0.0,0.0
253,2018,Faustino Marcos Alberto Rojo,Argentina,3,1,2,0.09,162,142,1,5,8,10,0,3,0,0,1,1,229,Left Center Back,0.39301310043668125,0.7860262008733625,63.66812227074236,55.80786026200874,0.39301310043668125,1.9650655021834063,3.14410480349345,3.9301310043668125,0.0,1.1790393013100438,0.39301310043668125,0.39301310043668125,0.03537117903930131,1,0.8765432098765432,1,1.0,1,0.5,0.91,Defender,0.0,0.0
254,2018,Fakhreddine Ben Youssef,Tunisia,3,1,7,1.54,95,69,3,4,3,8,0,3,0,0,0,0,275,Right Midfield,0.32727272727272727,2.290909090909091,31.090909090909093,22.581818181818182,0.9818181818181819,1.309090909090909,0.9818181818181819,2.618181818181818,0.0,0.9818181818181819,0.0,0.0,0.504,1,0.7263157894736842,0,0.0,1,0.14285714285714285,-0.54,Midfielder,0.0,0.0
255,2018,Eric Dier,England,5,1,6,1.51,194,172,0,4,1,9,0,6,0,0,3,1,526,Center Defensive Midfield,0.1711026615969582,1.0266159695817492,33.19391634980989,29.429657794676807,0.0,0.6844106463878328,0.1711026615969582,1.5399239543726237,0.0,1.0266159695817492,0.5133079847908746,0.1711026615969582,0.25836501901140685,1,0.8865979381443299,1,0.3333333333333333,1,0.16666666666666666,-0.51,Midfielder,0.0,0.0
256,2018,Emil Peter Forsberg,Sweden,5,1,15,0.75,104,87,1,9,6,16,1,3,0,0,10,6,410,Left Midfield,0.21951219512195122,3.2926829268292686,22.82926829268293,19.097560975609756,0.21951219512195122,1.975609756097561,1.3170731707317074,3.5121951219512195,0.21951219512195122,0.6585365853658537,2.1951219512195124,1.3170731707317074,0.16463414634146342,1,0.8365384615384616,1,0.6,1,0.06666666666666667,0.25,Midfielder,0.0,0.0
257,2022,Strahinja Pavlović,Serbia,3,1,2,0.18,152,121,0,6,2,17,0,6,2,0,2,2,250,Left Center Back,0.36,0.72,54.72,43.56,0.0,2.16,0.72,6.12,0.0,2.16,0.72,0.72,0.0648,1,0.7960526315789473,1,1.0,1,0.5,0.8200000000000001,Defender,0.72,0.0
258,2022,Seung-Ho Paik,South Korea,1,1,1,0.02,24,19,0,3,1,2,1,1,0,0,0,0,93,Right Center Midfield,0.9677419354838709,0.9677419354838709,23.2258064516129,18.387096774193548,0.0,2.9032258064516125,0.9677419354838709,1.9354838709677418,0.9677419354838709,0.9677419354838709,0.0,0.0,0.019354838709677417,1,0.7916666666666666,0,0.0,1,1.0,0.98,Midfielder,0.0,0.0
259,2022,Sergej Milinković-Savić,Serbia,3,1,3,0.2,120,90,0,8,3,19,0,2,1,0,3,3,237,Left Attacking Midfield,0.379746835443038,1.139240506329114,45.56962025316456,34.177215189873415,0.0,3.037974683544304,1.139240506329114,7.215189873417722,0.0,0.759493670886076,1.139240506329114,1.139240506329114,0.0759493670886076,1,0.75,1,1.0,1,0.3333333333333333,0.8,Midfielder,0.379746835443038,0.0
260,2022,Serge Gnabry,Germany,3,1,12,0.73,113,85,5,10,5,19,1,2,0,0,6,3,272,Right Wing,0.33088235294117646,3.9705882352941178,37.38970588235294,28.125,1.6544117647058825,3.308823529411765,1.6544117647058825,6.286764705882353,0.33088235294117646,0.6617647058823529,1.9852941176470589,0.9926470588235294,0.24154411764705883,1,0.7522123893805309,1,0.5,1,0.08333333333333333,0.27,Forward,0.0,0.0
261,2022,Saleh Khalid Al Shehri,Saudi Arabia,3,1,3,0.15,46,32,1,11,1,8,2,7,1,0,5,2,223,Center Forward,0.40358744394618834,1.210762331838565,18.565022421524663,12.914798206278027,0.40358744394618834,4.439461883408072,0.40358744394618834,3.2286995515695067,0.8071748878923767,2.825112107623318,2.0179372197309418,0.8071748878923767,0.060538116591928245,1,0.6956521739130435,1,0.4,1,0.3333333333333333,0.85,Forward,0.40358744394618834,0.0
262,2022,Roozbeh Cheshmi,Iran,2,1,1,0.03,14,7,0,3,1,3,0,2,0,0,0,0,152,Center Back,0.5921052631578947,0.5921052631578947,8.289473684210526,4.144736842105263,0.0,1.7763157894736843,0.5921052631578947,1.7763157894736843,0.0,1.1842105263157894,0.0,0.0,0.017763157894736842,1,0.5,0,0.0,1,1.0,0.97,Defender,0.0,0.0
263,2022,Romain Saïss,Morocco,6,1,1,0.56,193,158,0,12,6,12,1,5,1,0,1,0,470,Left Center Back,0.19148936170212766,0.19148936170212766,36.95744680851064,30.25531914893617,0.0,2.2978723404255317,1.1489361702127658,2.2978723404255317,0.19148936170212766,0.9574468085106382,0.19148936170212766,0.0,0.1072340425531915,1,0.8186528497409327,1,0.0,1,1.0,0.43999999999999995,Defender,0.19148936170212766,0.0
264,2022,Ricardo Jorge Luz Horta,Portugal,3,1,3,0.46,47,31,1,2,2,5,0,3,0,0,0,0,285,Right Wing,0.31578947368421056,0.9473684210526316,14.842105263157896,9.789473684210527,0.31578947368421056,0.6315789473684211,0.6315789473684211,1.5789473684210527,0.0,0.9473684210526316,0.0,0.0,0.14526315789473684,1,0.6595744680851063,0,0.0,1,0.3333333333333333,0.54,Forward,0.0,0.0
265,2022,Remo Freuler,Switzerland,4,1,3,0.54,149,126,0,10,6,17,1,7,0,0,4,1,331,Right Defensive Midfield,0.2719033232628399,0.8157099697885197,40.51359516616314,34.259818731117825,0.0,2.719033232628399,1.6314199395770395,4.622356495468278,0.2719033232628399,1.9033232628398793,1.0876132930513596,0.2719033232628399,0.14682779456193354,1,0.8456375838926175,1,0.25,1,0.3333333333333333,0.45999999999999996,Midfielder,0.0,0.0
266,2022,Raphaël Adelino José Guerreiro,Portugal,4,1,3,0.4,191,163,4,3,2,9,0,2,0,0,1,0,340,Left Back,0.2647058823529412,0.7941176470588236,50.55882352941177,43.14705882352941,1.0588235294117647,0.7941176470588236,0.5294117647058824,2.3823529411764706,0.0,0.5294117647058824,0.2647058823529412,0.0,0.10588235294117648,1,0.8534031413612565,1,0.0,1,0.3333333333333333,0.6,Defender,0.0,0.0
267,2018,Dylan Daniel Mahmoud Bronn,Tunisia,2,1,1,0.16,53,41,1,2,1,7,0,1,0,0,0,0,115,Right Back,0.782608695652174,0.782608695652174,41.47826086956522,32.08695652173913,0.782608695652174,1.565217391304348,0.782608695652174,5.478260869565218,0.0,0.782608695652174,0.0,0.0,0.12521739130434784,1,0.7735849056603774,0,0.0,1,1.0,0.84,Defender,0.0,0.0
268,2018,Dries Mertens,Belgium,6,1,6,0.29,133,96,8,2,4,12,0,4,0,0,1,0,504,Right Attacking Midfield,0.17857142857142858,1.0714285714285714,23.75,17.142857142857142,1.4285714285714286,0.35714285714285715,0.7142857142857143,2.142857142857143,0.0,0.7142857142857143,0.17857142857142858,0.0,0.05178571428571428,1,0.7218045112781954,1,0.0,1,0.16666666666666666,0.71,Midfielder,0.0,0.0
269,1990,Claudio Paul Caniggia,Argentina,1,1,1,0.82,19,13,0,6,0,4,0,1,0,0,4,2,91,Center Forward,0.989010989010989,0.989010989010989,18.791208791208792,12.857142857142858,0.0,5.934065934065934,0.0,3.956043956043956,0.0,0.989010989010989,3.956043956043956,1.978021978021978,0.810989010989011,1,0.6842105263157895,1,0.5,1,1.0,0.18000000000000005,Forward,0.0,0.0
270,1986,Rudi Völler,Germany,1,1,4,0.54,10,6,0,3,0,0,0,1,0,0,0,0,92,Right Center Forward,0.9782608695652175,3.91304347826087,9.782608695652174,5.869565217391305,0.0,2.9347826086956523,0.0,0.0,0.0,0.9782608695652175,0.0,0.0,0.5282608695652175,1,0.6,0,0.0,1,0.25,0.45999999999999996,Forward,0.0,0.0
271,2018,Daler Kuzyaev,Russia,5,1,3,0.84,96,80,2,6,3,11,1,5,0,0,4,3,502,Right Center Midfield,0.17928286852589642,0.5378486055776893,17.21115537848606,14.342629482071715,0.35856573705179284,1.0756972111553786,0.5378486055776893,1.9721115537848606,0.17928286852589642,0.8964143426294822,0.7171314741035857,0.5378486055776893,0.150597609561753,1,0.8333333333333334,1,0.75,1,0.3333333333333333,0.16000000000000003,Midfielder,0.0,0.0
272,2018,Christian Dannemann Eriksen,Denmark,4,1,12,1.65,184,129,5,0,4,22,1,1,0,0,8,5,397,Center Attacking Midfield,0.22670025188916876,2.720403022670025,41.71284634760705,29.244332493702768,1.1335012594458438,0.0,0.906801007556675,4.987405541561713,0.22670025188916876,0.22670025188916876,1.81360201511335,1.1335012594458438,0.3740554156171284,1,0.7010869565217391,1,0.625,1,0.08333333333333333,-0.6499999999999999,Midfielder,0.0,0.0
273,2018,Carlos Alberto Vela Garrido,Mexico,4,1,10,1.91,122,100,12,6,1,20,1,3,0,0,17,11,322,Center Attacking Midfield,0.2795031055900621,2.795031055900621,34.099378881987576,27.95031055900621,3.354037267080745,1.6770186335403725,0.2795031055900621,5.590062111801242,0.2795031055900621,0.8385093167701863,4.751552795031055,3.074534161490683,0.5338509316770186,1,0.819672131147541,1,0.6470588235294118,1,0.1,-0.9099999999999999,Midfielder,0.0,0.0
274,2018,Blerim Džemaili,Switzerland,4,1,9,1.23,92,72,3,9,4,10,0,9,0,0,5,3,328,Center Attacking Midfield,0.27439024390243905,2.4695121951219514,25.243902439024392,19.75609756097561,0.8231707317073171,2.4695121951219514,1.0975609756097562,2.7439024390243905,0.0,2.4695121951219514,1.3719512195121952,0.8231707317073171,0.3375,1,0.782608695652174,1,0.6,1,0.1111111111111111,-0.22999999999999998,Midfielder,0.0,0.0
275,2018,Benjamin Pavard,France,6,1,4,0.14,320,261,2,16,9,17,0,9,0,0,1,0,555,Right Back,0.16216216216216214,0.6486486486486486,51.89189189189189,42.32432432432432,0.3243243243243243,2.5945945945945943,1.4594594594594594,2.7567567567567566,0.0,1.4594594594594594,0.16216216216216214,0.0,0.022702702702702703,1,0.815625,1,0.0,1,0.25,0.86,Defender,0.0,0.0
276,2018,Bamidele Alli,England,5,1,6,0.51,158,120,3,5,3,20,1,4,0,0,6,1,449,Left Center Midfield,0.20044543429844097,1.2026726057906458,31.670378619153674,24.053452115812917,0.6013363028953229,1.0022271714922049,0.6013363028953229,4.008908685968819,0.20044543429844097,0.8017817371937639,1.2026726057906458,0.20044543429844097,0.10222717149220491,1,0.759493670886076,1,0.16666666666666666,1,0.16666666666666666,0.49,Midfielder,0.0,0.0
277,2022,Yeltsin Ignacio Tejeda Valverde,Costa Rica,3,1,2,0.52,98,79,0,10,4,10,0,1,0,0,0,0,278,Left Defensive Midfield,0.3237410071942446,0.6474820143884892,31.72661870503597,25.575539568345324,0.0,3.237410071942446,1.2949640287769784,3.237410071942446,0.0,0.3237410071942446,0.0,0.0,0.1683453237410072,1,0.8061224489795918,0,0.0,1,0.5,0.48,Midfielder,0.0,0.0
278,2022,İlkay Gündoğan,Germany,3,1,6,1.13,163,148,1,8,1,18,1,3,0,0,4,2,189,Left Defensive Midfield,0.47619047619047616,2.857142857142857,77.61904761904762,70.47619047619047,0.47619047619047616,3.8095238095238093,0.47619047619047616,8.571428571428571,0.47619047619047616,1.4285714285714286,1.9047619047619047,0.9523809523809523,0.5380952380952381,1,0.9079754601226994,1,0.5,1,0.16666666666666666,-0.1299999999999999,Midfielder,0.0,0.0
279,1958,Claude Abbes,France,1,0,0,0.0,33,19,0,0,0,2,0,0,0,0,0,0,90,Goalkeeper,0.0,0.0,33.0,19.0,0.0,0.0,0.0,2.0,0.0,0.0,0.0,0.0,0.0,1,0.5757575757575758,0,0.0,0,0.0,0.0,Goalkeeper,0.0,0.0
280,1958,Dejalma Pereira Dias dos Santos,Brazil,1,0,0,0.0,58,42,2,4,0,9,0,1,0,0,0,0,90,Right Back,0.0,0.0,58.0,42.0,2.0,4.0,0.0,9.0,0.0,1.0,0.0,0.0,0.0,1,0.7241379310344828,0,0.0,0,0.0,0.0,Defender,0.0,0.0
281,1958,Gylmar dos Santos Neves,Brazil,2,0,0,0.0,52,31,0,0,0,7,0,0,0,0,0,0,178,Goalkeeper,0.0,0.0,26.29213483146067,15.674157303370785,0.0,0.0,0.0,3.539325842696629,0.0,0.0,0.0,0.0,0.0,1,0.5961538461538461,0,0.0,0,0.0,0.0,Goalkeeper,0.0,0.0
282,1958,Hideraldo Luis Bellini,Brazil,2,0,0,0.0,45,28,0,9,3,12,0,3,0,0,2,1,174,Right Center Back,0.0,0.0,23.275862068965516,14.482758620689655,0.0,4.655172413793103,1.5517241379310345,6.206896551724138,0.0,1.5517241379310345,1.0344827586206897,0.5172413793103449,0.0,1,0.6222222222222222,1,0.5,0,0.0,0.0,Defender,0.0,0.0
283,1958,Jean Vincent,France,1,0,1,0.04,38,27,2,6,2,11,0,3,0,0,4,4,90,Right Defensive Midfield,0.0,1.0,38.0,27.0,2.0,6.0,2.0,11.0,0.0,3.0,4.0,4.0,0.04,1,0.7105263157894737,1,1.0,1,0.0,-0.04,Midfielder,0.0,0.0
284,2022,Wojciech Szczęsny,Poland,4,0,0,0.0,146,88,0,0,0,18,0,1,0,0,1,1,373,Goalkeeper,0.0,0.0,35.22788203753351,21.233243967828415,0.0,0.0,0.0,4.343163538873994,0.0,0.24128686327077745,0.24128686327077745,0.24128686327077745,0.0,1,0.6027397260273972,1,1.0,0,0.0,0.0,Goalkeeper,0.0,0.0
285,2022,William Silva de Carvalho,Portugal,4,0,1,0.05,165,153,0,7,2,5,0,4,0,0,1,1,364,Center Defensive Midfield,0.0,0.24725274725274726,40.7967032967033,37.82967032967033,0.0,1.7307692307692308,0.4945054945054945,1.2362637362637363,0.0,0.989010989010989,0.24725274725274726,0.24725274725274726,0.012362637362637364,1,0.9272727272727272,1,1.0,1,0.0,-0.05,Midfielder,0.0,0.0
286,2022,William Saliba,France,1,0,0,0.0,37,37,1,0,0,4,0,0,0,0,1,1,102,Right Center Back,0.0,0.0,32.64705882352941,32.64705882352941,0.8823529411764706,0.0,0.0,3.5294117647058822,0.0,0.0,0.8823529411764706,0.8823529411764706,0.0,1,1.0,1,1.0,0,0.0,0.0,Defender,0.0,0.0
287,2022,Weverton Pereira da Silva,Brazil,1,0,0,0.0,5,4,0,0,0,0,0,0,0,0,0,0,90,Goalkeeper,0.0,0.0,5.0,4.0,0.0,0.0,0.0,0.0,0.0,0.0,0.0,0.0,0.0,1,0.8,0,0.0,0,0.0,0.0,Goalkeeper,0.0,0.0
288,2022,Weston McKennie,United States,4,0,5,0.38,146,117,3,5,1,16,0,7,1,0,2,1,271,Right Center Midfield,0.0,1.6605166051660516,48.48708487084871,38.85608856088561,0.996309963099631,1.6605166051660516,0.33210332103321033,5.313653136531365,0.0,2.3247232472324724,0.6642066420664207,0.33210332103321033,0.12619926199261994,1,0.8013698630136986,1,0.5,1,0.0,-0.38,Midfielder,0.33210332103321033,0.0
289,2022,Wayne Hennessey,Wales,2,0,0,0.0,66,52,0,0,0,12,0,1,0,1,0,0,179,Goalkeeper,0.0,0.0,33.18435754189944,26.145251396648042,0.0,0.0,0.0,6.033519553072626,0.0,0.5027932960893855,0.0,0.0,0.0,1,0.7878787878787878,0,0.0,0,0.0,0.0,Goalkeeper,0.0,0.5027932960893855
290,1958,Sigvard Parling,Sweden,1,0,0,0.0,25,14,0,7,2,7,0,1,0,0,2,2,90,Left Defensive Midfield,0.0,0.0,25.0,14.0,0.0,7.0,2.0,7.0,0.0,1.0,2.0,2.0,0.0,1,0.56,1,1.0,0,0.0,0.0,Midfielder,0.0,0.0
291,1958,Raymond Kaelbel,France,1,0,0,0.0,33,19,0,8,2,11,1,1,0,0,1,1,90,Right Center Back,0.0,0.0,33.0,19.0,0.0,8.0,2.0,11.0,1.0,1.0,1.0,1.0,0.0,1,0.5757575757575758,1,1.0,0,0.0,0.0,Defender,0.0,0.0
292,1958,Orlando Peçanha de Carvalho,Brazil,2,0,0,0.0,55,47,0,16,11,18,1,6,0,0,1,1,177,Left Center Back,0.0,0.0,27.966101694915256,23.898305084745765,0.0,8.135593220338983,5.593220338983051,9.152542372881356,0.5084745762711864,3.050847457627119,0.5084745762711864,0.5084745762711864,0.0,1,0.8545454545454545,1,1.0,0,0.0,0.0,Defender,0.0,0.0
293,2018,Ahmed Fathy Abdel Meneim Ibrahim,Egypt,3,0,1,0.01,168,127,3,18,5,8,0,9,1,0,1,0,278,Right Back,0.0,0.3237410071942446,54.38848920863309,41.115107913669064,0.9712230215827338,5.827338129496403,1.618705035971223,2.5899280575539567,0.0,2.9136690647482015,0.3237410071942446,0.0,0.003237410071942446,1,0.7559523809523809,1,0.0,1,0.0,-0.01,Defender,0.3237410071942446,0.0
294,2018,Ahmed Elsayed Ali Elsayed Hegazy,Egypt,3,0,0,0.0,125,93,0,6,6,9,0,2,1,0,0,0,279,Left Center Back,0.0,0.0,40.32258064516129,30.0,0.0,1.9354838709677418,1.9354838709677418,2.903225806451613,0.0,0.6451612903225806,0.0,0.0,0.0,1,0.744,0,0.0,0,0.0,0.0,Defender,0.3225806451612903,0.0
295,2018,Adrien Sebastian Perruchet Silva,Portugal,3,0,2,0.09,160,145,2,4,1,14,0,3,1,0,1,0,253,Right Defensive Midfield,0.0,0.7114624505928854,56.916996047430835,51.581027667984195,0.7114624505928854,1.4229249011857708,0.3557312252964427,4.980237154150198,0.0,1.0671936758893281,0.3557312252964427,0.0,0.032015810276679844,1,0.90625,1,0.0,1,0.0,-0.09,Midfielder,0.3557312252964427,0.0
296,2018,Adolfo Abdiel Machado,Panama,1,0,0,0.0,32,17,0,3,2,2,0,0,0,0,0,0,91,Right Back,0.0,0.0,31.64835164835165,16.813186813186814,0.0,2.967032967032967,1.978021978021978,1.978021978021978,0.0,0.0,0.0,0.0,0.0,1,0.53125,0,0.0,0,0.0,0.0,Defender,0.0,0.0
297,2018,Adem Ljajić,Serbia,3,0,1,0.05,77,59,3,3,0,11,0,2,1,0,8,6,237,Center Attacking Midfield,0.0,0.379746835443038,29.240506329113924,22.40506329113924,1.139240506329114,1.139240506329114,0.0,4.177215189873418,0.0,0.759493670886076,3.037974683544304,2.278481012658228,0.0189873417721519,1,0.7662337662337663,1,0.75,1,0.0,-0.05,Midfielder,0.379746835443038,0.0
298,2018,Achraf Hakimi Mouh,Morocco,3,0,1,0.03,122,97,5,8,1,14,0,2,0,0,7,5,282,Left Back,0.0,0.3191489361702128,38.93617021276596,30.95744680851064,1.5957446808510638,2.5531914893617023,0.3191489361702128,4.468085106382979,0.0,0.6382978723404256,2.2340425531914896,1.5957446808510638,0.009574468085106383,1,0.7950819672131147,1,0.7142857142857143,1,0.0,-0.03,Defender,0.0,0.0
299,2018,Abdullah Ibrahim Otayf,Saudi Arabia,3,0,2,0.13,257,233,1,4,9,15,0,3,0,0,4,3,248,Center Defensive Midfield,0.0,0.7258064516129032,93.26612903225806,84.55645161290323,0.3629032258064516,1.4516129032258065,3.2661290322580645,5.443548387096774,0.0,1.0887096774193548,1.4516129032258065,1.0887096774193548,0.04717741935483871,1,0.9066147859922179,1,0.75,1,0.0,-0.13,Midfielder,0.0,0.0
300,2018,Abdullah Ibrahim Al Maiouf,Saudi Arabia,1,0,0,0.0,35,15,0,0,0,4,0,0,0,0,0,0,93,Goalkeeper,0.0,0.0,33.87096774193548,14.516129032258062,0.0,0.0,0.0,3.8709677419354835,0.0,0.0,0.0,0.0,0.0,1,0.42857142857142855,0,0.0,0,0.0,0.0,Goalkeeper,0.0,0.0
301,2018,Abdiel Arroyo Molinar,Panama,2,0,0,0.0,6,5,2,1,1,1,0,1,0,0,1,0,185,Right Wing,0.0,0.0,2.9189189189189193,2.4324324324324325,0.972972972972973,0.4864864864864865,0.4864864864864865,0.4864864864864865,0.0,0.4864864864864865,0.4864864864864865,0.0,0.0,1,0.8333333333333334,1,0.0,0,0.0,0.0,Forward,0.0,0.0
302,2018,Abdalla Mahmoud El Said Bekhit,Egypt,3,0,2,0.1,147,113,4,8,2,8,0,1,0,0,0,0,238,Center Attacking Midfield,0.0,0.7563025210084033,55.588235294117645,42.73109243697479,1.5126050420168067,3.0252100840336134,0.7563025210084033,3.0252100840336134,0.0,0.37815126050420167,0.0,0.0,0.03781512605042017,1,0.7687074829931972,0,0.0,1,0.0,-0.1,Midfielder,0.0,0.0
303,2018,Aaron Mooy,Australia,3,0,3,0.05,206,168,11,6,3,19,0,4,0,0,1,1,273,Left Center Midfield,0.0,0.989010989010989,67.91208791208791,55.38461538461539,3.6263736263736264,1.978021978021978,0.989010989010989,6.263736263736264,0.0,1.3186813186813187,0.32967032967032966,0.32967032967032966,0.016483516483516484,1,0.8155339805825242,1,1.0,1,0.0,-0.05,Midfielder,0.0,0.0
304,1990,Óscar Alfredo Ruggeri Zocola,Argentina,1,0,1,0.05,25,19,0,3,1,3,0,2,0,0,2,2,92,Left Center Back,0.0,0.9782608695652175,24.456521739130437,18.586956521739133,0.0,2.9347826086956523,0.9782608695652175,2.9347826086956523,0.0,1.956521739130435,1.956521739130435,1.956521739130435,0.04891304347826088,1,0.76,1,1.0,1,0.0,-0.05,Defender,0.0,0.0
305,1990,Valdo Cândido de Oliveira Filho,Brazil,1,0,0,0.0,56,41,3,4,0,4,0,0,0,0,8,7,92,Center Attacking Midfield,0.0,0.0,54.78260869565218,40.108695652173914,2.9347826086956523,3.91304347826087,0.0,3.91304347826087,0.0,0.0,7.82608695652174,6.847826086956522,0.0,1,0.7321428571428571,1,0.875,0,0.0,0.0,Midfielder,0.0,0.0
306,2022,Yuto Nagatomo,Japan,4,0,0,0.0,108,81,1,8,3,9,2,6,0,0,4,4,209,Left Wing Back,0.0,0.0,46.507177033492816,34.880382775119614,0.43062200956937796,3.4449760765550237,1.2918660287081338,3.8755980861244015,0.8612440191387559,2.5837320574162677,1.7224880382775118,1.7224880382775118,0.0,1,0.75,1,1.0,0,0.0,0.0,Defender,0.0,0.0
307,1990,Luís Antônio Corrêa da Costa,Brazil,1,0,3,0.45,21,15,2,1,0,4,0,5,0,0,2,0,92,Right Center Forward,0.0,2.9347826086956523,20.543478260869566,14.673913043478262,1.956521739130435,0.9782608695652175,0.0,3.91304347826087,0.0,4.891304347826087,1.956521739130435,0.0,0.4402173913043479,1,0.7142857142857143,1,0.0,1,0.0,-0.45,Forward,0.0,0.0
308,1990,Julio Jorge Olarticoechea,Argentina,1,0,0,0.0,23,18,0,8,1,4,0,5,0,0,0,0,90,Left Midfield,0.0,0.0,23.0,18.0,0.0,8.0,1.0,4.0,0.0,5.0,0.0,0.0,0.0,1,0.782608695652174,0,0.0,0,0.0,0.0,Midfielder,0.0,0.0
309,1990,Juan Ernesto Simón,Argentina,1,0,0,0.0,21,18,0,3,0,5,0,2,0,0,1,1,90,Right Center Back,0.0,0.0,21.0,18.0,0.0,3.0,0.0,5.0,0.0,2.0,1.0,1.0,0.0,1,0.8571428571428571,1,1.0,0,0.0,0.0,Defender,0.0,0.0
310,1990,José Horacio Basualdo,Argentina,1,0,0,0.0,23,16,0,3,1,5,0,0,0,0,5,4,92,Right Back,0.0,0.0,22.5,15.65217391304348,0.0,2.9347826086956523,0.9782608695652175,4.891304347826087,0.0,0.0,4.891304347826087,3.91304347826087,0.0,1,0.6956521739130435,1,0.8,0,0.0,0.0,Defender,0.0,0.0
311,1990,Jorge Luis Burruchaga,Argentina,1,0,1,0.02,36,25,0,2,0,10,0,1,0,0,2,2,91,Right Defensive Midfield,0.0,0.989010989010989,35.604395604395606,24.725274725274726,0.0,1.978021978021978,0.0,9.89010989010989,0.0,0.989010989010989,1.978021978021978,1.978021978021978,0.019780219780219783,1,0.6944444444444444,1,1.0,1,0.0,-0.02,Midfielder,0.0,0.0
312,1990,Jorge José de Amorim Campos,Brazil,1,0,1,0.16,54,38,0,6,0,6,0,3,0,0,3,0,92,Right Wing Back,0.0,0.9782608695652175,52.82608695652174,37.173913043478265,0.0,5.869565217391305,0.0,5.869565217391305,0.0,2.9347826086956523,2.9347826086956523,0.0,0.1565217391304348,1,0.7037037037037037,1,0.0,1,0.0,-0.16,Defender,0.0,0.0
313,2018,Alfred John Momar N'Diaye,Senegal,2,0,1,0.11,47,38,0,2,2,5,0,1,0,0,1,1,150,Left Center Midfield,0.0,0.6,28.2,22.8,0.0,1.2,1.2,3.0,0.0,0.6,0.6,0.6,0.066,1,0.8085106382978723,1,1.0,1,0.0,-0.11,Midfielder,0.0,0.0
314,2018,Alex Iwobi,Nigeria,3,0,4,0.16,24,17,1,0,0,5,0,1,0,0,2,0,250,Left Defensive Midfield,0.0,1.44,8.64,6.12,0.36,0.0,0.0,1.8,0.0,0.36,0.72,0.0,0.057600000000000005,1,0.7083333333333334,1,0.0,1,0.0,-0.16,Midfielder,0.0,0.0
315,2018,Aleksandr Samedov,Russia,5,0,2,0.08,155,113,6,9,5,20,0,9,0,0,6,4,363,Right Wing,0.0,0.49586776859504134,38.429752066115704,28.016528925619834,1.4876033057851241,2.231404958677686,1.2396694214876034,4.958677685950414,0.0,2.231404958677686,1.4876033057851241,0.9917355371900827,0.019834710743801654,1,0.7290322580645161,1,0.6666666666666666,1,0.0,-0.08,Forward,0.0,0.0
316,2018,Aleksandr Erokhin,Russia,2,0,3,0.42,17,8,1,2,0,2,0,2,0,0,1,0,240,Right Wing,0.0,1.125,6.375,3.0,0.375,0.75,0.0,0.75,0.0,0.75,0.375,0.0,0.1575,1,0.47058823529411764,1,0.0,1,0.0,-0.42,Forward,0.0,0.0
317,2018,Aleksandar Prijović,Serbia,1,0,0,0.0,3,2,0,0,0,0,0,0,0,0,0,0,97,Center Forward,0.0,0.0,2.7835051546391756,1.8556701030927836,0.0,0.0,0.0,0.0,0.0,0.0,0.0,0.0,0.0,1,0.6666666666666666,0,0.0,0,0.0,0.0,Forward,0.0,0.0
318,2018,Albin Ekdal,Sweden,5,0,3,0.26,169,133,0,13,8,22,1,5,1,0,11,9,428,Left Center Midfield,0.0,0.6308411214953271,35.53738317757009,27.96728971962617,0.0,2.7336448598130842,1.6822429906542056,4.626168224299065,0.2102803738317757,1.0514018691588785,2.3130841121495327,1.8925233644859814,0.054672897196261686,1,0.7869822485207101,1,0.8181818181818182,1,0.0,-0.26,Midfielder,0.2102803738317757,0.0
319,2018,Alberto Junior Rodríguez Valdelomar,Peru,2,0,2,0.13,56,49,0,1,2,5,0,1,0,0,1,0,138,Left Center Back,0.0,1.3043478260869565,36.52173913043478,31.956521739130434,0.0,0.6521739130434783,1.3043478260869565,3.260869565217391,0.0,0.6521739130434783,0.6521739130434783,0.0,0.08478260869565217,1,0.875,1,0.0,1,0.0,-0.13,Defender,0.0,0.0
320,2018,Albert Gudmundsson,Iceland,1,0,0,0.0,2,0,0,0,0,0,0,0,0,0,0,0,91,Right Center Forward,0.0,0.0,1.978021978021978,0.0,0.0,0.0,0.0,0.0,0.0,0.0,0.0,0.0,0.0,1,0.0,0,0.0,0,0.0,0.0,Forward,0.0,0.0
321,2018,Ahmed Khalil,Tunisia,1,0,0,0.0,7,5,0,0,1,0,0,2,0,0,1,0,93,Left Center Midfield,0.0,0.0,6.774193548387096,4.838709677419354,0.0,0.0,0.9677419354838709,0.0,0.0,1.9354838709677418,0.9677419354838709,0.0,0.0,1,0.7142857142857143,1,0.0,0,0.0,0.0,Midfielder,0.0,0.0
322,2018,Alisson Ramsés Becker,Brazil,5,0,0,0.0,67,55,0,0,0,16,0,0,0,0,0,0,452,Goalkeeper,0.0,0.0,13.340707964601771,10.951327433628318,0.0,0.0,0.0,3.185840707964602,0.0,0.0,0.0,0.0,0.0,1,0.8208955223880597,0,0.0,0,0.0,0.0,Goalkeeper,0.0,0.0
323,2018,Alireza Safar Beiranvand,Iran,3,0,0,0.0,61,25,0,0,0,9,0,0,0,0,0,0,268,Goalkeeper,0.0,0.0,20.48507462686567,8.395522388059701,0.0,0.0,0.0,3.0223880597014925,0.0,0.0,0.0,0.0,0.0,1,0.4098360655737705,0,0.0,0,0.0,0.0,Goalkeeper,0.0,0.0
324,2018,Alireza Jahanbakhsh,Iran,3,0,2,0.09,49,28,3,10,2,10,0,5,1,0,6,5,246,Right Midfield,0.0,0.7317073170731707,17.926829268292682,10.24390243902439,1.0975609756097562,3.658536585365854,0.7317073170731707,3.658536585365854,0.0,1.829268292682927,2.1951219512195124,1.829268292682927,0.032926829268292684,1,0.5714285714285714,1,0.8333333333333334,1,0.0,-0.09,Midfielder,0.36585365853658536,0.0
325,2018,Ali Maâloul,Tunisia,2,0,0,0.0,112,96,4,2,1,5,0,1,0,0,1,1,179,Left Back,0.0,0.0,56.31284916201117,48.26815642458101,2.011173184357542,1.005586592178771,0.5027932960893855,2.5139664804469275,0.0,0.5027932960893855,0.5027932960893855,0.5027932960893855,0.0,1,0.8571428571428571,1,1.0,0,0.0,0.0,Defender,0.0,0.0
326,2018,Ali Gabr,Egypt,3,0,1,0.06,82,62,0,5,1,5,0,3,1,0,0,0,273,Right Center Back,0.0,0.32967032967032966,27.032967032967033,20.43956043956044,0.0,1.6483516483516485,0.32967032967032966,1.6483516483516485,0.0,0.989010989010989,0.0,0.0,0.01978021978021978,1,0.7560975609756098,0,0.0,1,0.0,-0.06,Defender,0.32967032967032966,0.0
327,2018,Ali Albulayhi,Saudi Arabia,1,0,0,0.0,42,36,0,1,3,3,0,0,0,0,0,0,93,Left Center Back,0.0,0.0,40.64516129032258,34.83870967741935,0.0,0.9677419354838709,2.9032258064516125,2.9032258064516125,0.0,0.0,0.0,0.0,0.0,1,0.8571428571428571,0,0.0,0,0.0,0.0,Defender,0.0,0.0
328,1990,Ricardo Roberto Barreto da Rocha,Brazil,1,0,1,0.11,52,48,0,4,1,5,0,2,1,0,0,0,91,Right Center Back,0.0,0.989010989010989,51.42857142857143,47.472527472527474,0.0,3.956043956043956,0.989010989010989,4.945054945054945,0.0,1.978021978021978,0.0,0.0,0.1087912087912088,1,0.9230769230769231,0,0.0,1,0.0,-0.11,Defender,0.989010989010989,0.0
329,1990,Ricardo Omar Giusti,Argentina,1,0,0,0.0,29,23,1,8,1,3,0,4,1,0,1,1,90,Right Midfield,0.0,0.0,29.0,23.0,1.0,8.0,1.0,3.0,0.0,4.0,1.0,1.0,0.0,1,0.7931034482758621,1,1.0,0,0.0,0.0,Midfielder,1.0,0.0
330,1990,Paulo Silas do Prado Pereira,Brazil,1,0,0,0.0,5,2,0,0,0,0,0,0,0,0,0,0,92,Right Defensive Midfield,0.0,0.0,4.891304347826087,1.956521739130435,0.0,0.0,0.0,0.0,0.0,0.0,0.0,0.0,0.0,1,0.4,0,0.0,0,0.0,0.0,Midfielder,0.0,0.0
331,2018,Ari Freyr Skúlason,Iceland,2,0,0,0.0,7,7,1,1,0,1,0,0,0,0,1,0,189,Right Midfield,0.0,0.0,3.333333333333333,3.333333333333333,0.47619047619047616,0.47619047619047616,0.0,0.47619047619047616,0.0,0.0,0.47619047619047616,0.0,0.0,1,1.0,1,0.0,0,0.0,0.0,Midfielder,0.0,0.0
332,2018,Aníbal Cesis Godoy,Panama,3,0,2,0.21,106,95,0,4,6,7,0,7,0,0,4,2,247,Left Center Midfield,0.0,0.728744939271255,38.62348178137652,34.61538461538461,0.0,1.45748987854251,2.1862348178137654,2.5506072874493926,0.0,2.5506072874493926,1.45748987854251,0.728744939271255,0.07651821862348178,1,0.8962264150943396,1,0.5,1,0.0,-0.21,Midfielder,0.0,0.0
333,2018,Antonio Rüdiger,Germany,1,0,0,0.0,86,80,0,3,0,5,0,2,0,0,0,0,92,Left Center Back,0.0,0.0,84.1304347826087,78.26086956521739,0.0,2.9347826086956523,0.0,4.891304347826087,0.0,1.956521739130435,0.0,0.0,0.0,1,0.9302325581395349,0,0.0,0,0.0,0.0,Defender,0.0,0.0
334,2018,Antonio Rukavina,Serbia,2,0,0,0.0,45,37,1,4,1,10,0,3,0,0,0,0,182,Right Back,0.0,0.0,22.252747252747252,18.296703296703296,0.4945054945054945,1.978021978021978,0.4945054945054945,4.945054945054945,0.0,1.4835164835164836,0.0,0.0,0.0,1,0.8222222222222222,0,0.0,0,0.0,0.0,Defender,0.0,0.0
335,2018,Anice Badri,Tunisia,3,0,3,0.17,81,76,1,5,3,3,0,5,1,0,6,5,275,Left Center Midfield,0.0,0.9818181818181819,26.50909090909091,24.872727272727275,0.32727272727272727,1.6363636363636365,0.9818181818181819,0.9818181818181819,0.0,1.6363636363636365,1.9636363636363638,1.6363636363636365,0.055636363636363644,1,0.9382716049382716,1,0.8333333333333334,1,0.0,-0.17,Midfielder,0.32727272727272727,0.0
336,2018,Anga Dedryck Boyata,Belgium,3,0,1,0.1,192,181,0,4,5,8,0,5,0,0,0,0,276,Center Back,0.0,0.32608695652173914,62.60869565217391,59.02173913043478,0.0,1.3043478260869565,1.6304347826086956,2.608695652173913,0.0,1.6304347826086956,0.0,0.0,0.03260869565217391,1,0.9427083333333334,0,0.0,1,0.0,-0.1,Defender,0.0,0.0
337,2018,Andrés Mateus Uribe Villa,Colombia,3,0,3,0.89,88,76,0,8,2,11,0,2,0,0,4,3,300,Left Center Midfield,0.0,0.8999999999999999,26.4,22.8,0.0,2.4,0.6,3.3,0.0,0.6,1.2,0.8999999999999999,0.267,1,0.8636363636363636,1,0.75,1,0.0,-0.89,Midfielder,0.0,0.0
338,2018,André Miguel Valente Silva,Portugal,3,0,2,0.12,31,24,0,1,0,4,0,0,0,0,3,3,282,Right Center Forward,0.0,0.6382978723404256,9.893617021276595,7.659574468085107,0.0,0.3191489361702128,0.0,1.2765957446808511,0.0,0.0,0.9574468085106383,0.9574468085106383,0.03829787234042553,1,0.7741935483870968,1,1.0,1,0.0,-0.12,Forward,0.0,0.0
339,2018,Andrija Živković,Serbia,1,0,1,0.01,13,10,1,0,0,3,0,0,0,0,0,0,91,Center Attacking Midfield,0.0,0.989010989010989,12.857142857142858,9.89010989010989,0.989010989010989,0.0,0.0,2.967032967032967,0.0,0.0,0.0,0.0,0.009890109890109891,1,0.7692307692307693,0,0.0,1,0.0,-0.01,Midfielder,0.0,0.0
340,2018,Andrew Nabbout,Australia,2,0,0,0.0,20,14,1,1,0,0,1,1,0,0,2,1,137,Center Forward,0.0,0.0,13.138686131386862,9.197080291970803,0.6569343065693432,0.6569343065693432,0.0,0.0,0.6569343065693432,0.6569343065693432,1.3138686131386863,0.6569343065693432,0.0,1,0.7,1,0.5,0,0.0,0.0,Forward,0.0,0.0
341,2018,Andreas Evald Cornelius,Denmark,3,0,1,0.15,35,19,2,9,0,4,0,3,0,0,4,3,231,Center Forward,0.0,0.3896103896103896,13.636363636363635,7.402597402597402,0.7792207792207791,3.506493506493506,0.0,1.5584415584415583,0.0,1.1688311688311688,1.5584415584415583,1.1688311688311688,0.05844155844155843,1,0.5428571428571428,1,0.75,1,0.0,-0.15,Forward,0.0,0.0
342,2018,Andreas Christensen,Denmark,4,0,0,0.0,166,154,0,5,6,12,1,2,0,0,1,0,309,Left Center Back,0.0,0.0,48.3495145631068,44.85436893203884,0.0,1.4563106796116505,1.7475728155339807,3.4951456310679614,0.29126213592233013,0.5825242718446603,0.29126213592233013,0.0,0.0,1,0.927710843373494,1,0.0,0,0.0,0.0,Defender,0.0,0.0
343,2018,Anderson Santamaría Bardales,Peru,2,0,0,0.0,74,69,0,6,0,8,0,0,0,0,1,1,186,Left Center Back,0.0,0.0,35.806451612903224,33.387096774193544,0.0,2.9032258064516125,0.0,3.8709677419354835,0.0,0.0,0.48387096774193544,0.48387096774193544,0.0,1,0.9324324324324325,1,1.0,0,0.0,0.0,Defender,0.0,0.0
344,2018,Amr Medhat Warda,Egypt,3,0,2,0.04,67,37,1,5,4,9,1,1,0,0,3,3,267,Right Midfield,0.0,0.6741573033707865,22.584269662921347,12.47191011235955,0.33707865168539325,1.6853932584269662,1.348314606741573,3.033707865168539,0.33707865168539325,0.33707865168539325,1.0112359550561798,1.0112359550561798,0.01348314606741573,1,0.5522388059701493,1,1.0,1,0.0,-0.04,Midfielder,0.0,0.0
345,2018,Birkir Már Sævarsson,Iceland,3,0,0,0.0,78,56,0,1,7,4,0,1,1,0,2,1,280,Right Back,0.0,0.0,25.07142857142857,18.0,0.0,0.3214285714285714,2.25,1.2857142857142856,0.0,0.3214285714285714,0.6428571428571428,0.3214285714285714,0.0,1,0.717948717948718,1,0.5,0,0.0,0.0,Defender,0.3214285714285714,0.0
346,2018,Birkir Bjarnason,Iceland,3,0,7,0.95,64,43,2,9,5,11,1,5,0,0,2,1,273,Left Midfield,0.0,2.307692307692308,21.0989010989011,14.175824175824177,0.6593406593406593,2.967032967032967,1.6483516483516485,3.6263736263736264,0.32967032967032966,1.6483516483516485,0.6593406593406593,0.32967032967032966,0.3131868131868132,1,0.671875,1,0.5,1,0.0,-0.95,Midfielder,0.0,0.0
347,2018,Bernardo Mota Veiga de Carvalho e Silva,Portugal,4,0,2,0.17,132,105,4,7,4,15,1,3,0,0,10,9,316,Right Midfield,0.0,0.569620253164557,37.59493670886076,29.90506329113924,1.139240506329114,1.9936708860759493,1.139240506329114,4.272151898734177,0.2848101265822785,0.8544303797468354,2.848101265822785,2.5632911392405062,0.04841772151898734,1,0.7954545454545454,1,0.9,1,0.0,-0.17,Midfielder,0.0,0.0
348,2018,Benjamin Mendy,France,1,0,0,0.0,35,26,1,0,0,3,0,0,0,0,0,0,92,Left Back,0.0,0.0,34.23913043478261,25.434782608695656,0.9782608695652175,0.0,0.0,2.9347826086956523,0.0,0.0,0.0,0.0,0.0,1,0.7428571428571429,0,0.0,0,0.0,0.0,Defender,0.0,0.0
349,2018,Bassem Srarfi,Tunisia,1,0,0,0.0,0,0,0,0,0,0,0,0,0,0,0,0,93,Center Forward,0.0,0.0,0.0,0.0,0.0,0.0,0.0,0.0,0.0,0.0,0.0,0.0,0.0,0,0.0,0,0.0,0,0.0,0.0,Forward,0.0,0.0
350,2018,Bartosz Bereszyński,Poland,3,0,1,0.05,78,66,2,3,3,8,0,4,0,0,3,3,252,Right Back,0.0,0.35714285714285715,27.857142857142858,23.571428571428573,0.7142857142857143,1.0714285714285714,1.0714285714285714,2.857142857142857,0.0,1.4285714285714286,1.0714285714285714,1.0714285714285714,0.01785714285714286,1,0.8461538461538461,1,1.0,1,0.0,-0.05,Defender,0.0,0.0
351,2018,Aziz Eraltay Behich,Australia,3,0,2,0.13,180,144,2,6,2,18,0,4,1,0,6,2,279,Left Back,0.0,0.6451612903225806,58.064516129032256,46.45161290322581,0.6451612903225806,1.9354838709677418,0.6451612903225806,5.806451612903226,0.0,1.2903225806451613,1.9354838709677418,0.6451612903225806,0.041935483870967745,1,0.8,1,0.3333333333333333,1,0.0,-0.13,Defender,0.3225806451612903,0.0
352,2018,Aziz Bouhaddouz,Morocco,2,0,0,0.0,3,2,1,1,0,0,0,1,0,0,0,0,189,Center Forward,0.0,0.0,1.4285714285714286,0.9523809523809523,0.47619047619047616,0.47619047619047616,0.0,0.0,0.0,0.47619047619047616,0.0,0.0,0.0,1,0.6666666666666666,0,0.0,0,0.0,0.0,Forward,0.0,0.0
353,2018,Ayoub El Kaabi,Morocco,2,0,1,0.09,12,7,0,2,0,1,0,2,0,0,2,0,169,Center Forward,0.0,0.5325443786982249,6.390532544378698,3.727810650887574,0.0,1.0650887573964498,0.0,0.5325443786982249,0.0,1.0650887573964498,1.0650887573964498,0.0,0.04792899408284024,1,0.5833333333333334,1,0.0,1,0.0,-0.09,Forward,0.0,0.0
354,2018,Aymen Mathlouthi,Tunisia,1,0,0,0.0,29,22,0,0,0,3,0,0,0,0,0,0,97,Goalkeeper,0.0,0.0,26.90721649484536,20.41237113402062,0.0,0.0,0.0,2.7835051546391756,0.0,0.0,0.0,0.0,0.0,1,0.7586206896551724,0,0.0,0,0.0,0.0,Goalkeeper,0.0,0.0
355,2018,Axel Witsel,Belgium,6,0,6,0.2,325,306,1,15,4,30,1,9,0,0,4,3,551,Left Center Midfield,0.0,0.9800362976406535,53.08529945553539,49.98185117967333,0.1633393829401089,2.4500907441016335,0.6533575317604357,4.900181488203267,0.1633393829401089,1.4700544464609802,0.6533575317604357,0.49001814882032674,0.03266787658802178,1,0.9415384615384615,1,0.75,1,0.0,-0.2,Midfielder,0.0,0.0
356,2018,Ashley Young,England,5,0,2,0.09,244,196,4,8,1,15,0,4,0,0,3,2,469,Left Midfield,0.0,0.3837953091684435,46.82302771855011,37.61194029850746,0.767590618336887,1.535181236673774,0.19189765458422176,2.878464818763326,0.0,0.767590618336887,0.5756929637526652,0.3837953091684435,0.017270788912579955,1,0.8032786885245902,1,0.6666666666666666,1,0.0,-0.09,Midfielder,0.0,0.0
357,2018,Aron Einar Gunnarsson,Iceland,3,0,2,0.22,89,61,4,10,3,12,1,2,0,0,3,2,254,Right Defensive Midfield,0.0,0.7086614173228346,31.53543307086614,21.614173228346456,1.4173228346456692,3.543307086614173,1.0629921259842519,4.251968503937007,0.3543307086614173,0.7086614173228346,1.0629921259842519,0.7086614173228346,0.0779527559055118,1,0.6853932584269663,1,0.6666666666666666,1,0.0,-0.22,Midfielder,0.0,0.0
358,2018,Arnór Ingvi Traustason,Iceland,1,0,0,0.0,2,0,0,0,0,0,0,0,0,0,0,0,92,Left Wing,0.0,0.0,1.956521739130435,0.0,0.0,0.0,0.0,0.0,0.0,0.0,0.0,0.0,0.0,1,0.0,0,0.0,0,0.0,0.0,Forward,0.0,0.0
359,2018,Armando Enrique Cooper Whitaker,Panama,2,0,1,0.02,74,64,2,6,4,9,0,4,2,0,8,4,186,Right Center Midfield,0.0,0.48387096774193544,35.806451612903224,30.96774193548387,0.9677419354838709,2.9032258064516125,1.9354838709677418,4.354838709677419,0.0,1.9354838709677418,3.8709677419354835,1.9354838709677418,0.009677419354838708,1,0.8648648648648649,1,0.5,1,0.0,-0.02,Midfielder,0.9677419354838709,0.0
360,2018,Cheikh N'Doye,Senegal,2,0,1,0.13,16,8,0,2,1,3,0,3,1,0,1,0,185,Right Center Forward,0.0,0.4864864864864865,7.783783783783784,3.891891891891892,0.0,0.972972972972973,0.4864864864864865,1.4594594594594597,0.0,1.4594594594594597,0.4864864864864865,0.0,0.06324324324324325,1,0.5,1,0.0,1,0.0,-0.13,Forward,0.4864864864864865,0.0
361,2018,Celso Borges Mora,Costa Rica,3,0,5,0.39,125,98,3,6,1,10,0,3,0,0,3,3,269,Right Center Midfield,0.0,1.6728624535315986,41.82156133828996,32.78810408921933,1.003717472118959,2.007434944237918,0.3345724907063197,3.345724907063197,0.0,1.003717472118959,1.003717472118959,1.003717472118959,0.1304832713754647,1,0.784,1,1.0,1,0.0,-0.39,Midfielder,0.0,0.0
362,2018,Carlos Joel Salcedo Hernández,Mexico,4,0,5,0.22,226,191,1,13,3,14,0,6,0,0,2,2,369,Right Center Back,0.0,1.2195121951219514,55.1219512195122,46.58536585365854,0.24390243902439027,3.1707317073170733,0.7317073170731708,3.414634146341464,0.0,1.4634146341463417,0.48780487804878053,0.48780487804878053,0.05365853658536586,1,0.8451327433628318,1,1.0,1,0.0,-0.22,Defender,0.0,0.0
363,2018,Carlos Henrique Casimiro,Brazil,4,0,4,0.17,258,217,3,21,5,25,0,3,2,0,5,4,343,Center Defensive Midfield,0.0,1.0495626822157436,67.69679300291546,56.93877551020408,0.7871720116618076,5.510204081632653,1.3119533527696794,6.559766763848397,0.0,0.7871720116618076,1.3119533527696794,1.0495626822157436,0.0446064139941691,1,0.8410852713178295,1,0.8,1,0.0,-0.17,Midfielder,0.5247813411078718,0.0
364,2018,Carlos Arturo Bacca Ahumada,Colombia,3,0,3,0.92,29,21,2,5,0,2,0,2,1,0,1,1,314,Left Center Forward,0.0,0.8598726114649682,8.312101910828025,6.019108280254777,0.5732484076433121,1.4331210191082802,0.0,0.5732484076433121,0.0,0.5732484076433121,0.28662420382165604,0.28662420382165604,0.26369426751592356,1,0.7241379310344828,1,1.0,1,0.0,-0.92,Forward,0.28662420382165604,0.0
365,2018,Carlos Andrés Sánchez Arcosa,Uruguay,3,0,2,0.19,75,49,5,1,1,10,0,2,0,0,1,0,266,Right Wing,0.0,0.6766917293233082,25.375939849624057,16.57894736842105,1.6917293233082706,0.3383458646616541,0.3383458646616541,3.3834586466165413,0.0,0.6766917293233082,0.3383458646616541,0.0,0.06428571428571428,1,0.6533333333333333,1,0.0,1,0.0,-0.19,Forward,0.0,0.0
366,2018,Carlos Alberto Sánchez Moreno,Colombia,3,0,0,0.0,76,65,0,5,0,6,0,7,1,1,0,0,171,Right Center Midfield,0.0,0.0,40.0,34.21052631578947,0.0,2.6315789473684212,0.0,3.1578947368421053,0.0,3.68421052631579,0.0,0.0,0.0,1,0.8552631578947368,0,0.0,0,0.0,0.0,Midfielder,0.5263157894736842,0.5263157894736842
367,2018,Bryan Ruiz González,Costa Rica,3,0,2,0.89,123,97,2,9,5,15,0,3,0,0,11,8,283,Right Wing,0.0,0.6360424028268551,39.11660777385159,30.848056537102472,0.6360424028268551,2.862190812720848,1.5901060070671378,4.770318021201414,0.0,0.9540636042402827,3.498233215547703,2.5441696113074204,0.2830388692579505,1,0.7886178861788617,1,0.7272727272727273,1,0.0,-0.89,Forward,0.0,0.0
368,2018,Bryan Oviedo,Costa Rica,2,0,3,0.08,64,51,1,7,5,6,0,7,0,0,0,0,190,Left Wing Back,0.0,1.4210526315789473,30.31578947368421,24.157894736842106,0.47368421052631576,3.3157894736842106,2.3684210526315788,2.8421052631578947,0.0,3.3157894736842106,0.0,0.0,0.037894736842105266,1,0.796875,0,0.0,1,0.0,-0.08,Defender,0.0,0.0
369,2018,Bruno Miguel Borges Fernandes,Portugal,2,0,3,0.06,34,26,0,2,3,4,0,1,1,0,0,0,161,Left Midfield,0.0,1.6770186335403725,19.00621118012422,14.534161490683228,0.0,1.1180124223602483,1.6770186335403725,2.2360248447204967,0.0,0.5590062111801242,0.0,0.0,0.03354037267080745,1,0.7647058823529411,0,0.0,1,0.0,-0.06,Midfielder,0.5590062111801242,0.0
370,2018,Brian Oladapo Idowu,Nigeria,3,0,0,0.0,95,70,2,5,3,6,2,3,1,0,1,0,232,Left Wing Back,0.0,0.0,36.853448275862064,27.155172413793103,0.7758620689655172,1.939655172413793,1.1637931034482758,2.3275862068965516,0.7758620689655172,1.1637931034482758,0.3879310344827586,0.0,0.0,1,0.7368421052631579,1,0.0,0,0.0,0.0,Defender,0.3879310344827586,0.0
371,2018,Breel-Donald Embolo,Switzerland,4,0,4,0.19,42,32,2,6,2,5,0,2,0,0,9,5,374,Left Wing,0.0,0.9625668449197861,10.106951871657753,7.7005347593582885,0.48128342245989303,1.443850267379679,0.48128342245989303,1.2032085561497325,0.0,0.48128342245989303,2.1657754010695185,1.2032085561497325,0.045721925133689834,1,0.7619047619047619,1,0.5555555555555556,1,0.0,-0.19,Forward,0.0,0.0
372,2018,Branislav Ivanović,Serbia,2,0,0,0.0,102,76,4,6,3,4,0,2,1,0,2,2,191,Right Back,0.0,0.0,48.06282722513089,35.81151832460733,1.8848167539267016,2.8272251308900525,1.4136125654450262,1.8848167539267016,0.0,0.9424083769633508,0.9424083769633508,0.9424083769633508,0.0,1,0.7450980392156863,1,1.0,0,0.0,0.0,Defender,0.4712041884816754,0.0
373,2018,Blas Antonio Miguel Pérez Ortega,Panama,2,0,1,0.06,35,21,2,13,0,4,0,1,0,0,2,1,166,Center Forward,0.0,0.5421686746987951,18.97590361445783,11.385542168674698,1.0843373493975903,7.048192771084337,0.0,2.1686746987951806,0.0,0.5421686746987951,1.0843373493975903,0.5421686746987951,0.03253012048192771,1,0.6,1,0.5,1,0.0,-0.06,Forward,0.0,0.0
374,2018,Blaise Matuidi,France,5,0,5,0.3,122,94,3,18,7,20,0,10,1,0,2,0,418,Left Wing,0.0,1.076555023923445,26.267942583732054,20.239234449760765,0.6459330143540669,3.8755980861244015,1.507177033492823,4.30622009569378,0.0,2.15311004784689,0.43062200956937796,0.0,0.06459330143540669,1,0.7704918032786885,1,0.0,1,0.0,-0.3,Forward,0.21531100478468898,0.0
375,2018,Björn Bergmann Sigurðarson,Iceland,3,0,0,0.0,15,9,0,2,0,2,0,1,0,0,1,1,281,Left Center Forward,0.0,0.0,4.804270462633452,2.882562277580071,0.0,0.6405693950177936,0.0,0.6405693950177936,0.0,0.3202846975088968,0.3202846975088968,0.3202846975088968,0.0,1,0.6,1,1.0,0,0.0,0.0,Forward,0.0,0.0
376,2018,Daniel Colindres Solera,Costa Rica,2,0,3,0.12,34,19,1,1,1,4,0,3,0,0,2,0,171,Left Wing,0.0,1.5789473684210527,17.894736842105264,10.0,0.5263157894736842,0.5263157894736842,0.5263157894736842,2.1052631578947367,0.0,1.5789473684210527,1.0526315789473684,0.0,0.06315789473684211,1,0.5588235294117647,1,0.0,1,0.0,-0.12,Forward,0.0,0.0
377,2018,Daniel Carvajal Ramos,Spain,3,0,2,0.09,181,157,4,4,1,13,0,2,0,0,6,2,307,Right Back,0.0,0.5863192182410424,53.06188925081433,46.02605863192183,1.1726384364820848,1.1726384364820848,0.2931596091205212,3.8110749185667756,0.0,0.5863192182410424,1.7589576547231272,0.5863192182410424,0.026384364820846905,1,0.8674033149171271,1,0.3333333333333333,1,0.0,-0.09,Defender,0.0,0.0
378,2018,Daniel Arzani,Australia,3,0,2,0.07,23,18,3,0,0,6,0,1,1,0,3,2,280,Left Midfield,0.0,0.6428571428571428,7.392857142857142,5.785714285714286,0.9642857142857143,0.0,0.0,1.9285714285714286,0.0,0.3214285714285714,0.9642857142857143,0.6428571428571428,0.022500000000000003,1,0.782608695652174,1,0.6666666666666666,1,0.0,-0.07,Midfielder,0.3214285714285714,0.0
379,2018,Cédric Ricardo Alves Soares,Portugal,3,0,0,0.0,161,115,2,12,1,15,1,6,0,0,2,2,275,Right Back,0.0,0.0,52.690909090909095,37.63636363636364,0.6545454545454545,3.9272727272727277,0.32727272727272727,4.909090909090909,0.32727272727272727,1.9636363636363638,0.6545454545454545,0.6545454545454545,0.0,1,0.7142857142857143,1,1.0,0,0.0,0.0,Defender,0.0,0.0
380,2018,Cristian Gamboa Luna,Costa Rica,3,0,3,0.05,98,71,2,11,2,18,0,4,0,0,2,1,261,Right Wing Back,0.0,1.0344827586206897,33.793103448275865,24.482758620689655,0.6896551724137931,3.793103448275862,0.6896551724137931,6.206896551724138,0.0,1.3793103448275863,0.6896551724137931,0.3448275862068966,0.017241379310344827,1,0.7244897959183674,1,0.5,1,0.0,-0.05,Defender,0.0,0.0
381,2018,Cristian Gabriel Rodríguez Barrotti,Uruguay,5,0,4,0.15,82,56,1,7,3,14,1,2,0,0,2,1,431,Left Wing,0.0,0.8352668213457077,17.122969837587007,11.693735498839908,0.20881670533642693,1.4617169373549885,0.6264501160092808,2.923433874709977,0.20881670533642693,0.41763341067285387,0.41763341067285387,0.20881670533642693,0.031322505800464036,1,0.6829268292682927,1,0.5,1,0.0,-0.15,Forward,0.0,0.0
382,2018,Cristian Eduardo Zapata Valencia,Colombia,1,0,0,0.0,1,1,0,0,0,0,0,0,0,0,0,0,116,Right Back,0.0,0.0,0.7758620689655172,0.7758620689655172,0.0,0.0,0.0,0.0,0.0,0.0,0.0,0.0,0.0,1,1.0,0,0.0,0,0.0,0.0,Defender,0.0,0.0
383,2018,Cristian David Pavón,Argentina,4,0,1,0.03,72,46,1,4,0,7,0,1,0,0,6,2,348,Left Wing,0.0,0.25862068965517243,18.620689655172413,11.89655172413793,0.25862068965517243,1.0344827586206897,0.0,1.8103448275862069,0.0,0.25862068965517243,1.5517241379310345,0.5172413793103449,0.007758620689655172,1,0.6388888888888888,1,0.3333333333333333,1,0.0,-0.03,Forward,0.0,0.0
384,2018,Cristhian Ricardo Stuani Curbelo,Uruguay,2,0,1,0.01,19,6,0,5,1,0,0,6,0,0,0,0,151,Left Center Forward,0.0,0.5960264900662251,11.324503311258278,3.576158940397351,0.0,2.980132450331126,0.5960264900662251,0.0,0.0,3.576158940397351,0.0,0.0,0.005960264900662252,1,0.3157894736842105,0,0.0,1,0.0,-0.01,Forward,0.0,0.0
385,2018,Corentin Tolisso,France,5,0,2,0.22,135,110,1,9,5,15,1,3,1,0,3,1,435,Left Wing,0.0,0.4137931034482759,27.931034482758623,22.758620689655174,0.20689655172413796,1.8620689655172415,1.0344827586206897,3.103448275862069,0.20689655172413796,0.6206896551724138,0.6206896551724138,0.20689655172413796,0.04551724137931035,1,0.8148148148148148,1,0.3333333333333333,1,0.0,-0.22,Forward,0.20689655172413796,0.0
386,2018,Chul Hong,South Korea,2,0,0,0.0,36,22,1,1,2,9,0,2,0,0,2,1,179,Left Back,0.0,0.0,18.100558659217878,11.061452513966481,0.5027932960893855,0.5027932960893855,1.005586592178771,4.5251396648044695,0.0,1.005586592178771,1.005586592178771,0.5027932960893855,0.0,1,0.6111111111111112,1,0.5,0,0.0,0.0,Defender,0.0,0.0
387,2018,Christopher Paolo César Hurtado Huertas,Peru,1,0,0,0.0,19,16,0,2,0,0,0,2,1,0,1,1,93,Right Defensive Midfield,0.0,0.0,18.387096774193548,15.483870967741934,0.0,1.9354838709677418,0.0,0.0,0.0,1.9354838709677418,0.9677419354838709,0.9677419354838709,0.0,1,0.8421052631578947,1,1.0,0,0.0,0.0,Midfielder,0.9677419354838709,0.0
388,2018,Christian Guillermo Martín Ramos Garagay,Peru,3,0,0,0.0,119,99,1,3,3,8,0,0,0,0,2,2,275,Right Center Back,0.0,0.0,38.945454545454545,32.4,0.32727272727272727,0.9818181818181819,0.9818181818181819,2.618181818181818,0.0,0.0,0.6545454545454545,0.6545454545454545,0.0,1,0.8319327731092437,1,1.0,0,0.0,0.0,Defender,0.0,0.0
389,2018,Christian Bolaños Navarro,Costa Rica,2,0,0,0.0,35,22,1,1,0,3,0,0,0,0,2,1,188,Right Wing,0.0,0.0,16.75531914893617,10.53191489361702,0.4787234042553191,0.4787234042553191,0.0,1.4361702127659575,0.0,0.0,0.9574468085106382,0.4787234042553191,0.0,1,0.6285714285714286,1,0.5,0,0.0,0.0,Forward,0.0,0.0
390,2018,Christian Alberto Cueva Bravo,Peru,3,0,2,0.83,138,113,5,6,2,18,1,0,0,0,4,3,268,Center Attacking Midfield,0.0,0.6716417910447761,46.34328358208955,37.94776119402985,1.6791044776119401,2.014925373134328,0.6716417910447761,6.044776119402985,0.33582089552238803,0.0,1.3432835820895521,1.007462686567164,0.27873134328358207,1,0.8188405797101449,1,0.75,1,0.0,-0.83,Midfielder,0.0,0.0
391,2018,Cheikhou Kouyaté,Senegal,3,0,0,0.0,42,33,0,4,1,7,0,1,0,0,2,2,276,Right Center Midfield,0.0,0.0,13.695652173913043,10.76086956521739,0.0,1.3043478260869565,0.32608695652173914,2.282608695652174,0.0,0.32608695652173914,0.6521739130434783,0.6521739130434783,0.0,1,0.7857142857142857,1,1.0,0,0.0,0.0,Midfielder,0.0,0.0
392,1986,Terry Fenwick,England,1,0,2,0.05,32,24,0,2,0,3,0,3,1,0,0,0,90,Right Center Back,0.0,2.0,32.0,24.0,0.0,2.0,0.0,3.0,0.0,3.0,0.0,0.0,0.05,1,0.75,0,0.0,1,0.0,-0.05,Defender,1.0,0.0
393,1986,Steve Hodge,England,1,0,0,0.0,14,11,0,4,1,0,0,4,0,0,2,2,90,Left Midfield,0.0,0.0,14.0,11.0,0.0,4.0,1.0,0.0,0.0,4.0,2.0,2.0,0.0,1,0.7857142857142857,1,1.0,0,0.0,0.0,Midfielder,0.0,0.0
394,1986,Sergio Daniel Batista,Argentina,3,0,2,0.05,117,107,0,6,1,11,1,5,1,0,1,1,272,Center Defensive Midfield,0.0,0.6617647058823529,38.713235294117645,35.404411764705884,0.0,1.9852941176470589,0.33088235294117646,3.639705882352941,0.33088235294117646,1.6544117647058825,0.33088235294117646,0.33088235294117646,0.016544117647058824,1,0.9145299145299145,1,1.0,1,0.0,-0.05,Midfielder,0.33088235294117646,0.0
395,2018,Dejan Lovren,Croatia,7,0,6,0.38,372,319,1,7,2,19,1,7,1,0,0,0,730,Right Center Back,0.0,0.7397260273972603,45.86301369863014,39.328767123287676,0.12328767123287672,0.863013698630137,0.24657534246575344,2.3424657534246576,0.12328767123287672,0.863013698630137,0.0,0.0,0.04684931506849315,1,0.8575268817204301,0,0.0,1,0.0,-0.38,Defender,0.12328767123287672,0.0
396,2018,Dawid Kownacki,Poland,2,0,2,0.07,26,20,1,2,0,6,0,2,0,0,2,0,149,Left Wing,0.0,1.2080536912751678,15.704697986577182,12.080536912751679,0.6040268456375839,1.2080536912751678,0.0,3.6241610738255035,0.0,1.2080536912751678,1.2080536912751678,0.0,0.04228187919463088,1,0.7692307692307693,1,0.0,1,0.0,-0.07,Forward,0.0,0.0
397,2018,Davinson Sánchez Mina,Colombia,4,0,2,0.18,209,163,1,18,7,22,0,2,0,0,0,0,398,Left Center Back,0.0,0.4522613065326633,47.26130653266331,36.859296482412056,0.22613065326633164,4.0703517587939695,1.5829145728643215,4.974874371859296,0.0,0.4522613065326633,0.0,0.0,0.04070351758793969,1,0.7799043062200957,0,0.0,1,0.0,-0.18,Defender,0.0,0.0
398,2018,David de Gea Quintana,Spain,4,0,0,0.0,67,52,0,0,0,13,0,0,0,0,0,0,390,Goalkeeper,0.0,0.0,15.461538461538463,12.0,0.0,0.0,0.0,3.0,0.0,0.0,0.0,0.0,0.0,1,0.7761194029850746,0,0.0,0,0.0,0.0,Goalkeeper,0.0,0.0
399,2018,David Ospina Ramírez,Colombia,4,0,0,0.0,97,55,0,0,0,24,0,0,0,0,0,0,400,Goalkeeper,0.0,0.0,21.825,12.375,0.0,0.0,0.0,5.3999999999999995,0.0,0.0,0.0,0.0,0.0,1,0.5670103092783505,0,0.0,0,0.0,0.0,Goalkeeper,0.0,0.0
400,2018,David Josué Jiménez Silva,Spain,4,0,10,1.09,213,182,7,3,3,6,0,3,0,0,7,5,327,Right Wing,0.0,2.7522935779816513,58.62385321100918,50.091743119266056,1.926605504587156,0.8256880733944955,0.8256880733944955,1.651376146788991,0.0,0.8256880733944955,1.926605504587156,1.3761467889908257,0.30000000000000004,1,0.8544600938967136,1,0.7142857142857143,1,0.0,-1.09,Forward,0.0,0.0
401,2018,David Alberto Guzmán Pérez,Costa Rica,3,0,1,0.03,123,92,2,3,3,15,1,10,1,0,1,1,244,Left Center Midfield,0.0,0.3688524590163934,45.36885245901639,33.9344262295082,0.7377049180327868,1.1065573770491803,1.1065573770491803,5.532786885245901,0.3688524590163934,3.6885245901639343,0.3688524590163934,0.3688524590163934,0.011065573770491803,1,0.7479674796747967,1,1.0,1,0.0,-0.03,Midfielder,0.3688524590163934,0.0
402,2018,Danny Rose,England,5,0,1,0.02,106,88,2,8,2,10,0,2,0,0,7,5,468,Left Midfield,0.0,0.1923076923076923,20.384615384615383,16.923076923076923,0.3846153846153846,1.5384615384615383,0.3846153846153846,1.923076923076923,0.0,0.3846153846153846,1.346153846153846,0.9615384615384615,0.003846153846153846,1,0.8301886792452831,1,0.7142857142857143,1,0.0,-0.02,Midfielder,0.0,0.0
403,2018,Danilo Luiz da Silva,Brazil,1,0,0,0.0,57,53,0,2,0,6,0,0,0,0,1,1,92,Right Back,0.0,0.0,55.7608695652174,51.84782608695652,0.0,1.956521739130435,0.0,5.869565217391305,0.0,0.0,0.9782608695652175,0.9782608695652175,0.0,1,0.9298245614035088,1,1.0,0,0.0,0.0,Defender,0.0,0.0
404,2018,Danijel Subašić,Croatia,6,0,0,0.0,170,117,0,0,0,38,0,0,0,0,0,0,646,Goalkeeper,0.0,0.0,23.684210526315788,16.30030959752322,0.0,0.0,0.0,5.294117647058823,0.0,0.0,0.0,0.0,0.0,1,0.6882352941176471,0,0.0,0,0.0,0.0,Goalkeeper,0.0,0.0
405,2018,Daniel Nii Tackie Mensah Welbeck,England,1,0,2,0.19,1,1,0,0,0,2,0,0,0,0,0,0,92,Left Center Forward,0.0,1.956521739130435,0.9782608695652175,0.9782608695652175,0.0,0.0,0.0,1.956521739130435,0.0,0.0,0.0,0.0,0.1858695652173913,1,1.0,0,0.0,1,0.0,-0.19,Forward,0.0,0.0
406,2018,Duje Ćaleta-Car,Croatia,1,0,0,0.0,34,31,0,3,0,1,0,1,0,0,1,1,93,Left Center Back,0.0,0.0,32.90322580645161,29.999999999999996,0.0,2.9032258064516125,0.0,0.9677419354838709,0.0,0.9677419354838709,0.9677419354838709,0.9677419354838709,0.0,1,0.9117647058823529,1,1.0,0,0.0,0.0,Defender,0.0,0.0
407,2018,Douglas Costa de Souza,Brazil,2,0,4,0.05,52,42,3,2,1,5,0,0,0,0,8,7,189,Right Wing,0.0,1.9047619047619047,24.76190476190476,20.0,1.4285714285714286,0.9523809523809523,0.47619047619047616,2.380952380952381,0.0,0.0,3.8095238095238093,3.333333333333333,0.023809523809523808,1,0.8076923076923077,1,0.875,1,0.0,-0.05,Forward,0.0,0.0
408,2018,Djibril Sidibé,France,1,0,0,0.0,99,83,3,1,0,5,0,1,0,0,0,0,92,Right Back,0.0,0.0,96.84782608695653,81.19565217391305,2.9347826086956523,0.9782608695652175,0.0,4.891304347826087,0.0,0.9782608695652175,0.0,0.0,0.0,1,0.8383838383838383,0,0.0,0,0.0,0.0,Defender,0.0,0.0
409,2018,Diego Sebastián Laxalt Suárez,Uruguay,4,0,1,0.02,123,87,3,10,6,7,0,5,0,0,2,2,374,Left Back,0.0,0.24064171122994651,29.59893048128342,20.935828877005346,0.7219251336898395,2.406417112299465,1.443850267379679,1.6844919786096255,0.0,1.2032085561497325,0.48128342245989303,0.48128342245989303,0.00481283422459893,1,0.7073170731707317,1,1.0,1,0.0,-0.02,Defender,0.0,0.0
410,2018,Diego Roberto Godín Leal,Uruguay,5,0,3,0.42,224,187,1,18,11,18,0,4,0,0,3,2,461,Left Center Back,0.0,0.5856832971800434,43.73101952277658,36.507592190889376,0.19522776572668116,3.5140997830802605,2.1475054229934925,3.5140997830802605,0.0,0.7809110629067246,0.5856832971800434,0.3904555314533623,0.08199566160520608,1,0.8348214285714286,1,0.6666666666666666,1,0.0,-0.42,Defender,0.0,0.0
411,2018,Diafra Sakho,Senegal,1,0,0,0.0,2,1,0,1,0,0,0,0,0,0,0,0,93,Right Center Forward,0.0,0.0,1.9354838709677418,0.9677419354838709,0.0,0.9677419354838709,0.0,0.0,0.0,0.0,0.0,0.0,0.0,1,0.5,0,0.0,0,0.0,0.0,Forward,0.0,0.0
412,2018,Denis Lemi Zakaria Lako Lado,Switzerland,2,0,0,0.0,26,23,0,2,1,3,0,3,1,0,0,0,185,Right Defensive Midfield,0.0,0.0,12.64864864864865,11.18918918918919,0.0,0.972972972972973,0.4864864864864865,1.4594594594594597,0.0,1.4594594594594597,0.0,0.0,0.0,1,0.8846153846153846,0,0.0,0,0.0,0.0,Midfielder,0.4864864864864865,0.0
413,1990,Gabriel Humberto Calderón,Argentina,1,0,0,0.0,14,10,0,0,0,0,0,1,0,0,2,2,91,Left Defensive Midfield,0.0,0.0,13.846153846153847,9.89010989010989,0.0,0.0,0.0,0.0,0.0,0.989010989010989,1.978021978021978,1.978021978021978,0.0,1,0.7142857142857143,1,1.0,0,0.0,0.0,Midfielder,0.0,0.0
414,1990,Diego Armando Maradona,Argentina,1,0,1,0.07,39,26,0,2,0,8,1,2,0,0,10,5,91,Center Attacking Midfield,0.0,0.989010989010989,38.57142857142857,25.714285714285715,0.0,1.978021978021978,0.0,7.912087912087912,0.989010989010989,1.978021978021978,9.89010989010989,4.945054945054945,0.06923076923076923,1,0.6666666666666666,1,0.5,1,0.0,-0.07,Midfielder,0.0,0.0
415,1990,Cláudio Ibrahim Vaz Leal,Brazil,1,0,2,0.03,57,44,2,2,1,7,0,3,0,0,2,1,91,Left Wing Back,0.0,1.978021978021978,56.37362637362637,43.51648351648352,1.978021978021978,1.978021978021978,0.989010989010989,6.923076923076923,0.0,2.967032967032967,1.978021978021978,0.989010989010989,0.02967032967032967,1,0.7719298245614035,1,0.5,1,0.0,-0.03,Defender,0.0,0.0
416,1990,Claudio Andre Mergen Taffarel,Brazil,1,0,0,0.0,22,19,0,0,0,2,0,0,0,0,0,0,92,Goalkeeper,0.0,0.0,21.521739130434785,18.586956521739133,0.0,0.0,0.0,1.956521739130435,0.0,0.0,0.0,0.0,0.0,1,0.8636363636363636,0,0.0,0,0.0,0.0,Goalkeeper,0.0,0.0
417,1990,Carlos Caetano Bledorn Verri,Brazil,1,0,1,0.21,61,52,0,7,2,6,0,2,0,0,2,2,90,Left Defensive Midfield,0.0,1.0,61.0,52.0,0.0,7.0,2.0,6.0,0.0,2.0,2.0,2.0,0.21,1,0.8524590163934426,1,1.0,1,0.0,-0.21,Midfielder,0.0,0.0
418,1990,Antônio de Oliveira Filho,Brazil,1,0,5,0.73,22,18,2,3,1,2,0,4,0,0,3,3,92,Left Center Forward,0.0,4.891304347826087,21.521739130434785,17.608695652173914,1.956521739130435,2.9347826086956523,0.9782608695652175,1.956521739130435,0.0,3.91304347826087,2.9347826086956523,2.9347826086956523,0.7141304347826087,1,0.8181818181818182,1,1.0,1,0.0,-0.73,Forward,0.0,0.0
419,1986,Óscar Alfredo Ruggeri Zocola,Argentina,3,0,0,0.0,65,54,1,5,3,8,1,3,0,0,1,1,263,Left Center Back,0.0,0.0,22.243346007604565,18.479087452471482,0.3422053231939164,1.711026615969582,1.0266159695817492,2.737642585551331,0.3422053231939164,1.0266159695817492,0.3422053231939164,0.3422053231939164,0.0,1,0.8307692307692308,1,1.0,0,0.0,0.0,Defender,0.0,0.0
420,1986,Thomas Berthold,Germany,1,0,2,0.11,38,26,0,2,0,5,0,2,0,0,1,0,92,Right Wing Back,0.0,1.956521739130435,37.173913043478265,25.434782608695656,0.0,1.956521739130435,0.0,4.891304347826087,0.0,1.956521739130435,0.9782608695652175,0.0,0.10760869565217392,1,0.6842105263157895,1,0.0,1,0.0,-0.11,Defender,0.0,0.0
421,2018,Fahad Mosaed Al Muwallad Al Harbi,Saudi Arabia,3,0,2,0.8,22,17,1,3,1,5,0,5,0,0,5,2,245,Center Forward,0.0,0.7346938775510203,8.081632653061224,6.244897959183673,0.36734693877551017,1.1020408163265305,0.36734693877551017,1.836734693877551,0.0,1.836734693877551,1.836734693877551,0.7346938775510203,0.2938775510204082,1,0.7727272727272727,1,0.4,1,0.0,-0.8,Forward,0.0,0.0
422,2018,Fabian Lukas Schär,Switzerland,3,0,1,0.07,215,179,0,7,5,14,0,4,2,0,0,0,277,Right Center Back,0.0,0.3249097472924188,69.85559566787003,58.158844765342955,0.0,2.2743682310469313,1.6245487364620939,4.548736462093863,0.0,1.2996389891696751,0.0,0.0,0.022743682310469315,1,0.8325581395348837,0,0.0,1,0.0,-0.07,Defender,0.6498194945848376,0.0
423,2018,Fabian Delph,England,4,0,3,0.1,152,136,3,7,3,15,0,1,0,0,8,3,370,Left Center Midfield,0.0,0.7297297297297298,36.972972972972975,33.08108108108109,0.7297297297297298,1.7027027027027029,0.7297297297297298,3.648648648648649,0.0,0.24324324324324326,1.945945945945946,0.7297297297297298,0.02432432432432433,1,0.8947368421052632,1,0.375,1,0.0,-0.1,Midfielder,0.0,0.0
424,2018,Essam Kamal Tawfik El Hadary,Egypt,1,0,0,0.0,19,14,0,0,0,5,0,0,0,0,0,0,94,Goalkeeper,0.0,0.0,18.191489361702125,13.404255319148936,0.0,0.0,0.0,4.787234042553191,0.0,0.0,0.0,0.0,0.0,1,0.7368421052631579,0,0.0,0,0.0,0.0,Goalkeeper,0.0,0.0
425,2018,Erick Javier Davis Grajales,Panama,2,0,0,0.0,113,89,1,3,3,6,0,5,1,0,0,0,186,Left Back,0.0,0.0,54.677419354838705,43.064516129032256,0.48387096774193544,1.4516129032258063,1.4516129032258063,2.9032258064516125,0.0,2.419354838709677,0.0,0.0,0.0,1,0.7876106194690266,0,0.0,0,0.0,0.0,Defender,0.48387096774193544,0.0
426,2018,Enzo Nicolás Pérez,Argentina,3,0,1,0.34,114,105,0,3,1,7,1,5,0,0,1,1,192,Right Center Midfield,0.0,0.46875,53.4375,49.21875,0.0,1.40625,0.46875,3.28125,0.46875,2.34375,0.46875,0.46875,0.15937500000000002,1,0.9210526315789473,1,1.0,1,0.0,-0.34,Midfielder,0.0,0.0
427,2018,Emil Krafth,Sweden,2,0,0,0.0,57,37,0,1,0,1,0,0,0,0,3,2,176,Right Back,0.0,0.0,29.147727272727273,18.920454545454547,0.0,0.5113636363636364,0.0,0.5113636363636364,0.0,0.0,1.5340909090909092,1.0227272727272727,0.0,1,0.6491228070175439,1,0.6666666666666666,0,0.0,0.0,Defender,0.0,0.0
428,2018,Emil Hallfreðsson,Iceland,2,0,1,0.01,61,52,1,8,4,18,0,6,1,0,7,4,183,Right Defensive Midfield,0.0,0.49180327868852464,30.0,25.57377049180328,0.49180327868852464,3.934426229508197,1.9672131147540985,8.852459016393443,0.0,2.9508196721311477,3.4426229508196724,1.9672131147540985,0.004918032786885246,1,0.8524590163934426,1,0.5714285714285714,1,0.0,-0.01,Midfielder,0.49180327868852464,0.0
429,2018,Ellyes Joris Skhiri,Tunisia,3,0,0,0.0,166,149,3,9,4,11,0,7,0,0,4,2,274,Center Defensive Midfield,0.0,0.0,54.52554744525548,48.94160583941606,0.9854014598540146,2.956204379562044,1.3138686131386863,3.613138686131387,0.0,2.2992700729927007,1.3138686131386863,0.6569343065693432,0.0,1,0.8975903614457831,1,0.5,0,0.0,0.0,Midfielder,0.0,0.0
430,2018,Eiji Kawashima,Japan,4,0,0,0.0,89,57,0,0,0,16,0,1,0,0,0,0,362,Goalkeeper,0.0,0.0,22.12707182320442,14.171270718232044,0.0,0.0,0.0,3.977900552486188,0.0,0.24861878453038674,0.0,0.0,0.0,1,0.6404494382022472,0,0.0,0,0.0,0.0,Goalkeeper,0.0,0.0
431,2018,Ehsan Hajsafi,Iran,3,0,2,0.05,76,40,0,5,1,11,0,0,0,0,4,2,217,Left Back,0.0,0.8294930875576038,31.520737327188943,16.589861751152075,0.0,2.0737327188940093,0.4147465437788019,4.56221198156682,0.0,0.0,1.6589861751152075,0.8294930875576038,0.020737327188940096,1,0.5263157894736842,1,0.5,1,0.0,-0.05,Defender,0.0,0.0
432,2018,Eduardo Antonio Salvio,Argentina,2,0,1,0.03,105,85,4,5,1,9,0,0,0,0,5,3,147,Right Back,0.0,0.6122448979591837,64.28571428571429,52.04081632653061,2.4489795918367347,3.061224489795918,0.6122448979591837,5.510204081632653,0.0,0.0,3.061224489795918,1.836734693877551,0.01836734693877551,1,0.8095238095238095,1,0.6,1,0.0,-0.03,Defender,0.0,0.0
433,2018,Edson Omar Álvarez Velázquez,Mexico,4,0,1,0.11,169,141,1,7,4,9,1,5,1,0,8,6,332,Right Back,0.0,0.2710843373493976,45.81325301204819,38.222891566265055,0.2710843373493976,1.897590361445783,1.0843373493975903,2.439759036144578,0.2710843373493976,1.355421686746988,2.1686746987951806,1.6265060240963853,0.029819277108433732,1,0.834319526627219,1,0.75,1,0.0,-0.11,Defender,0.2710843373493976,0.0
434,2018,Edgar Yoel Bárcenas Herrera,Panama,3,0,6,0.36,64,53,5,5,3,16,0,5,1,0,8,3,225,Right Wing,0.0,2.4,25.6,21.2,2.0,2.0,1.2,6.4,0.0,2.0,3.2,1.2,0.144,1,0.828125,1,0.375,1,0.0,-0.36,Forward,0.4,0.0
435,2018,Duško Tošić,Serbia,2,0,0,0.0,87,70,0,8,3,4,0,3,0,0,1,0,190,Left Center Back,0.0,0.0,41.21052631578947,33.1578947368421,0.0,3.789473684210526,1.4210526315789473,1.894736842105263,0.0,1.4210526315789473,0.47368421052631576,0.0,0.0,1,0.8045977011494253,1,0.0,0,0.0,0.0,Defender,0.0,0.0
436,2018,Dušan Tadić,Serbia,3,0,3,0.13,87,58,7,9,2,12,1,3,0,0,9,3,264,Right Wing,0.0,1.0227272727272727,29.65909090909091,19.772727272727273,2.3863636363636367,3.0681818181818183,0.6818181818181819,4.090909090909091,0.34090909090909094,1.0227272727272727,3.0681818181818183,1.0227272727272727,0.044318181818181826,1,0.6666666666666666,1,0.3333333333333333,1,0.0,-0.13,Forward,0.0,0.0
437,1986,Lothar Matthäus,Germany,1,0,2,0.06,33,22,0,4,0,4,0,2,1,0,1,1,92,Left Defensive Midfield,0.0,1.956521739130435,32.28260869565218,21.521739130434785,0.0,3.91304347826087,0.0,3.91304347826087,0.0,1.956521739130435,0.9782608695652175,0.9782608695652175,0.058695652173913045,1,0.6666666666666666,1,1.0,1,0.0,-0.06,Midfielder,0.9782608695652175,0.0
438,2018,Francisco Javier Calvo Quesada,Costa Rica,2,0,1,0.06,55,44,0,9,2,3,1,1,1,0,3,2,187,Left Wing Back,0.0,0.48128342245989303,26.470588235294116,21.176470588235293,0.0,4.331550802139037,0.9625668449197861,1.443850267379679,0.48128342245989303,0.48128342245989303,1.443850267379679,0.9625668449197861,0.02887700534759358,1,0.8,1,0.6666666666666666,1,0.0,-0.06,Defender,0.48128342245989303,0.0
439,2018,Francisco Guillermo Ochoa Magaña,Mexico,4,0,0,0.0,89,59,0,0,0,14,0,1,0,0,0,0,375,Goalkeeper,0.0,0.0,21.36,14.159999999999998,0.0,0.0,0.0,3.36,0.0,0.24,0.0,0.0,0.0,1,0.6629213483146067,0,0.0,0,0.0,0.0,Goalkeeper,0.0,0.0
440,2018,Francis Odinaka Uzoho,Nigeria,3,0,0,0.0,57,28,0,0,0,11,0,0,0,0,0,0,278,Goalkeeper,0.0,0.0,18.453237410071942,9.06474820143885,0.0,0.0,0.0,3.5611510791366907,0.0,0.0,0.0,0.0,0.0,1,0.49122807017543857,0,0.0,0,0.0,0.0,Goalkeeper,0.0,0.0
441,2018,Florian Thauvin,France,1,0,0,0.0,1,1,0,1,0,0,0,0,0,0,0,0,91,Right Wing,0.0,0.0,0.989010989010989,0.989010989010989,0.0,0.989010989010989,0.0,0.0,0.0,0.0,0.0,0.0,0.0,1,1.0,0,0.0,0,0.0,0.0,Forward,0.0,0.0
442,2018,Filipe Luís Kasmirski,Brazil,2,0,1,0.03,129,113,3,7,2,5,0,1,1,0,2,1,186,Left Back,0.0,0.48387096774193544,62.41935483870967,54.677419354838705,1.4516129032258063,3.387096774193548,0.9677419354838709,2.419354838709677,0.0,0.48387096774193544,0.9677419354838709,0.48387096774193544,0.014516129032258062,1,0.875968992248062,1,0.5,1,0.0,-0.03,Defender,0.48387096774193544,0.0
443,2018,Filip Kostić,Serbia,3,0,4,1.04,49,27,0,9,1,7,0,3,0,0,5,3,241,Left Wing,0.0,1.4937759336099585,18.298755186721994,10.082987551867221,0.0,3.3609958506224067,0.37344398340248963,2.6141078838174274,0.0,1.120331950207469,1.8672199170124482,1.120331950207469,0.3883817427385893,1,0.5510204081632653,1,0.6,1,0.0,-1.04,Forward,0.0,0.0
444,2018,Filip Bradarić,Croatia,1,0,0,0.0,11,10,0,1,0,1,0,0,0,0,0,0,94,Right Center Midfield,0.0,0.0,10.53191489361702,9.574468085106382,0.0,0.9574468085106382,0.0,0.9574468085106382,0.0,0.0,0.0,0.0,0.0,1,0.9090909090909091,0,0.0,0,0.0,0.0,Midfielder,0.0,0.0
445,2018,Fidel Escobar Mendieta,Panama,3,0,1,0.01,86,72,0,12,1,5,0,5,0,0,0,0,279,Left Center Back,0.0,0.3225806451612903,27.741935483870968,23.225806451612904,0.0,3.8709677419354835,0.3225806451612903,1.6129032258064515,0.0,1.6129032258064515,0.0,0.0,0.0032258064516129032,1,0.8372093023255814,0,0.0,1,0.0,-0.01,Defender,0.0,0.0
446,2018,Fernando Luiz Roza,Brazil,5,0,3,0.11,125,111,5,3,5,11,0,4,1,0,1,0,469,Center Midfield,0.0,0.5756929637526652,23.98720682302772,21.300639658848613,0.9594882729211087,0.5756929637526652,0.9594882729211087,2.1108742004264394,0.0,0.767590618336887,0.19189765458422176,0.0,0.02110874200426439,1,0.888,1,0.0,1,0.0,-0.11,Midfielder,0.19189765458422176,0.0
447,2018,Fedor Kudryashov,Russia,4,0,0,0.0,109,85,1,1,1,8,0,7,0,0,0,0,416,Left Back,0.0,0.0,23.58173076923077,18.38942307692308,0.21634615384615385,0.21634615384615385,0.21634615384615385,1.7307692307692308,0.0,1.514423076923077,0.0,0.0,0.0,1,0.7798165137614679,0,0.0,0,0.0,0.0,Defender,0.0,0.0
448,2018,Federico Julián Fazio,Argentina,1,0,0,0.0,27,21,1,0,0,2,0,0,0,0,0,0,92,Right Center Back,0.0,0.0,26.41304347826087,20.543478260869566,0.9782608695652175,0.0,0.0,1.956521739130435,0.0,0.0,0.0,0.0,0.0,1,0.7777777777777778,0,0.0,0,0.0,0.0,Defender,0.0,0.0
449,2018,Fayçal Fajr,Morocco,2,0,0,0.0,22,17,0,1,0,1,0,3,0,0,1,0,188,Left Center Midfield,0.0,0.0,10.53191489361702,8.138297872340425,0.0,0.4787234042553191,0.0,0.4787234042553191,0.0,1.4361702127659575,0.4787234042553191,0.0,0.0,1,0.7727272727272727,1,0.0,0,0.0,0.0,Midfielder,0.0,0.0
450,2018,Farouk Ben Mustapha,Tunisia,2,0,0,0.0,47,22,0,0,0,10,0,0,0,0,0,0,181,Goalkeeper,0.0,0.0,23.370165745856355,10.939226519337018,0.0,0.0,0.0,4.972375690607735,0.0,0.0,0.0,0.0,0.0,1,0.46808510638297873,0,0.0,0,0.0,0.0,Goalkeeper,0.0,0.0
451,2018,Gabriel Enrique Gómez Girón,Panama,3,0,0,0.0,117,107,1,6,2,12,0,4,0,0,1,1,252,Center Defensive Midfield,0.0,0.0,41.78571428571429,38.214285714285715,0.35714285714285715,2.142857142857143,0.7142857142857143,4.285714285714286,0.0,1.4285714285714286,0.35714285714285715,0.35714285714285715,0.0,1,0.9145299145299145,1,1.0,0,0.0,0.0,Midfielder,0.0,0.0
452,2018,Gabriel Arturo Torres Tejada,Panama,2,0,1,0.15,15,11,1,6,0,2,0,1,0,0,1,0,138,Center Forward,0.0,0.6521739130434783,9.782608695652174,7.173913043478261,0.6521739130434783,3.913043478260869,0.0,1.3043478260869565,0.0,0.6521739130434783,0.6521739130434783,0.0,0.09782608695652173,1,0.7333333333333333,1,0.0,1,0.0,-0.15,Forward,0.0,0.0
453,2018,Fágner Conserva Lemos,Brazil,4,0,0,0.0,228,201,4,16,3,10,0,8,1,0,3,2,372,Right Back,0.0,0.0,55.16129032258064,48.62903225806451,0.9677419354838709,3.8709677419354835,0.7258064516129031,2.419354838709677,0.0,1.9354838709677418,0.7258064516129031,0.48387096774193544,0.0,1,0.881578947368421,1,0.6666666666666666,0,0.0,0.0,Defender,0.24193548387096772,0.0
454,2018,Franco Armani,Argentina,2,0,0,0.0,41,26,0,0,0,10,0,0,0,0,0,0,188,Goalkeeper,0.0,0.0,19.627659574468083,12.446808510638297,0.0,0.0,0.0,4.787234042553191,0.0,0.0,0.0,0.0,0.0,1,0.6341463414634146,0,0.0,0,0.0,0.0,Goalkeeper,0.0,0.0
455,1986,Ricardo Omar Giusti,Argentina,3,0,1,0.07,122,103,2,10,3,17,2,12,0,0,7,4,260,Right Wing Back,0.0,0.34615384615384615,42.23076923076923,35.65384615384615,0.6923076923076923,3.4615384615384617,1.0384615384615385,5.884615384615385,0.6923076923076923,4.153846153846154,2.423076923076923,1.3846153846153846,0.024230769230769233,1,0.8442622950819673,1,0.5714285714285714,1,0.0,-0.07,Defender,0.0,0.0
456,1986,Philippe Desmet,Belgium,1,0,3,0.09,11,7,1,0,0,4,0,2,0,0,0,0,90,Right Center Forward,0.0,3.0,11.0,7.0,1.0,0.0,0.0,4.0,0.0,2.0,0.0,0.0,0.09,1,0.6363636363636364,0,0.0,1,0.0,-0.09,Forward,0.0,0.0
457,1986,Peter Shilton,England,1,0,0,0.0,31,25,0,0,0,4,0,0,0,0,0,0,90,Goalkeeper,0.0,0.0,31.0,25.0,0.0,0.0,0.0,4.0,0.0,0.0,0.0,0.0,0.0,1,0.8064516129032258,0,0.0,0,0.0,0.0,Goalkeeper,0.0,0.0
458,1986,Patrick Vervoort,Belgium,1,0,2,0.03,49,39,0,2,2,6,1,1,0,0,1,1,90,Left Wing Back,0.0,2.0,49.0,39.0,0.0,2.0,2.0,6.0,1.0,1.0,1.0,1.0,0.03,1,0.7959183673469388,1,1.0,1,0.0,-0.03,Defender,0.0,0.0
459,1986,Nico Claesen,Belgium,1,0,0,0.0,24,20,1,3,0,2,0,3,0,0,1,0,90,Left Center Forward,0.0,0.0,24.0,20.0,1.0,3.0,0.0,2.0,0.0,3.0,1.0,0.0,0.0,1,0.8333333333333334,1,0.0,0,0.0,0.0,Forward,0.0,0.0
460,1986,Neri Alberto Pumpido Barrinat,Argentina,3,0,0,0.0,82,59,0,0,0,11,0,0,0,0,0,0,266,Goalkeeper,0.0,0.0,27.744360902255636,19.962406015037594,0.0,0.0,0.0,3.7218045112781954,0.0,0.0,0.0,0.0,0.0,1,0.7195121951219512,0,0.0,0,0.0,0.0,Goalkeeper,0.0,0.0
461,1986,Marcelo Antonio Trobbiani Ughetto,Argentina,1,0,0,0.0,1,1,0,0,0,0,0,0,0,0,0,0,92,Left Attacking Midfield,0.0,0.0,0.9782608695652175,0.9782608695652175,0.0,0.0,0.0,0.0,0.0,0.0,0.0,0.0,0.0,1,1.0,0,0.0,0,0.0,0.0,Midfielder,0.0,0.0
462,2018,Hamdi Nagguez,Tunisia,2,0,1,0.09,101,78,2,5,3,2,0,3,0,0,5,3,182,Right Back,0.0,0.4945054945054945,49.94505494505495,38.57142857142857,0.989010989010989,2.4725274725274726,1.4835164835164836,0.989010989010989,0.0,1.4835164835164836,2.4725274725274726,1.4835164835164836,0.04450549450549451,1,0.7722772277227723,1,0.6,1,0.0,-0.09,Defender,0.0,0.0
463,2018,Hakim Ziyech,Morocco,3,0,9,0.48,130,93,6,5,7,14,1,8,0,0,17,5,273,Right Wing,0.0,2.967032967032967,42.85714285714286,30.65934065934066,1.978021978021978,1.6483516483516485,2.307692307692308,4.615384615384616,0.32967032967032966,2.6373626373626373,5.604395604395605,1.6483516483516485,0.15824175824175823,1,0.7153846153846154,1,0.29411764705882354,1,0.0,-0.48,Forward,0.0,0.0
464,2018,Gustav Svensson,Sweden,3,0,0,0.0,27,21,2,6,0,4,0,1,0,0,0,0,267,Right Center Midfield,0.0,0.0,9.101123595505618,7.078651685393258,0.6741573033707865,2.0224719101123596,0.0,1.348314606741573,0.0,0.33707865168539325,0.0,0.0,0.0,1,0.7777777777777778,0,0.0,0,0.0,0.0,Midfielder,0.0,0.0
465,2018,Guillermo Varela Olivera,Uruguay,2,0,0,0.0,114,102,4,7,0,7,0,2,0,0,1,1,183,Right Back,0.0,0.0,56.06557377049181,50.16393442622951,1.9672131147540985,3.4426229508196724,0.0,3.4426229508196724,0.0,0.9836065573770493,0.49180327868852464,0.49180327868852464,0.0,1,0.8947368421052632,1,1.0,0,0.0,0.0,Defender,0.0,0.0
466,2018,Gonçalo Manuel Ganchinho Guedes,Portugal,4,0,6,0.41,62,51,1,6,0,6,0,3,0,0,2,0,342,Right Center Forward,0.0,1.5789473684210527,16.315789473684212,13.421052631578949,0.2631578947368421,1.5789473684210527,0.0,1.5789473684210527,0.0,0.7894736842105263,0.5263157894736842,0.0,0.10789473684210527,1,0.8225806451612904,1,0.0,1,0.0,-0.41,Forward,0.0,0.0
467,2018,Gonzalo Gerardo Higuaín,Argentina,3,0,3,0.3,37,31,1,4,0,6,1,2,0,0,1,0,278,Left Center Forward,0.0,0.9712230215827338,11.97841726618705,10.035971223021582,0.3237410071942446,1.2949640287769784,0.0,1.9424460431654675,0.3237410071942446,0.6474820143884892,0.3237410071942446,0.0,0.09712230215827337,1,0.8378378378378378,1,0.0,1,0.0,-0.3,Forward,0.0,0.0
468,2018,Giovani dos Santos Ramírez,Mexico,1,0,0,0.0,3,3,0,2,1,1,0,0,0,0,0,0,94,Right Center Midfield,0.0,0.0,2.872340425531915,2.872340425531915,0.0,1.9148936170212765,0.9574468085106382,0.9574468085106382,0.0,0.0,0.0,0.0,0.0,1,1.0,0,0.0,0,0.0,0.0,Midfielder,0.0,0.0
469,2018,Giorgian Daniel De Arrascaeta Benedetti,Uruguay,2,0,1,0.37,46,36,3,3,0,6,1,1,0,0,1,0,152,Left Wing,0.0,0.5921052631578947,27.236842105263158,21.31578947368421,1.7763157894736843,1.7763157894736843,0.0,3.5526315789473686,0.5921052631578947,0.5921052631578947,0.5921052631578947,0.0,0.21907894736842104,1,0.782608695652174,1,0.0,1,0.0,-0.37,Forward,0.0,0.0
470,2018,Giancarlo González Castro,Costa Rica,3,0,2,0.2,90,77,0,5,2,8,0,1,0,0,1,1,284,Center Back,0.0,0.6338028169014085,28.52112676056338,24.401408450704228,0.0,1.5845070422535212,0.6338028169014085,2.535211267605634,0.0,0.31690140845070425,0.31690140845070425,0.31690140845070425,0.06338028169014084,1,0.8555555555555555,1,1.0,1,0.0,-0.2,Defender,0.0,0.0
471,2018,Ghilane Chalali,Tunisia,1,0,1,0.06,79,64,1,7,2,3,0,4,1,0,0,0,92,Right Center Midfield,0.0,0.9782608695652175,77.28260869565219,62.60869565217392,0.9782608695652175,6.847826086956522,1.956521739130435,2.9347826086956523,0.0,3.91304347826087,0.0,0.0,0.058695652173913045,1,0.810126582278481,0,0.0,1,0.0,-0.06,Midfielder,0.9782608695652175,0.0
472,2018,Gen Shōji,Japan,3,0,1,0.01,179,159,0,11,2,12,0,0,0,0,2,1,277,Left Center Back,0.0,0.3249097472924188,58.158844765342955,51.66064981949458,0.0,3.574007220216606,0.6498194945848376,3.898916967509025,0.0,0.0,0.6498194945848376,0.3249097472924188,0.0032490974729241875,1,0.888268156424581,1,0.5,1,0.0,-0.01,Defender,0.0,0.0
473,2018,Gelson Dany Batalha Martins,Portugal,1,0,0,0.0,9,8,1,2,0,2,0,0,0,0,3,2,94,Right Midfield,0.0,0.0,8.617021276595745,7.659574468085106,0.9574468085106382,1.9148936170212765,0.0,1.9148936170212765,0.0,0.0,2.872340425531915,1.9148936170212765,0.0,1,0.8888888888888888,1,0.6666666666666666,0,0.0,0.0,Midfielder,0.0,0.0
474,2018,Gary Cahill,England,1,0,0,0.0,44,41,0,0,0,2,0,1,0,0,0,0,92,Left Center Back,0.0,0.0,43.04347826086957,40.108695652173914,0.0,0.0,0.0,1.956521739130435,0.0,0.9782608695652175,0.0,0.0,0.0,1,0.9318181818181818,0,0.0,0,0.0,0.0,Defender,0.0,0.0
475,2018,Gaku Shibasaki,Japan,4,0,1,0.05,245,193,6,8,7,13,2,7,1,0,3,2,343,Right Center Midfield,0.0,0.2623906705539359,64.28571428571429,50.64139941690962,1.5743440233236152,2.099125364431487,1.836734693877551,3.4110787172011663,0.5247813411078718,1.836734693877551,0.7871720116618076,0.5247813411078718,0.013119533527696795,1,0.7877551020408163,1,0.6666666666666666,1,0.0,-0.05,Midfielder,0.2623906705539359,0.0
476,2018,Gabriel Fernando de Jesus,Brazil,5,0,10,1.47,95,68,3,12,6,13,1,8,0,0,17,11,413,Center Forward,0.0,2.179176755447942,20.70217917675545,14.818401937046007,0.6537530266343826,2.6150121065375305,1.3075060532687652,2.8329297820823247,0.21791767554479421,1.7433414043583537,3.7046004842615017,2.3970944309927362,0.32033898305084746,1,0.7157894736842105,1,0.6470588235294118,1,0.0,-1.47,Forward,0.0,0.0
477,2018,Hörður Björgvin Magnússon,Iceland,3,0,2,0.17,96,41,0,10,3,7,0,4,0,0,2,2,278,Left Back,0.0,0.6474820143884892,31.07913669064748,13.273381294964029,0.0,3.237410071942446,0.9712230215827338,2.2661870503597124,0.0,1.2949640287769784,0.6474820143884892,0.6474820143884892,0.05503597122302158,1,0.4270833333333333,1,1.0,1,0.0,-0.17,Defender,0.0,0.0
478,2018,Héctor Miguel Herrera López,Mexico,4,0,5,0.17,215,183,2,12,4,27,0,14,2,0,20,11,374,Right Defensive Midfield,0.0,1.2032085561497325,51.7379679144385,44.03743315508021,0.48128342245989303,2.887700534759358,0.9625668449197861,6.497326203208556,0.0,3.368983957219251,4.81283422459893,2.6470588235294117,0.04090909090909091,1,0.8511627906976744,1,0.55,1,0.0,-0.17,Midfielder,0.48128342245989303,0.0
479,2018,Héctor Alfredo Moreno Herrera,Mexico,3,0,2,0.16,146,125,2,7,2,5,1,4,1,0,0,0,269,Left Center Back,0.0,0.6691449814126395,48.847583643122675,41.82156133828996,0.6691449814126395,2.3420074349442377,0.6691449814126395,1.6728624535315986,0.3345724907063197,1.338289962825279,0.0,0.0,0.053531598513011154,1,0.8561643835616438,0,0.0,1,0.0,-0.16,Defender,0.3345724907063197,0.0
480,2018,Hyun-Soo Jang,South Korea,3,0,0,0.0,95,79,0,5,0,13,0,6,0,0,1,1,282,Right Center Back,0.0,0.0,30.319148936170212,25.21276595744681,0.0,1.5957446808510638,0.0,4.148936170212766,0.0,1.9148936170212767,0.3191489361702128,0.3191489361702128,0.0,1,0.8315789473684211,1,1.0,0,0.0,0.0,Defender,0.0,0.0
481,2018,Hyeon-Woo Jo,South Korea,3,0,0,0.0,63,35,0,0,0,8,0,0,0,0,0,0,271,Goalkeeper,0.0,0.0,20.922509225092252,11.623616236162361,0.0,0.0,0.0,2.6568265682656826,0.0,0.0,0.0,0.0,0.0,1,0.5555555555555556,0,0.0,0,0.0,0.0,Goalkeeper,0.0,0.0
482,2018,Hussain Al Mogahwi,Saudi Arabia,2,0,4,0.17,107,100,2,5,1,11,0,2,0,0,2,1,185,Right Center Midfield,0.0,1.945945945945946,52.054054054054056,48.64864864864865,0.972972972972973,2.4324324324324325,0.4864864864864865,5.351351351351352,0.0,0.972972972972973,0.972972972972973,0.4864864864864865,0.08270270270270272,1,0.9345794392523364,1,0.5,1,0.0,-0.17,Midfielder,0.0,0.0
483,2018,Hugo Lloris,France,6,0,0,0.0,138,85,0,0,0,24,0,0,0,0,1,0,553,Goalkeeper,0.0,0.0,22.459312839059674,13.833634719710668,0.0,0.0,0.0,3.9059674502712474,0.0,0.0,0.162748643761302,0.0,0.0,1,0.6159420289855072,1,0.0,0,0.0,0.0,Goalkeeper,0.0,0.0
484,2018,Hugo Ayala Castro,Mexico,2,0,1,0.05,69,55,0,4,3,4,0,0,0,0,0,0,179,Right Center Back,0.0,0.5027932960893855,34.6927374301676,27.6536312849162,0.0,2.011173184357542,1.5083798882681565,2.011173184357542,0.0,0.0,0.0,0.0,0.025139664804469275,1,0.7971014492753623,0,0.0,1,0.0,-0.05,Defender,0.0,0.0
485,2018,Hotaru Yamaguchi,Japan,3,0,0,0.0,99,91,0,3,0,4,0,2,0,0,0,0,277,Left Center Midfield,0.0,0.0,32.166064981949454,29.566787003610106,0.0,0.9747292418772563,0.0,1.2996389891696751,0.0,0.6498194945848376,0.0,0.0,0.0,1,0.9191919191919192,0,0.0,0,0.0,0.0,Midfielder,0.0,0.0
486,2018,Hiroki Sakai,Japan,4,0,2,0.11,193,142,2,14,4,8,0,2,0,0,4,2,358,Right Back,0.0,0.5027932960893855,48.5195530726257,35.69832402234637,0.5027932960893855,3.519553072625698,1.005586592178771,2.011173184357542,0.0,0.5027932960893855,1.005586592178771,0.5027932960893855,0.0276536312849162,1,0.7357512953367875,1,0.5,1,0.0,-0.11,Defender,0.0,0.0
487,2018,Henrik Dalsgaard,Denmark,4,0,1,0.01,197,134,2,15,7,13,0,8,0,0,1,1,394,Right Back,0.0,0.22842639593908629,44.99999999999999,30.60913705583756,0.45685279187817257,3.426395939086294,1.5989847715736039,2.9695431472081215,0.0,1.8274111675126903,0.22842639593908629,0.22842639593908629,0.0022842639593908627,1,0.6802030456852792,1,1.0,1,0.0,-0.01,Defender,0.0,0.0
488,2018,Hee-Chan Hwang,South Korea,3,0,2,0.25,34,16,2,9,3,8,0,5,1,0,11,6,263,Left Wing,0.0,0.6844106463878328,11.634980988593156,5.475285171102662,0.6844106463878328,3.0798479087452475,1.0266159695817492,2.737642585551331,0.0,1.711026615969582,3.7642585551330803,2.0532319391634983,0.0855513307984791,1,0.47058823529411764,1,0.5454545454545454,1,0.0,-0.25,Forward,0.3422053231939164,0.0
489,2018,Hattan Babhir,Saudi Arabia,3,0,6,0.22,69,56,0,1,2,8,0,2,0,0,6,2,226,Right Midfield,0.0,2.3893805309734515,27.477876106194692,22.300884955752213,0.0,0.39823008849557523,0.7964601769911505,3.185840707964602,0.0,0.7964601769911505,2.3893805309734515,0.7964601769911505,0.08761061946902655,1,0.8115942028985508,1,0.3333333333333333,1,0.0,-0.22,Midfielder,0.0,0.0
490,2018,Harold Oshkaly Cummings Segura,Panama,1,0,0,0.0,16,10,0,3,1,1,0,0,0,0,0,0,91,Right Center Back,0.0,0.0,15.824175824175825,9.89010989010989,0.0,2.967032967032967,0.989010989010989,0.989010989010989,0.0,0.0,0.0,0.0,0.0,1,0.625,0,0.0,0,0.0,0.0,Defender,0.0,0.0
491,2018,Haris Seferović,Switzerland,3,0,1,0.06,20,10,0,0,1,1,0,3,0,0,1,1,216,Center Forward,0.0,0.4166666666666667,8.333333333333334,4.166666666666667,0.0,0.0,0.4166666666666667,0.4166666666666667,0.0,1.25,0.4166666666666667,0.4166666666666667,0.025,1,0.5,1,1.0,1,0.0,-0.06,Forward,0.0,0.0
492,2018,Hannes Þór Halldórsson,Iceland,3,0,0,0.0,68,34,0,0,0,10,0,0,0,0,0,0,281,Goalkeeper,0.0,0.0,21.77935943060498,10.88967971530249,0.0,0.0,0.0,3.202846975088968,0.0,0.0,0.0,0.0,0.0,1,0.5,0,0.0,0,0.0,0.0,Goalkeeper,0.0,0.0
493,1986,Glenn Hoddle,England,1,0,2,0.05,47,29,3,5,1,6,0,0,0,0,4,4,90,Right Defensive Midfield,0.0,2.0,47.0,29.0,3.0,5.0,1.0,6.0,0.0,0.0,4.0,4.0,0.05,1,0.6170212765957447,1,1.0,1,0.0,-0.05,Midfielder,0.0,0.0
494,1986,Gary Michael Stevens,England,1,0,1,0.01,41,22,0,2,0,5,0,1,0,0,1,1,90,Right Back,0.0,1.0,41.0,22.0,0.0,2.0,0.0,5.0,0.0,1.0,1.0,1.0,0.01,1,0.5365853658536586,1,1.0,1,0.0,-0.01,Defender,0.0,0.0
495,2018,Jae-Sung Lee,South Korea,3,0,5,0.19,114,95,3,6,3,14,0,5,1,0,7,3,283,Right Midfield,0.0,1.5901060070671378,36.254416961130744,30.21201413427562,0.9540636042402827,1.9081272084805654,0.9540636042402827,4.4522968197879855,0.0,1.5901060070671378,2.2261484098939928,0.9540636042402827,0.06042402826855124,1,0.8333333333333334,1,0.42857142857142855,1,0.0,-0.19,Midfielder,0.31802120141342755,0.0
496,2018,Jackson Irvine,Australia,3,0,0,0.0,15,9,1,3,2,4,0,0,0,0,0,0,279,Center Attacking Midfield,0.0,0.0,4.838709677419355,2.903225806451613,0.3225806451612903,0.9677419354838709,0.6451612903225806,1.2903225806451613,0.0,0.0,0.0,0.0,0.0,1,0.6,0,0.0,0,0.0,0.0,Midfielder,0.0,0.0
497,2018,Jacek Góralski,Poland,2,0,1,0.01,67,56,0,16,3,6,2,4,1,0,2,1,182,Left Center Midfield,0.0,0.4945054945054945,33.13186813186813,27.692307692307693,0.0,7.912087912087912,1.4835164835164836,2.967032967032967,0.989010989010989,1.978021978021978,0.989010989010989,0.4945054945054945,0.004945054945054946,1,0.835820895522388,1,0.5,1,0.0,-0.01,Midfielder,0.4945054945054945,0.0
498,2018,Ja-Cheol Koo,South Korea,2,0,1,0.12,24,21,0,5,0,5,0,0,0,0,0,0,127,Left Center Midfield,0.0,0.7086614173228346,17.00787401574803,14.881889763779526,0.0,3.543307086614173,0.0,3.543307086614173,0.0,0.0,0.0,0.0,0.08503937007874014,1,0.875,0,0.0,1,0.0,-0.12,Midfielder,0.0,0.0
499,2018,Ivan Strinić,Croatia,6,0,0,0.0,298,213,3,10,4,26,1,11,1,0,9,5,512,Left Back,0.0,0.0,52.3828125,37.44140625,0.52734375,1.7578125,0.703125,4.5703125,0.17578125,1.93359375,1.58203125,0.87890625,0.0,1,0.714765100671141,1,0.5555555555555556,0,0.0,0.0,Defender,0.17578125,0.0
500,2018,Ismaïla Sarr,Senegal,3,0,3,0.25,71,50,1,3,1,8,0,4,0,0,9,3,277,Right Wing,0.0,0.9747292418772563,23.06859205776173,16.24548736462094,0.3249097472924188,0.9747292418772563,0.3249097472924188,2.5992779783393503,0.0,1.2996389891696751,2.9241877256317688,0.9747292418772563,0.0812274368231047,1,0.704225352112676,1,0.3333333333333333,1,0.0,-0.25,Forward,0.0,0.0
501,2018,Ismael Díaz De León,Panama,1,0,0,0.0,5,5,0,0,2,2,0,0,0,0,2,0,93,Left Wing,0.0,0.0,4.838709677419354,4.838709677419354,0.0,0.0,1.9354838709677418,1.9354838709677418,0.0,0.0,1.9354838709677418,0.0,0.0,1,1.0,1,0.0,0,0.0,0.0,Forward,0.0,0.0
502,2018,Isaac Kiese Thelin,Sweden,4,0,0,0.0,17,9,0,2,0,1,0,3,0,0,0,0,372,Right Center Forward,0.0,0.0,4.112903225806451,2.1774193548387095,0.0,0.48387096774193544,0.0,0.24193548387096772,0.0,0.7258064516129031,0.0,0.0,0.0,1,0.5294117647058824,0,0.0,0,0.0,0.0,Forward,0.0,0.0
503,2018,Ilya Kutepov,Russia,5,0,1,0.17,165,118,0,7,10,12,1,5,1,0,0,0,499,Right Center Back,0.0,0.18036072144288579,29.759519038076153,21.282565130260522,0.0,1.2625250501002003,1.8036072144288577,2.164328657314629,0.18036072144288579,0.9018036072144289,0.0,0.0,0.030661322645290583,1,0.7151515151515152,0,0.0,1,0.0,-0.17,Defender,0.18036072144288579,0.0
504,2018,Igor Akinfeev,Russia,5,0,0,0.0,114,48,0,0,0,15,0,0,0,0,0,0,528,Goalkeeper,0.0,0.0,19.431818181818183,8.181818181818182,0.0,0.0,0.0,2.556818181818182,0.0,0.0,0.0,0.0,0.0,1,0.42105263157894735,0,0.0,0,0.0,0.0,Goalkeeper,0.0,0.0
505,2018,Idrissa Gana Gueye,Senegal,3,0,2,0.05,145,125,0,8,3,9,0,5,0,0,1,1,280,Left Center Midfield,0.0,0.6428571428571428,46.607142857142854,40.17857142857143,0.0,2.571428571428571,0.9642857142857143,2.892857142857143,0.0,1.6071428571428572,0.3214285714285714,0.3214285714285714,0.016071428571428573,1,0.8620689655172413,1,1.0,1,0.0,-0.05,Midfielder,0.0,0.0
506,2018,Ian Rey Smith Quiros,Costa Rica,1,0,0,0.0,1,1,0,0,0,0,0,0,0,0,0,0,94,Right Wing Back,0.0,0.0,0.9574468085106382,0.9574468085106382,0.0,0.0,0.0,0.0,0.0,0.0,0.0,0.0,0.0,1,1.0,0,0.0,0,0.0,0.0,Defender,0.0,0.0
507,2018,Jefferson Andrés Lerma Solís,Colombia,4,0,2,0.07,90,75,2,5,3,7,0,5,0,0,1,0,342,Left Center Midfield,0.0,0.5263157894736842,23.68421052631579,19.736842105263158,0.5263157894736842,1.3157894736842106,0.7894736842105263,1.842105263157895,0.0,1.3157894736842106,0.2631578947368421,0.0,0.01842105263157895,1,0.8333333333333334,1,0.0,1,0.0,-0.07,Midfielder,0.0,0.0
508,2018,Jefferson Agustín Farfán Guadalupe,Peru,2,0,4,0.34,33,28,2,5,0,2,0,6,0,0,2,2,175,Center Forward,0.0,2.0571428571428574,16.97142857142857,14.4,1.0285714285714287,2.5714285714285716,0.0,1.0285714285714287,0.0,3.085714285714286,1.0285714285714287,1.0285714285714287,0.17485714285714288,1,0.8484848484848485,1,1.0,1,0.0,-0.34,Forward,0.0,0.0
509,2018,Javier Alejandro Mascherano,Argentina,4,0,1,0.02,348,311,3,13,6,17,1,17,2,0,3,2,374,Center Defensive Midfield,0.0,0.24064171122994651,83.74331550802138,74.83957219251336,0.7219251336898395,3.1283422459893044,1.443850267379679,4.090909090909091,0.24064171122994651,4.090909090909091,0.7219251336898395,0.48128342245989303,0.00481283422459893,1,0.8936781609195402,1,0.6666666666666666,1,0.0,-0.02,Midfielder,0.48128342245989303,0.0
510,2018,Jamie Vardy,England,4,0,3,0.26,23,12,1,6,0,3,0,2,0,0,1,0,422,Right Center Forward,0.0,0.6398104265402843,4.90521327014218,2.559241706161137,0.21327014218009477,1.2796208530805686,0.0,0.6398104265402843,0.0,0.42654028436018954,0.21327014218009477,0.0,0.05545023696682464,1,0.5217391304347826,1,0.0,1,0.0,-0.26,Forward,0.0,0.0
511,2018,James David Rodríguez Rubio,Colombia,3,0,3,0.12,104,83,2,7,0,12,1,4,1,0,12,8,220,Left Wing,0.0,1.227272727272727,42.54545454545454,33.95454545454545,0.8181818181818181,2.8636363636363633,0.0,4.909090909090908,0.40909090909090906,1.6363636363636362,4.909090909090908,3.2727272727272725,0.04909090909090909,1,0.7980769230769231,1,0.6666666666666666,1,0.0,-0.12,Forward,0.40909090909090906,0.0
512,2018,Jaime Manuel Penedo Cano,Panama,3,0,0,0.0,57,24,0,0,0,12,0,0,0,0,0,0,275,Goalkeeper,0.0,0.0,18.654545454545456,7.854545454545455,0.0,0.0,0.0,3.9272727272727277,0.0,0.0,0.0,0.0,0.0,1,0.42105263157894735,0,0.0,0,0.0,0.0,Goalkeeper,0.0,0.0
513,1986,Karl-Heinz Förster,Germany,1,0,0,0.0,51,38,0,5,1,5,0,1,0,0,0,0,93,Left Center Back,0.0,0.0,49.354838709677416,36.774193548387096,0.0,4.838709677419354,0.9677419354838709,4.838709677419354,0.0,0.9677419354838709,0.0,0.0,0.0,1,0.7450980392156863,0,0.0,0,0.0,0.0,Defender,0.0,0.0
514,1986,Julio Jorge Olarticoechea,Argentina,3,0,1,0.08,94,76,1,9,5,16,1,7,0,0,6,1,272,Left Wing Back,0.0,0.33088235294117646,31.10294117647059,25.147058823529413,0.33088235294117646,2.9779411764705883,1.6544117647058825,5.294117647058823,0.33088235294117646,2.3161764705882355,1.9852941176470589,0.33088235294117646,0.026470588235294117,1,0.8085106382978723,1,0.16666666666666666,1,0.0,-0.08,Defender,0.0,0.0
515,1986,José Luis Cuciuffo,Argentina,3,0,1,0.02,91,75,0,12,9,19,2,2,0,0,4,2,272,Right Center Back,0.0,0.33088235294117646,30.110294117647058,24.816176470588236,0.0,3.9705882352941178,2.9779411764705883,6.286764705882353,0.6617647058823529,0.6617647058823529,1.3235294117647058,0.6617647058823529,0.006617647058823529,1,0.8241758241758241,1,0.5,1,0.0,-0.02,Defender,0.0,0.0
516,1986,John Barnes,England,1,0,0,0.0,5,3,0,2,0,2,0,0,0,0,1,1,90,Left Midfield,0.0,0.0,5.0,3.0,0.0,2.0,0.0,2.0,0.0,0.0,1.0,1.0,0.0,1,0.6,1,1.0,0,0.0,0.0,Midfielder,0.0,0.0
517,1986,Héctor Adolfo Enrique,Argentina,3,0,4,0.21,111,90,1,5,4,9,0,10,0,0,8,5,268,Right Center Midfield,0.0,1.3432835820895521,37.276119402985074,30.223880597014926,0.33582089552238803,1.6791044776119401,1.3432835820895521,3.0223880597014925,0.0,3.3582089552238803,2.6865671641791042,1.6791044776119401,0.07052238805970149,1,0.8108108108108109,1,0.625,1,0.0,-0.21,Midfielder,0.0,0.0
518,1986,Harald Anton Schumacher,Germany,1,0,0,0.0,20,15,0,0,0,6,0,0,0,0,0,0,92,Goalkeeper,0.0,0.0,19.565217391304348,14.673913043478262,0.0,0.0,0.0,5.869565217391305,0.0,0.0,0.0,0.0,0.0,1,0.75,0,0.0,0,0.0,0.0,Goalkeeper,0.0,0.0
519,2018,Jonathan dos Santos Ramírez,Mexico,1,0,0,0.0,23,21,0,2,0,3,0,0,0,0,1,0,95,Center Defensive Midfield,0.0,0.0,21.789473684210527,19.894736842105264,0.0,1.894736842105263,0.0,2.8421052631578947,0.0,0.0,0.9473684210526315,0.0,0.0,1,0.9130434782608695,1,0.0,0,0.0,0.0,Midfielder,0.0,0.0
520,2018,Jonathan Matías Urretaviscaya da Luz,Uruguay,1,0,0,0.0,18,10,0,0,0,3,0,0,0,0,2,2,94,Right Wing,0.0,0.0,17.23404255319149,9.574468085106382,0.0,0.0,0.0,2.872340425531915,0.0,0.0,1.9148936170212765,1.9148936170212765,0.0,1,0.5555555555555556,1,1.0,0,0.0,0.0,Forward,0.0,0.0
521,2018,Jonas Knudsen,Denmark,1,0,0,0.0,52,30,0,1,0,4,0,0,0,0,1,1,117,Left Back,0.0,0.0,40.0,23.076923076923077,0.0,0.7692307692307692,0.0,3.0769230769230766,0.0,0.0,0.7692307692307692,0.7692307692307692,0.0,1,0.5769230769230769,1,1.0,0,0.0,0.0,Defender,0.0,0.0
522,2018,Jonas Hector,Germany,2,0,2,0.18,107,91,1,8,2,6,0,2,0,0,2,1,163,Left Back,0.0,1.1042944785276074,59.079754601226995,50.24539877300614,0.5521472392638037,4.41717791411043,1.1042944785276074,3.312883435582822,0.0,1.1042944785276074,1.1042944785276074,0.5521472392638037,0.09938650306748466,1,0.8504672897196262,1,0.5,1,0.0,-0.18,Defender,0.0,0.0
523,2018,Johnny Acosta Zamora,Costa Rica,3,0,0,0.0,80,65,0,6,1,9,0,1,0,0,1,1,273,Right Center Back,0.0,0.0,26.373626373626376,21.42857142857143,0.0,1.978021978021978,0.32967032967032966,2.967032967032967,0.0,0.32967032967032966,0.32967032967032966,0.32967032967032966,0.0,1,0.8125,1,1.0,0,0.0,0.0,Defender,0.0,0.0
524,2018,John Michael Nchekwube Obinna,Nigeria,3,0,0,0.0,155,123,3,8,3,12,0,8,1,0,5,5,276,Center Midfield,0.0,0.0,50.54347826086956,40.10869565217391,0.9782608695652173,2.608695652173913,0.9782608695652173,3.913043478260869,0.0,2.608695652173913,1.6304347826086956,1.6304347826086956,0.0,1,0.7935483870967742,1,1.0,0,0.0,0.0,Midfielder,0.32608695652173914,0.0
525,2018,John Guidetti,Sweden,2,0,1,0.01,7,4,1,2,0,0,0,0,0,0,1,0,185,Left Center Forward,0.0,0.4864864864864865,3.4054054054054057,1.945945945945946,0.4864864864864865,0.972972972972973,0.0,0.0,0.0,0.0,0.4864864864864865,0.0,0.0048648648648648655,1,0.5714285714285714,1,0.0,1,0.0,-0.01,Forward,0.0,0.0
526,2018,Johann Berg Guðmunds­son,Iceland,2,0,3,0.05,51,37,2,1,6,11,0,0,0,0,3,2,155,Right Wing,0.0,1.7419354838709677,29.61290322580645,21.483870967741936,1.161290322580645,0.5806451612903225,3.4838709677419355,6.387096774193548,0.0,0.0,1.7419354838709677,1.161290322580645,0.02903225806451613,1,0.7254901960784313,1,0.6666666666666666,1,0.0,-0.05,Forward,0.0,0.0
527,2018,Johan Danon Djourou-Gbadjere,Switzerland,1,0,0,0.0,66,61,0,1,1,3,0,1,0,0,0,0,92,Right Center Back,0.0,0.0,64.56521739130436,59.673913043478265,0.0,0.9782608695652175,0.9782608695652175,2.9347826086956523,0.0,0.9782608695652175,0.0,0.0,0.0,1,0.9242424242424242,0,0.0,0,0.0,0.0,Defender,0.0,0.0
528,2018,Johan Andrés Mojica Palacio,Colombia,4,0,1,0.01,218,148,3,9,4,31,2,3,1,0,18,9,401,Left Back,0.0,0.22443890274314213,48.927680798004985,33.21695760598504,0.6733167082294265,2.0199501246882794,0.8977556109725685,6.957605985037406,0.44887780548628425,0.6733167082294265,4.039900249376559,2.0199501246882794,0.0022443890274314216,1,0.6788990825688074,1,0.5,1,0.0,-0.01,Defender,0.22443890274314213,0.0
529,2018,Johan Alberto Venegas Ulloa,Costa Rica,2,0,0,0.0,45,29,1,4,0,9,0,6,0,0,4,2,156,Left Wing,0.0,0.0,25.96153846153846,16.73076923076923,0.5769230769230769,2.3076923076923075,0.0,5.1923076923076925,0.0,3.4615384615384612,2.3076923076923075,1.1538461538461537,0.0,1,0.6444444444444445,1,0.5,0,0.0,0.0,Forward,0.0,0.0
530,2018,Joel Nathaniel Campbell Samuels,Costa Rica,2,0,3,0.2,36,27,3,2,0,8,0,3,1,0,11,8,191,Center Forward,0.0,1.4136125654450262,16.963350785340314,12.722513089005236,1.4136125654450262,0.9424083769633508,0.0,3.769633507853403,0.0,1.4136125654450262,5.183246073298429,3.769633507853403,0.09424083769633508,1,0.75,1,0.7272727272727273,1,0.0,-0.2,Forward,0.4712041884816754,0.0
531,2018,Jimmy Durmaz,Sweden,1,0,0,0.0,4,3,1,0,0,2,0,2,0,0,2,0,94,Right Midfield,0.0,0.0,3.829787234042553,2.872340425531915,0.9574468085106382,0.0,0.0,1.9148936170212765,0.0,1.9148936170212765,1.9148936170212765,0.0,0.0,1,0.75,1,0.0,0,0.0,0.0,Midfielder,0.0,0.0
532,2018,Jesús Manuel Corona Ruíz,Mexico,2,0,0,0.0,24,18,3,0,1,1,0,0,0,0,3,2,187,Left Wing,0.0,0.0,11.550802139037431,8.663101604278074,1.443850267379679,0.0,0.48128342245989303,0.48128342245989303,0.0,0.0,1.443850267379679,0.9625668449197861,0.0,1,0.75,1,0.6666666666666666,0,0.0,0.0,Forward,0.0,0.0
533,2018,Jesús Daniel Gallardo Vasconcelos,Mexico,4,0,1,0.04,180,146,2,12,8,19,0,5,1,0,7,5,344,Left Back,0.0,0.26162790697674415,47.093023255813954,38.19767441860465,0.5232558139534883,3.13953488372093,2.093023255813953,4.970930232558139,0.0,1.3081395348837208,1.8313953488372092,1.3081395348837208,0.010465116279069767,1,0.8111111111111111,1,0.7142857142857143,1,0.0,-0.04,Defender,0.26162790697674415,0.0
534,2018,Jens Stryger Larsen,Denmark,3,0,2,0.1,104,78,3,7,6,15,0,1,0,0,2,2,273,Left Back,0.0,0.6593406593406593,34.285714285714285,25.714285714285715,0.989010989010989,2.307692307692308,1.978021978021978,4.945054945054945,0.0,0.32967032967032966,0.6593406593406593,0.6593406593406593,0.03296703296703297,1,0.75,1,1.0,1,0.0,-0.1,Defender,0.0,0.0
535,2018,João Mário Naval da Costa Eduardo,Portugal,4,0,1,0.12,165,140,7,8,1,16,0,5,0,0,6,3,327,Left Midfield,0.0,0.27522935779816515,45.41284403669725,38.53211009174312,1.926605504587156,2.2018348623853212,0.27522935779816515,4.4036697247706424,0.0,1.3761467889908257,1.651376146788991,0.8256880733944955,0.03302752293577982,1,0.8484848484848485,1,0.5,1,0.0,-0.12,Midfielder,0.0,0.0
536,2018,João Miranda de Souza Filho,Brazil,5,0,1,0.05,256,237,1,13,5,13,0,9,0,0,2,2,469,Left Center Back,0.0,0.19189765458422176,49.12579957356077,45.47974413646055,0.19189765458422176,2.4946695095948828,0.9594882729211087,2.4946695095948828,0.0,1.7270788912579957,0.3837953091684435,0.3837953091684435,0.009594882729211088,1,0.92578125,1,1.0,1,0.0,-0.05,Defender,0.0,0.0
537,2018,João Filipe Iria Santos Moutinho,Portugal,3,0,0,0.0,86,76,3,13,0,3,0,8,0,0,1,1,277,Right Center Midfield,0.0,0.0,27.942238267148014,24.693140794223826,0.9747292418772563,4.223826714801444,0.0,0.9747292418772563,0.0,2.5992779783393503,0.3249097472924188,0.3249097472924188,0.0,1,0.8837209302325582,1,1.0,0,0.0,0.0,Midfielder,0.0,0.0
538,2018,José Miguel da Rocha Fonte,Portugal,4,0,4,0.34,177,144,1,7,5,19,0,3,0,0,0,0,374,Left Center Back,0.0,0.9625668449197861,42.59358288770053,34.652406417112296,0.24064171122994651,1.6844919786096255,1.2032085561497325,4.572192513368984,0.0,0.7219251336898395,0.0,0.0,0.08181818181818182,1,0.8135593220338984,0,0.0,1,0.0,-0.34,Defender,0.0,0.0
539,2018,José Martín Cáceres Silva,Uruguay,5,0,7,1.33,257,180,3,12,5,23,0,5,0,0,6,3,455,Right Back,0.0,1.3846153846153846,50.83516483516484,35.604395604395606,0.5934065934065934,2.3736263736263736,0.989010989010989,4.549450549450549,0.0,0.989010989010989,1.1868131868131868,0.5934065934065934,0.2630769230769231,1,0.7003891050583657,1,0.5,1,0.0,-1.33,Defender,0.0,0.0
540,2018,José Luis Rodríguez Francis,Panama,3,0,3,0.12,65,52,0,2,6,9,0,3,0,0,1,0,249,Left Wing,0.0,1.0843373493975903,23.49397590361446,18.795180722891565,0.0,0.7228915662650602,2.1686746987951806,3.253012048192771,0.0,1.0843373493975903,0.3614457831325301,0.0,0.043373493975903614,1,0.8,1,0.0,1,0.0,-0.12,Forward,0.0,0.0
541,2018,José Andrés Guardado Hernández,Mexico,4,0,8,0.53,136,116,3,6,2,22,1,4,1,0,7,3,308,Left Defensive Midfield,0.0,2.337662337662338,39.740259740259745,33.896103896103895,0.8766233766233766,1.7532467532467533,0.5844155844155845,6.428571428571429,0.29220779220779225,1.168831168831169,2.0454545454545454,0.8766233766233766,0.15487012987012988,1,0.8529411764705882,1,0.42857142857142855,1,0.0,-0.53,Midfielder,0.29220779220779225,0.0
542,2018,Josip Pivarić,Croatia,4,0,3,0.83,158,123,2,2,1,12,0,5,1,0,9,7,458,Left Back,0.0,0.5895196506550219,31.048034934497817,24.170305676855897,0.39301310043668125,0.39301310043668125,0.19650655021834063,2.3580786026200875,0.0,0.9825327510917031,1.7685589519650655,1.3755458515283843,0.1631004366812227,1,0.7784810126582279,1,0.7777777777777778,1,0.0,-0.83,Defender,0.19650655021834063,0.0
543,2018,Joshua Kimmich,Germany,3,0,3,0.18,265,218,12,8,1,18,0,1,0,0,2,1,279,Right Back,0.0,0.9677419354838709,85.48387096774194,70.3225806451613,3.8709677419354835,2.5806451612903225,0.3225806451612903,5.806451612903226,0.0,0.3225806451612903,0.6451612903225806,0.3225806451612903,0.058064516129032254,1,0.8226415094339623,1,0.5,1,0.0,-0.18,Defender,0.0,0.0
544,2018,Josh Risdon,Australia,3,0,1,0.04,154,113,0,13,2,9,0,4,1,0,6,5,279,Right Back,0.0,0.3225806451612903,49.67741935483871,36.45161290322581,0.0,4.193548387096774,0.6451612903225806,2.903225806451613,0.0,1.2903225806451613,1.9354838709677418,1.6129032258064515,0.012903225806451613,1,0.7337662337662337,1,0.8333333333333334,1,0.0,-0.04,Defender,0.3225806451612903,0.0
545,2018,Jorge Resurrección Merodio,Spain,3,0,2,0.8,270,249,3,4,2,7,0,0,0,0,2,2,308,Right Defensive Midfield,0.0,0.5844155844155845,78.8961038961039,72.75974025974027,0.8766233766233766,1.168831168831169,0.5844155844155845,2.0454545454545454,0.0,0.0,0.5844155844155845,0.5844155844155845,0.2337662337662338,1,0.9222222222222223,1,1.0,1,0.0,-0.8,Midfielder,0.0,0.0
546,2018,Jordi Alba Ramos,Spain,4,0,2,0.13,414,372,3,7,5,17,1,2,0,0,5,3,394,Left Back,0.0,0.45685279187817257,94.56852791878171,84.9746192893401,0.6852791878172588,1.5989847715736039,1.1421319796954315,3.8832487309644668,0.22842639593908629,0.45685279187817257,1.1421319796954315,0.6852791878172588,0.029695431472081216,1,0.8985507246376812,1,0.6,1,0.0,-0.13,Defender,0.0,0.0
547,2018,Jordan Pickford,England,7,0,0,0.0,226,156,0,0,0,40,0,0,0,0,0,0,713,Goalkeeper,0.0,0.0,28.5273492286115,19.691444600280505,0.0,0.0,0.0,5.049088359046283,0.0,0.0,0.0,0.0,0.0,1,0.6902654867256637,0,0.0,0,0.0,0.0,Goalkeeper,0.0,0.0
548,2018,Jordan Brian Henderson,England,5,0,5,0.91,302,235,1,12,3,22,0,4,0,0,1,0,488,Center Defensive Midfield,0.0,0.9221311475409836,55.69672131147541,43.34016393442623,0.1844262295081967,2.2131147540983607,0.5532786885245902,4.057377049180328,0.0,0.7377049180327868,0.1844262295081967,0.0,0.167827868852459,1,0.7781456953642384,1,0.0,1,0.0,-0.91,Midfielder,0.0,0.0
549,1974,Wolfgang Overath,Germany,2,0,1,0.03,78,61,6,1,2,9,1,3,0,0,1,0,154,Left Center Forward,0.0,0.5844155844155845,45.58441558441559,35.64935064935065,3.5064935064935066,0.5844155844155845,1.168831168831169,5.25974025974026,0.5844155844155845,1.7532467532467533,0.5844155844155845,0.0,0.01753246753246753,1,0.782051282051282,1,0.0,1,0.0,-0.03,Forward,0.0,0.0
550,1974,Wim Suurbier,Netherlands,5,0,3,0.08,263,210,4,14,5,22,1,13,2,0,6,5,434,Right Back,0.0,0.6221198156682028,54.53917050691245,43.5483870967742,0.8294930875576038,2.903225806451613,1.0368663594470047,4.56221198156682,0.20737327188940094,2.695852534562212,1.2442396313364057,1.0368663594470047,0.016589861751152075,1,0.7984790874524715,1,0.8333333333333334,1,0.0,-0.08,Defender,0.4147465437788019,0.0
551,2018,Kasper Schmeichel,Denmark,4,0,0,0.0,122,67,0,0,0,18,0,0,0,0,0,0,403,Goalkeeper,0.0,0.0,27.24565756823821,14.962779156327542,0.0,0.0,0.0,4.01985111662531,0.0,0.0,0.0,0.0,0.0,1,0.5491803278688525,0,0.0,0,0.0,0.0,Goalkeeper,0.0,0.0
552,2018,Kasper Dolberg,Denmark,1,0,0,0.0,5,4,0,3,0,1,0,1,0,0,0,0,92,Center Forward,0.0,0.0,4.891304347826087,3.91304347826087,0.0,2.9347826086956523,0.0,0.9782608695652175,0.0,0.9782608695652175,0.0,0.0,0.0,1,0.8,0,0.0,0,0.0,0.0,Forward,0.0,0.0
553,2018,Karim El Ahmadi Al Aroos,Morocco,3,0,1,0.01,113,93,1,9,4,17,0,6,2,0,2,0,269,Right Center Midfield,0.0,0.3345724907063197,37.806691449814124,31.11524163568773,0.3345724907063197,3.0111524163568775,1.338289962825279,5.687732342007435,0.0,2.007434944237918,0.6691449814126395,0.0,0.003345724907063197,1,0.8230088495575221,1,0.0,1,0.0,-0.01,Midfielder,0.6691449814126395,0.0
554,2018,Kamil Grosicki,Poland,3,0,5,0.53,71,43,4,2,2,3,0,1,0,0,3,2,278,Right Wing,0.0,1.618705035971223,22.985611510791365,13.920863309352518,1.2949640287769784,0.6474820143884892,0.6474820143884892,0.9712230215827338,0.0,0.3237410071942446,0.9712230215827338,0.6474820143884892,0.17158273381294964,1,0.6056338028169014,1,0.6666666666666666,1,0.0,-0.53,Forward,0.0,0.0
555,2018,Kamil Glik,Poland,2,0,1,0.06,78,67,0,2,0,3,0,3,0,0,0,0,181,Right Center Back,0.0,0.4972375690607735,38.78453038674033,33.31491712707182,0.0,0.994475138121547,0.0,1.4917127071823204,0.0,1.4917127071823204,0.0,0.0,0.02983425414364641,1,0.8589743589743589,0,0.0,1,0.0,-0.06,Defender,0.0,0.0
556,2018,Kalidou Koulibaly,Senegal,3,0,0,0.0,113,88,0,5,5,10,0,5,0,0,0,0,277,Left Center Back,0.0,0.0,36.71480144404332,28.59205776173285,0.0,1.6245487364620939,1.6245487364620939,3.2490974729241877,0.0,1.6245487364620939,0.0,0.0,0.0,1,0.7787610619469026,0,0.0,0,0.0,0.0,Defender,0.0,0.0
557,2018,Jérôme Boateng,Germany,2,0,3,0.04,184,162,1,6,3,8,0,6,2,0,0,0,171,Right Center Back,0.0,1.5789473684210527,96.8421052631579,85.26315789473685,0.5263157894736842,3.1578947368421053,1.5789473684210527,4.2105263157894735,0.0,3.1578947368421053,0.0,0.0,0.02105263157894737,1,0.8804347826086957,0,0.0,1,0.0,-0.04,Defender,1.0526315789473684,0.0
558,2018,Julian Draxler,Germany,2,0,6,0.53,81,72,4,5,0,3,0,4,0,0,7,5,136,Left Wing,0.0,3.9705882352941178,53.60294117647059,47.64705882352941,2.6470588235294117,3.308823529411765,0.0,1.9852941176470589,0.0,2.6470588235294117,4.632352941176471,3.308823529411765,0.3507352941176471,1,0.8888888888888888,1,0.7142857142857143,1,0.0,-0.53,Forward,0.0,0.0
559,2018,Julian Brandt,Germany,3,0,4,0.32,25,23,0,1,0,2,0,0,0,0,3,1,278,Left Back,0.0,1.2949640287769784,8.093525179856115,7.446043165467626,0.0,0.3237410071942446,0.0,0.6474820143884892,0.0,0.0,0.9712230215827338,0.3237410071942446,0.10359712230215827,1,0.92,1,0.3333333333333333,1,0.0,-0.32,Defender,0.0,0.0
560,2018,Kári Árnason,Iceland,2,0,0,0.0,50,28,1,13,1,6,0,3,0,0,0,0,188,Right Center Back,0.0,0.0,23.936170212765955,13.404255319148936,0.4787234042553191,6.223404255319148,0.4787234042553191,2.872340425531915,0.0,1.4361702127659575,0.0,0.0,0.0,1,0.56,0,0.0,0,0.0,0.0,Defender,0.0,0.0
561,2018,Kyle Walker,England,5,0,0,0.0,385,346,1,7,3,29,0,3,1,0,7,6,500,Right Center Back,0.0,0.0,69.3,62.28,0.18,1.26,0.54,5.22,0.0,0.54,1.26,1.08,0.0,1,0.8987012987012987,1,0.8571428571428571,0,0.0,0.0,Defender,0.18,0.0
562,2018,Khadim N'Diaye,Senegal,3,0,0,0.0,71,28,0,0,0,7,0,0,0,0,0,0,273,Goalkeeper,0.0,0.0,23.40659340659341,9.230769230769232,0.0,0.0,0.0,2.307692307692308,0.0,0.0,0.0,0.0,0.0,1,0.39436619718309857,0,0.0,0,0.0,0.0,Goalkeeper,0.0,0.0
563,2018,Keylor Navas Gamboa,Costa Rica,3,0,0,0.0,72,46,0,0,0,24,0,0,0,0,0,0,282,Goalkeeper,0.0,0.0,22.97872340425532,14.680851063829788,0.0,0.0,0.0,7.659574468085107,0.0,0.0,0.0,0.0,0.0,1,0.6388888888888888,0,0.0,0,0.0,0.0,Goalkeeper,0.0,0.0
564,2018,Kenneth Josiah Omeruo,Nigeria,2,0,1,0.04,73,50,0,2,6,11,0,2,0,0,1,1,184,Left Center Back,0.0,0.48913043478260876,35.70652173913044,24.456521739130437,0.0,0.9782608695652175,2.9347826086956523,5.380434782608696,0.0,0.9782608695652175,0.48913043478260876,0.48913043478260876,0.01956521739130435,1,0.684931506849315,1,1.0,1,0.0,-0.04,Defender,0.0,0.0
565,2018,Kelechi Promise Iheanacho,Nigeria,3,0,3,0.12,43,27,4,4,0,2,0,0,0,0,4,2,220,Left Center Forward,0.0,1.227272727272727,17.59090909090909,11.045454545454545,1.6363636363636362,1.6363636363636362,0.0,0.8181818181818181,0.0,0.0,1.6363636363636362,0.8181818181818181,0.04909090909090909,1,0.627906976744186,1,0.5,1,0.0,-0.12,Forward,0.0,0.0
566,1986,Franky Vercauteren,Belgium,1,0,3,0.62,35,21,3,0,0,6,1,2,0,0,3,1,90,Left Center Midfield,0.0,3.0,35.0,21.0,3.0,0.0,0.0,6.0,1.0,2.0,3.0,1.0,0.62,1,0.6,1,0.3333333333333333,1,0.0,-0.62,Midfielder,0.0,0.0
567,1986,Enzo Scifo,Belgium,1,0,3,0.1,30,23,1,2,0,8,1,5,0,0,2,2,90,Right Center Back,0.0,3.0,30.0,23.0,1.0,2.0,0.0,8.0,1.0,5.0,2.0,2.0,0.1,1,0.7666666666666667,1,1.0,1,0.0,-0.1,Defender,0.0,0.0
568,1986,Ditmar Jakobs,Germany,1,0,0,0.0,49,39,1,3,0,8,0,4,0,0,4,2,92,Center Back,0.0,0.0,47.934782608695656,38.152173913043484,0.9782608695652175,2.9347826086956523,0.0,7.82608695652174,0.0,3.91304347826087,3.91304347826087,1.956521739130435,0.0,1,0.7959183673469388,1,0.5,0,0.0,0.0,Defender,0.0,0.0
569,1986,Daniel Veyt,Belgium,1,0,0,0.0,15,10,2,5,1,3,0,2,0,0,0,0,90,Right Center Forward,0.0,0.0,15.0,10.0,2.0,5.0,1.0,3.0,0.0,2.0,0.0,0.0,0.0,1,0.6666666666666666,0,0.0,0,0.0,0.0,Forward,0.0,0.0
570,1986,Chris Waddle,England,1,0,0,0.0,6,2,0,1,0,2,0,0,0,0,4,1,90,Left Defensive Midfield,0.0,0.0,6.0,2.0,0.0,1.0,0.0,2.0,0.0,0.0,4.0,1.0,0.0,1,0.3333333333333333,1,0.25,0,0.0,0.0,Midfielder,0.0,0.0
571,1986,Carlos Daniel Tapia,Argentina,1,0,1,0.25,3,3,0,1,0,0,0,0,0,0,1,1,90,Left Center Midfield,0.0,1.0,3.0,3.0,0.0,1.0,0.0,0.0,0.0,0.0,1.0,1.0,0.25,1,1.0,1,1.0,1,0.0,-0.25,Midfielder,0.0,0.0
572,1986,Andreas Brehme,Germany,1,0,0,0.0,62,43,2,5,0,5,0,2,0,0,0,0,93,Right Center Back,0.0,0.0,59.99999999999999,41.61290322580645,1.9354838709677418,4.838709677419354,0.0,4.838709677419354,0.0,1.9354838709677418,0.0,0.0,0.0,1,0.6935483870967742,0,0.0,0,0.0,0.0,Defender,0.0,0.0
573,2018,Maciej Rybus,Poland,2,0,0,0.0,71,59,3,3,6,7,0,2,0,0,2,1,185,Left Midfield,0.0,0.0,34.54054054054054,28.702702702702705,1.4594594594594597,1.4594594594594597,2.9189189189189193,3.4054054054054057,0.0,0.972972972972973,0.972972972972973,0.4864864864864865,0.0,1,0.8309859154929577,1,0.5,0,0.0,0.0,Midfielder,0.0,0.0
574,2018,Luka Milivojević,Serbia,2,0,0,0.0,74,63,1,5,1,8,0,2,1,0,1,0,174,Right Center Midfield,0.0,0.0,38.275862068965516,32.58620689655172,0.5172413793103449,2.586206896551724,0.5172413793103449,4.137931034482759,0.0,1.0344827586206897,0.5172413793103449,0.0,0.0,1,0.8513513513513513,1,0.0,0,0.0,0.0,Midfielder,0.5172413793103449,0.0
575,2018,Luka Jović,Serbia,1,0,0,0.0,0,0,0,0,0,0,0,0,0,0,0,0,92,Center Forward,0.0,0.0,0.0,0.0,0.0,0.0,0.0,0.0,0.0,0.0,0.0,0.0,0.0,0,0.0,0,0.0,0,0.0,0.0,Forward,0.0,0.0
576,2018,Luis Jan Piers Advíncula Castrillón,Peru,3,0,3,0.03,144,124,2,13,4,12,0,2,0,0,8,7,281,Right Back,0.0,0.9608540925266904,46.120996441281136,39.7153024911032,0.6405693950177936,4.1637010676156585,1.2811387900355873,3.8434163701067616,0.0,0.6405693950177936,2.5622775800711746,2.2419928825622777,0.009608540925266904,1,0.8611111111111112,1,0.875,1,0.0,-0.03,Defender,0.0,0.0
577,2018,Luis Carlos Tejada Hansell,Panama,2,0,0,0.0,21,16,0,4,0,0,0,4,0,0,3,0,189,Center Forward,0.0,0.0,10.0,7.619047619047619,0.0,1.9047619047619047,0.0,0.0,0.0,1.9047619047619047,1.4285714285714286,0.0,0.0,1,0.7619047619047619,1,0.0,0,0.0,0.0,Forward,0.0,0.0
578,2018,Luis Carlos Ovalle Victoria,Panama,1,0,1,0.01,36,20,0,2,2,3,0,0,0,0,0,0,91,Left Back,0.0,0.989010989010989,35.604395604395606,19.78021978021978,0.0,1.978021978021978,1.978021978021978,2.967032967032967,0.0,0.0,0.0,0.0,0.009890109890109891,1,0.5555555555555556,0,0.0,1,0.0,-0.01,Defender,0.0,0.0
579,2018,Lucas Vázquez Iglesias,Spain,2,0,0,0.0,42,28,0,2,2,2,0,3,0,0,4,2,172,Right Midfield,0.0,0.0,21.97674418604651,14.651162790697674,0.0,1.0465116279069766,1.0465116279069766,1.0465116279069766,0.0,1.569767441860465,2.093023255813953,1.0465116279069766,0.0,1,0.6666666666666666,1,0.5,0,0.0,0.0,Midfielder,0.0,0.0
580,2018,Lucas Torreira Di Pascua,Uruguay,5,0,2,0.05,153,122,3,8,6,20,1,4,0,0,4,1,466,Center Defensive Midfield,0.0,0.38626609442060084,29.549356223175963,23.56223175965665,0.5793991416309012,1.5450643776824033,1.1587982832618025,3.8626609442060085,0.19313304721030042,0.7725321888412017,0.7725321888412017,0.19313304721030042,0.009656652360515022,1,0.7973856209150327,1,0.25,1,0.0,-0.05,Midfielder,0.0,0.0
581,2018,Lucas Hernández Pi,France,7,0,5,0.29,276,218,2,15,7,22,0,9,1,0,12,6,604,Left Back,0.0,0.7450331125827815,41.12582781456953,32.48344370860927,0.29801324503311255,2.2350993377483444,1.043046357615894,3.2781456953642385,0.0,1.3410596026490067,1.7880794701986755,0.8940397350993378,0.04321192052980132,1,0.7898550724637681,1,0.5,1,0.0,-0.29,Defender,0.14900662251655628,0.0
582,2018,Lovre Kalinić,Croatia,1,0,0,0.0,16,5,0,0,0,5,0,0,0,0,0,0,93,Goalkeeper,0.0,0.0,15.483870967741934,4.838709677419354,0.0,0.0,0.0,4.838709677419354,0.0,0.0,0.0,0.0,0.0,1,0.3125,0,0.0,0,0.0,0.0,Goalkeeper,0.0,0.0
583,2018,Leon Aderemi Balogun,Nigeria,3,0,3,0.29,131,91,0,6,7,9,0,3,1,0,1,1,279,Right Center Back,0.0,0.9677419354838709,42.25806451612903,29.35483870967742,0.0,1.9354838709677418,2.258064516129032,2.903225806451613,0.0,0.9677419354838709,0.3225806451612903,0.3225806451612903,0.09354838709677418,1,0.6946564885496184,1,1.0,1,0.0,-0.29,Defender,0.3225806451612903,0.0
584,2018,Leander Dendoncker,Belgium,1,0,0,0.0,70,64,0,1,0,2,0,3,1,0,0,0,92,Right Center Back,0.0,0.0,68.47826086956522,62.60869565217392,0.0,0.9782608695652175,0.0,1.956521739130435,0.0,2.9347826086956523,0.0,0.0,0.0,1,0.9142857142857143,0,0.0,0,0.0,0.0,Defender,0.9782608695652175,0.0
585,2018,Lasse Schöne,Denmark,3,0,5,0.9,122,104,0,5,5,20,0,3,0,0,1,1,306,Right Center Midfield,0.0,1.4705882352941178,35.88235294117647,30.58823529411765,0.0,1.4705882352941178,1.4705882352941178,5.882352941176471,0.0,0.8823529411764706,0.29411764705882354,0.29411764705882354,0.2647058823529412,1,0.8524590163934426,1,1.0,1,0.0,-0.9,Midfielder,0.0,0.0
586,2018,Lamine Gassama,Senegal,1,0,0,0.0,32,28,0,3,4,7,0,1,0,0,3,2,91,Right Back,0.0,0.0,31.64835164835165,27.692307692307693,0.0,2.967032967032967,3.956043956043956,6.923076923076923,0.0,0.989010989010989,2.967032967032967,1.978021978021978,0.0,1,0.875,1,0.6666666666666666,0,0.0,0.0,Defender,0.0,0.0
587,2018,Mario Gavranović,Switzerland,2,0,3,0.38,17,13,1,1,0,3,0,1,0,0,2,0,163,Center Forward,0.0,1.656441717791411,9.386503067484663,7.177914110429448,0.5521472392638037,0.5521472392638037,0.0,1.656441717791411,0.0,0.5521472392638037,1.1042944785276074,0.0,0.2098159509202454,1,0.7647058823529411,1,0.0,1,0.0,-0.38,Forward,0.0,0.0
588,2018,Marcus Berg,Sweden,5,0,15,2.55,87,61,2,24,4,5,0,16,0,0,1,0,421,Right Center Forward,0.0,3.2066508313539193,18.59857482185273,13.040380047505938,0.42755344418052255,5.13064133016627,0.8551068883610451,1.0688836104513064,0.0,3.4204275534441804,0.21377672209026127,0.0,0.5451306413301662,1,0.7011494252873564,1,0.0,1,0.0,-2.55,Forward,0.0,0.0
589,2018,Marcos Javier Acuña,Argentina,1,0,1,0.04,49,30,1,4,0,6,0,1,1,0,4,2,93,Left Midfield,0.0,0.9677419354838709,47.41935483870967,29.032258064516125,0.9677419354838709,3.8709677419354835,0.0,5.806451612903225,0.0,0.9677419354838709,3.8709677419354835,1.9354838709677418,0.038709677419354833,1,0.6122448979591837,1,0.5,1,0.0,-0.04,Midfielder,0.9677419354838709,0.0
590,2018,Marcos Danilo Ureña Porras,Costa Rica,2,0,2,0.07,20,14,0,3,0,4,0,4,0,0,2,1,119,Center Forward,0.0,1.5126050420168067,15.126050420168067,10.588235294117647,0.0,2.26890756302521,0.0,3.0252100840336134,0.0,3.0252100840336134,1.5126050420168067,0.7563025210084033,0.05294117647058824,1,0.7,1,0.5,1,0.0,-0.07,Forward,0.0,0.0
591,2018,Marcos Aoás Corrêa,Brazil,1,0,0,0.0,3,3,0,0,0,0,0,0,0,0,0,0,95,Right Back,0.0,0.0,2.8421052631578947,2.8421052631578947,0.0,0.0,0.0,0.0,0.0,0.0,0.0,0.0,0.0,1,1.0,0,0.0,0,0.0,0.0,Defender,0.0,0.0
592,2018,Marco Jhonfai Fabián De La Mora,Mexico,1,0,1,0.02,15,12,1,0,0,1,0,1,0,0,0,0,91,Left Center Midfield,0.0,0.989010989010989,14.835164835164836,11.868131868131869,0.989010989010989,0.0,0.0,0.989010989010989,0.0,0.989010989010989,0.0,0.0,0.019780219780219783,1,0.8,0,0.0,1,0.0,-0.02,Midfielder,0.0,0.0
593,2018,Marco Asensio Willemsen,Spain,3,0,3,0.35,67,56,2,1,0,3,0,0,0,0,5,3,292,Right Midfield,0.0,0.9246575342465754,20.65068493150685,17.26027397260274,0.6164383561643836,0.3082191780821918,0.0,0.9246575342465754,0.0,0.0,1.5410958904109588,0.9246575342465754,0.10787671232876711,1,0.835820895522388,1,0.6,1,0.0,-0.35,Midfielder,0.0,0.0
594,2018,Marcelo Vieira da Silva Júnior,Brazil,4,0,4,0.06,291,238,8,6,7,22,0,2,0,0,4,2,291,Left Back,0.0,1.2371134020618557,90.0,73.6082474226804,2.4742268041237114,1.8556701030927836,2.1649484536082473,6.804123711340206,0.0,0.6185567010309279,1.2371134020618557,0.6185567010309279,0.018556701030927835,1,0.8178694158075601,1,0.5,1,0.0,-0.06,Defender,0.0,0.0
595,2018,Manuel Obafemi Akanji,Switzerland,4,0,2,0.18,304,272,0,11,5,13,0,3,0,0,2,2,366,Left Center Back,0.0,0.49180327868852464,74.75409836065575,66.88524590163935,0.0,2.7049180327868854,1.2295081967213115,3.19672131147541,0.0,0.7377049180327869,0.49180327868852464,0.49180327868852464,0.04426229508196721,1,0.8947368421052632,1,1.0,1,0.0,-0.18,Defender,0.0,0.0
596,2018,Manuel Neuer,Germany,3,0,0,0.0,79,68,0,0,0,17,0,0,0,0,2,1,284,Goalkeeper,0.0,0.0,25.035211267605636,21.549295774647888,0.0,0.0,0.0,5.387323943661972,0.0,0.0,0.6338028169014085,0.31690140845070425,0.0,1,0.8607594936708861,1,0.5,0,0.0,0.0,Goalkeeper,0.0,0.0
597,2018,Manuel Marouan da Costa Trinidade,Morocco,3,0,2,0.09,82,56,0,2,3,8,0,2,1,0,0,0,275,Left Center Back,0.0,0.6545454545454545,26.83636363636364,18.327272727272728,0.0,0.6545454545454545,0.9818181818181819,2.618181818181818,0.0,0.6545454545454545,0.0,0.0,0.029454545454545455,1,0.6829268292682927,0,0.0,1,0.0,-0.09,Defender,0.32727272727272727,0.0
598,2018,Manuel Henrique Tavares Fernandes,Portugal,1,0,2,0.03,10,8,1,1,0,0,0,0,0,0,1,1,94,Right Center Midfield,0.0,1.9148936170212765,9.574468085106382,7.659574468085106,0.9574468085106382,0.9574468085106382,0.0,0.0,0.0,0.0,0.9574468085106382,0.9574468085106382,0.028723404255319145,1,0.8,1,1.0,1,0.0,-0.03,Midfielder,0.0,0.0
599,2018,Mame Biram Diouf,Senegal,2,0,2,0.18,9,7,0,3,0,3,0,3,0,0,0,0,154,Right Center Forward,0.0,1.168831168831169,5.25974025974026,4.090909090909091,0.0,1.7532467532467533,0.0,1.7532467532467533,0.0,1.7532467532467533,0.0,0.0,0.1051948051948052,1,0.7777777777777778,0,0.0,1,0.0,-0.18,Forward,0.0,0.0
600,2018,Makoto Hasebe,Japan,4,0,1,0.03,210,183,1,7,3,13,0,5,1,0,1,1,370,Right Defensive Midfield,0.0,0.24324324324324326,51.08108108108109,44.513513513513516,0.24324324324324326,1.7027027027027029,0.7297297297297298,3.1621621621621623,0.0,1.2162162162162162,0.24324324324324326,0.24324324324324326,0.007297297297297297,1,0.8714285714285714,1,1.0,1,0.0,-0.03,Midfielder,0.24324324324324326,0.0
601,2018,Mahmoud Ibrahim Hassan,Egypt,3,0,8,0.55,91,69,2,7,3,13,1,6,1,0,11,5,241,Left Wing,0.0,2.987551867219917,33.983402489626556,25.767634854771785,0.7468879668049793,2.6141078838174274,1.120331950207469,4.854771784232366,0.37344398340248963,2.240663900414938,4.107883817427386,1.8672199170124482,0.20539419087136931,1,0.7582417582417582,1,0.45454545454545453,1,0.0,-0.55,Forward,0.37344398340248963,0.0
602,2018,Mahmoud Abdul Monem Abdelhamid Soliman,Egypt,3,0,0,0.0,21,14,0,5,0,1,0,2,0,0,0,0,279,Center Forward,0.0,0.0,6.774193548387097,4.516129032258064,0.0,1.6129032258064515,0.0,0.3225806451612903,0.0,0.6451612903225806,0.0,0.0,0.0,1,0.6666666666666666,0,0.0,0,0.0,0.0,Forward,0.0,0.0
603,1974,Sepp Maier,Germany,2,0,0,0.0,54,31,0,0,0,1,0,0,0,0,0,0,161,Goalkeeper,0.0,0.0,30.186335403726705,17.32919254658385,0.0,0.0,0.0,0.5590062111801242,0.0,0.0,0.0,0.0,0.0,1,0.5740740740740741,0,0.0,0,0.0,0.0,Goalkeeper,0.0,0.0
604,1974,Rubén Hugo Ayala,Argentina,1,0,1,0.05,26,18,1,1,1,4,2,0,0,0,3,0,92,Right Attacking Midfield,0.0,0.9782608695652175,25.434782608695656,17.608695652173914,0.9782608695652175,0.9782608695652175,0.9782608695652175,3.91304347826087,1.956521739130435,0.0,2.9347826086956523,0.0,0.04891304347826088,1,0.6923076923076923,1,0.0,1,0.0,-0.05,Midfielder,0.0,0.0
605,2018,Mateo Kovačić,Croatia,5,0,5,1.14,126,117,3,10,1,12,0,4,0,0,7,4,510,Left Center Midfield,0.0,0.8823529411764706,22.235294117647058,20.64705882352941,0.5294117647058824,1.7647058823529411,0.1764705882352941,2.1176470588235294,0.0,0.7058823529411764,1.2352941176470587,0.7058823529411764,0.20117647058823526,1,0.9285714285714286,1,0.5714285714285714,1,0.0,-1.14,Midfielder,0.0,0.0
606,2018,Marwan Mohsen,Egypt,3,0,6,0.44,54,28,2,17,1,8,0,4,0,0,2,1,206,Center Forward,0.0,2.621359223300971,23.59223300970874,12.233009708737864,0.8737864077669903,7.427184466019418,0.4368932038834952,3.4951456310679614,0.0,1.7475728155339807,0.8737864077669903,0.4368932038834952,0.19223300970873788,1,0.5185185185185185,1,0.5,1,0.0,-0.44,Forward,0.0,0.0
607,2018,Martin Olsson,Sweden,2,0,0,0.0,13,9,0,0,0,3,0,1,0,0,0,0,186,Left Wing,0.0,0.0,6.290322580645161,4.354838709677419,0.0,0.0,0.0,1.4516129032258063,0.0,0.48387096774193544,0.0,0.0,0.0,1,0.6923076923076923,0,0.0,0,0.0,0.0,Forward,0.0,0.0
608,2018,Martin Braithwaite Christensen,Denmark,4,0,4,0.28,54,39,0,6,0,9,0,6,0,0,3,3,378,Left Wing,0.0,0.9523809523809523,12.857142857142856,9.285714285714285,0.0,1.4285714285714286,0.0,2.142857142857143,0.0,1.4285714285714286,0.7142857142857143,0.7142857142857143,0.06666666666666667,1,0.7222222222222222,1,1.0,1,0.0,-0.28,Forward,0.0,0.0
609,2018,Marko Pjaca,Croatia,3,0,1,0.03,23,16,1,3,0,5,0,1,1,0,2,1,256,Right Wing,0.0,0.3515625,8.0859375,5.625,0.3515625,1.0546875,0.0,1.7578125,0.0,0.3515625,0.703125,0.3515625,0.010546874999999999,1,0.6956521739130435,1,0.5,1,0.0,-0.03,Forward,0.3515625,0.0
610,2018,Mark Milligan,Australia,3,0,0,0.0,249,228,1,8,5,7,0,3,1,0,0,0,277,Left Center Back,0.0,0.0,80.90252707581227,74.07942238267148,0.3249097472924188,2.5992779783393503,1.6245487364620939,2.2743682310469313,0.0,0.9747292418772563,0.0,0.0,0.0,1,0.9156626506024096,0,0.0,0,0.0,0.0,Defender,0.3249097472924188,0.0
611,2018,Mario Gómez García,Germany,3,0,6,1.46,13,7,2,1,0,2,0,0,0,0,0,0,275,Center Forward,0.0,1.9636363636363638,4.254545454545455,2.290909090909091,0.6545454545454545,0.32727272727272727,0.0,0.6545454545454545,0.0,0.0,0.0,0.0,0.47781818181818186,1,0.5384615384615384,0,0.0,1,0.0,-1.46,Forward,0.0,0.0
612,2018,Maya Yoshida,Japan,4,0,2,0.22,290,249,0,6,6,11,0,5,0,0,0,0,365,Right Center Back,0.0,0.4931506849315069,71.5068493150685,61.397260273972606,0.0,1.4794520547945207,1.4794520547945207,2.712328767123288,0.0,1.2328767123287672,0.0,0.0,0.054246575342465755,1,0.8586206896551725,0,0.0,1,0.0,-0.22,Defender,0.0,0.0
613,2018,Maximiliano Gómez González,Uruguay,2,0,0,0.0,4,3,1,3,0,1,0,1,0,0,0,0,188,Right Center Forward,0.0,0.0,1.9148936170212765,1.4361702127659575,0.4787234042553191,1.4361702127659575,0.0,0.4787234042553191,0.0,0.4787234042553191,0.0,0.0,0.0,1,0.75,0,0.0,0,0.0,0.0,Forward,0.0,0.0
614,2018,Maximiliano Eduardo Meza,Argentina,4,0,3,0.34,116,91,7,5,2,11,1,5,0,0,10,5,359,Left Attacking Midfield,0.0,0.7520891364902507,29.080779944289695,22.813370473537603,1.7548746518105849,1.2534818941504178,0.5013927576601671,2.7576601671309193,0.25069637883008355,1.2534818941504178,2.5069637883008355,1.2534818941504178,0.08523676880222841,1,0.7844827586206896,1,0.5,1,0.0,-0.34,Midfielder,0.0,0.0
615,2018,Matías Vecino Falero,Uruguay,5,0,4,0.34,266,220,1,15,5,31,1,10,0,0,2,2,424,Right Center Midfield,0.0,0.8490566037735848,56.4622641509434,46.698113207547166,0.2122641509433962,3.1839622641509435,1.0613207547169812,6.580188679245283,0.2122641509433962,2.1226415094339623,0.4245283018867924,0.4245283018867924,0.07216981132075471,1,0.8270676691729323,1,1.0,1,0.0,-0.34,Midfielder,0.0,0.0
616,2018,Mats Hummels,Germany,2,0,6,0.88,105,96,0,7,5,10,0,3,1,0,2,2,188,Left Center Back,0.0,2.872340425531915,50.26595744680851,45.95744680851064,0.0,3.351063829787234,2.3936170212765955,4.787234042553191,0.0,1.4361702127659575,0.9574468085106382,0.9574468085106382,0.42127659574468085,1,0.9142857142857143,1,1.0,1,0.0,-0.88,Defender,0.4787234042553191,0.0
617,2018,Mathias Jattah-Njie Jørgensen,Denmark,1,0,0,0.0,2,2,0,0,0,0,0,0,0,0,0,0,94,Left Center Back,0.0,0.0,1.9148936170212765,1.9148936170212765,0.0,0.0,0.0,0.0,0.0,0.0,0.0,0.0,0.0,1,1.0,0,0.0,0,0.0,0.0,Defender,0.0,0.0
618,2018,Mathew Ryan,Australia,3,0,0,0.0,111,95,0,0,0,20,0,0,0,0,0,0,269,Goalkeeper,0.0,0.0,37.13754646840149,31.78438661710037,0.0,0.0,0.0,6.691449814126394,0.0,0.0,0.0,0.0,0.0,1,0.8558558558558559,0,0.0,0,0.0,0.0,Goalkeeper,0.0,0.0
619,2018,Mathew Leckie,Australia,3,0,9,0.72,83,56,2,6,3,8,0,8,1,0,8,5,280,Right Midfield,0.0,2.892857142857143,26.678571428571427,18.0,0.6428571428571428,1.9285714285714286,0.9642857142857143,2.571428571428571,0.0,2.571428571428571,2.571428571428571,1.6071428571428572,0.23142857142857143,1,0.6746987951807228,1,0.625,1,0.0,-0.72,Midfielder,0.3214285714285714,0.0
620,1974,Wim Rijsbergen,Netherlands,5,0,0,0.0,243,213,0,20,7,29,2,18,0,0,6,6,423,Right Center Back,0.0,0.0,51.702127659574465,45.31914893617021,0.0,4.25531914893617,1.4893617021276595,6.170212765957446,0.425531914893617,3.829787234042553,1.276595744680851,1.276595744680851,0.0,1,0.8765432098765432,1,1.0,0,0.0,0.0,Defender,0.0,0.0
621,1974,Wim Jansen,Netherlands,5,0,5,0.36,201,159,6,20,6,27,1,12,0,0,7,6,444,Center Defensive Midfield,0.0,1.0135135135135134,40.74324324324324,32.229729729729726,1.2162162162162162,4.0540540540540535,1.2162162162162162,5.472972972972973,0.2027027027027027,2.4324324324324325,1.4189189189189189,1.2162162162162162,0.07297297297297296,1,0.7910447761194029,1,0.8571428571428571,1,0.0,-0.36,Midfielder,0.0,0.0
622,1974,Willem van Hanegem,Netherlands,5,0,12,0.76,271,223,10,18,4,31,6,15,0,0,13,9,426,Left Center Midfield,0.0,2.535211267605634,57.25352112676056,47.112676056338024,2.112676056338028,3.8028169014084505,0.8450704225352113,6.549295774647887,1.267605633802817,3.169014084507042,2.7464788732394365,1.9014084507042253,0.16056338028169015,1,0.8228782287822878,1,0.6923076923076923,1,0.0,-0.76,Midfielder,0.0,0.0
623,1974,Valdomiro Vaz Franco,Brazil,1,0,2,0.06,18,8,0,3,0,6,0,0,0,0,3,2,90,Right Midfield,0.0,2.0,18.0,8.0,0.0,3.0,0.0,6.0,0.0,0.0,3.0,2.0,0.06,1,0.4444444444444444,1,0.6666666666666666,1,0.0,-0.06,Midfielder,0.0,0.0
624,1974,Ulrich Hoeneß,Germany,2,0,2,0.11,76,57,3,2,1,6,1,0,0,0,9,6,173,Right Center Forward,0.0,1.0404624277456647,39.53757225433526,29.653179190751445,1.560693641618497,1.0404624277456647,0.5202312138728323,3.121387283236994,0.5202312138728323,0.0,4.682080924855491,3.121387283236994,0.05722543352601156,1,0.75,1,0.6666666666666666,1,0.0,-0.11,Forward,0.0,0.0
625,1974,Theo de Jong,Netherlands,3,0,2,0.27,32,26,0,2,0,1,1,1,0,0,2,1,261,Left Wing,0.0,0.6896551724137931,11.03448275862069,8.965517241379311,0.0,0.6896551724137931,0.0,0.3448275862068966,0.3448275862068966,0.3448275862068966,0.6896551724137931,0.3448275862068966,0.09310344827586207,1,0.8125,1,0.5,1,0.0,-0.27,Forward,0.0,0.0
626,2018,Mohamed Abdul Shafy Sayed Abouezeid,Egypt,3,0,0,0.0,179,136,0,5,10,12,0,2,0,0,5,4,280,Left Back,0.0,0.0,57.535714285714285,43.714285714285715,0.0,1.6071428571428572,3.2142857142857144,3.857142857142857,0.0,0.6428571428571428,1.6071428571428572,1.2857142857142856,0.0,1,0.7597765363128491,1,0.8,0,0.0,0.0,Defender,0.0,0.0
627,2018,Min-Woo Kim,South Korea,2,0,1,0.03,64,42,3,2,3,5,0,6,0,0,0,0,177,Left Back,0.0,0.5084745762711864,32.54237288135593,21.35593220338983,1.5254237288135595,1.0169491525423728,1.5254237288135595,2.5423728813559325,0.0,3.050847457627119,0.0,0.0,0.015254237288135594,1,0.65625,0,0.0,1,0.0,-0.03,Defender,0.0,0.0
628,2018,Milos Veljkovic,Serbia,1,0,0,0.0,44,41,0,0,1,0,1,0,0,0,0,0,92,Left Center Back,0.0,0.0,43.04347826086957,40.108695652173914,0.0,0.0,0.9782608695652175,0.0,0.9782608695652175,0.0,0.0,0.0,0.0,1,0.9318181818181818,0,0.0,0,0.0,0.0,Defender,0.0,0.0
629,2018,Milad Mohammadi,Iran,2,0,0,0.0,19,11,0,5,4,4,1,0,0,0,1,1,189,Left Back,0.0,0.0,9.047619047619047,5.238095238095238,0.0,2.380952380952381,1.9047619047619047,1.9047619047619047,0.47619047619047616,0.0,0.47619047619047616,0.47619047619047616,0.0,1,0.5789473684210527,1,1.0,0,0.0,0.0,Defender,0.0,0.0
630,2018,Mikael Lustig,Sweden,4,0,2,0.03,134,83,6,7,5,10,0,6,2,0,1,1,352,Right Back,0.0,0.5113636363636364,34.26136363636364,21.22159090909091,1.5340909090909092,1.7897727272727273,1.278409090909091,2.556818181818182,0.0,1.5340909090909092,0.2556818181818182,0.2556818181818182,0.007670454545454545,1,0.6194029850746269,1,1.0,1,0.0,-0.03,Defender,0.5113636363636364,0.0
631,2018,Miguel Ángel Trauco Saavedra,Peru,3,0,0,0.0,203,156,2,6,3,18,0,2,0,0,3,2,280,Left Back,0.0,0.0,65.25,50.14285714285714,0.6428571428571428,1.9285714285714286,0.9642857142857143,5.785714285714286,0.0,0.6428571428571428,0.9642857142857143,0.6428571428571428,0.0,1,0.7684729064039408,1,0.6666666666666666,0,0.0,0.0,Defender,0.0,0.0
632,2018,Miguel Ángel Borja Hernández,Colombia,1,0,0,0.0,1,0,0,2,0,0,0,0,0,0,0,0,92,Center Forward,0.0,0.0,0.9782608695652175,0.0,0.0,1.956521739130435,0.0,0.0,0.0,0.0,0.0,0.0,0.0,1,0.0,0,0.0,0,0.0,0.0,Forward,0.0,0.0
633,2018,Miguel Arturo Layún Prado,Mexico,4,0,9,0.43,121,88,5,7,5,11,0,2,1,0,7,6,369,Right Wing,0.0,2.1951219512195124,29.512195121951223,21.463414634146343,1.2195121951219514,1.707317073170732,1.2195121951219514,2.682926829268293,0.0,0.48780487804878053,1.707317073170732,1.4634146341463417,0.10487804878048781,1,0.7272727272727273,1,0.8571428571428571,1,0.0,-0.43,Forward,0.24390243902439027,0.0
634,2018,Michał Pazdan,Poland,2,0,0,0.0,159,133,0,8,3,2,1,1,0,0,0,0,172,Left Center Back,0.0,0.0,83.19767441860465,69.59302325581395,0.0,4.186046511627906,1.569767441860465,1.0465116279069766,0.5232558139534883,0.5232558139534883,0.0,0.0,0.0,1,0.8364779874213837,0,0.0,0,0.0,0.0,Defender,0.0,0.0
635,2018,Michael Lang,Switzerland,3,0,1,0.05,63,51,0,1,3,3,0,3,0,1,0,0,279,Right Back,0.0,0.3225806451612903,20.32258064516129,16.451612903225804,0.0,0.3225806451612903,0.9677419354838709,0.9677419354838709,0.0,0.9677419354838709,0.0,0.0,0.016129032258064516,1,0.8095238095238095,0,0.0,1,0.0,-0.05,Defender,0.0,0.3225806451612903
636,2018,Michael Amir Murillo Bermudez,Panama,2,0,2,0.48,87,69,1,5,1,5,0,6,2,0,3,3,184,Right Back,0.0,0.9782608695652175,42.55434782608696,33.75,0.48913043478260876,2.4456521739130435,0.48913043478260876,2.4456521739130435,0.0,2.9347826086956523,1.4673913043478262,1.4673913043478262,0.23478260869565218,1,0.7931034482758621,1,1.0,1,0.0,-0.48,Defender,0.9782608695652175,0.0
637,2018,Mesut Özil,Germany,2,0,2,0.04,173,151,10,0,1,8,0,0,0,0,10,7,190,Center Attacking Midfield,0.0,0.9473684210526315,81.94736842105263,71.52631578947368,4.7368421052631575,0.0,0.47368421052631576,3.789473684210526,0.0,0.0,4.7368421052631575,3.3157894736842106,0.018947368421052633,1,0.8728323699421965,1,0.7,1,0.0,-0.04,Midfielder,0.0,0.0
638,2018,Mehdi Taremi,Iran,3,0,3,0.47,44,22,0,6,8,9,0,4,0,0,4,2,281,Right Wing,0.0,0.9608540925266904,14.092526690391459,7.0462633451957295,0.0,1.9217081850533808,2.5622775800711746,2.882562277580071,0.0,1.2811387900355873,1.2811387900355873,0.6405693950177936,0.1505338078291815,1,0.5,1,0.5,1,0.0,-0.47,Forward,0.0,0.0
639,2018,Mehdi Carcela-González,Morocco,1,0,0,0.0,8,5,0,1,0,0,0,1,0,0,0,0,93,Left Center Forward,0.0,0.0,7.741935483870967,4.838709677419354,0.0,0.9677419354838709,0.0,0.0,0.0,0.9677419354838709,0.0,0.0,0.0,1,0.625,0,0.0,0,0.0,0.0,Forward,0.0,0.0
640,2018,Medhi Amine El Mouttaqi Benatia,Morocco,2,0,5,0.59,127,103,0,0,1,12,0,5,1,0,1,1,189,Right Center Back,0.0,2.380952380952381,60.476190476190474,49.047619047619044,0.0,0.0,0.47619047619047616,5.714285714285714,0.0,2.380952380952381,0.47619047619047616,0.47619047619047616,0.28095238095238095,1,0.8110236220472441,1,1.0,1,0.0,-0.59,Defender,0.47619047619047616,0.0
641,2018,Mbark Boussoufa,Morocco,3,0,2,0.13,131,104,3,11,4,10,1,5,0,0,1,0,278,Left Center Midfield,0.0,0.6474820143884892,42.41007194244604,33.669064748201436,0.9712230215827338,3.5611510791366907,1.2949640287769784,3.237410071942446,0.3237410071942446,1.618705035971223,0.3237410071942446,0.0,0.0420863309352518,1,0.7938931297709924,1,0.0,1,0.0,-0.13,Midfielder,0.0,0.0
642,2018,Nabil Dirar,Morocco,2,0,2,0.11,92,77,2,8,4,13,1,5,0,0,5,4,183,Right Back,0.0,0.9836065573770493,45.24590163934427,37.868852459016395,0.9836065573770493,3.934426229508197,1.9672131147540985,6.39344262295082,0.49180327868852464,2.459016393442623,2.459016393442623,1.9672131147540985,0.054098360655737705,1,0.8369565217391305,1,0.8,1,0.0,-0.11,Defender,0.0,0.0
643,2018,N'Golo Kanté,France,6,0,1,0.04,342,306,1,16,21,35,2,9,1,0,8,5,549,Right Center Midfield,0.0,0.1639344262295082,56.06557377049181,50.16393442622951,0.1639344262295082,2.6229508196721314,3.4426229508196724,5.7377049180327875,0.3278688524590164,1.4754098360655739,1.3114754098360657,0.819672131147541,0.006557377049180329,1,0.8947368421052632,1,0.625,1,0.0,-0.04,Midfielder,0.1639344262295082,0.0
644,2018,Munir Mohand Mohamedi,Morocco,3,0,0,0.0,57,31,0,0,0,6,0,0,0,0,0,0,285,Goalkeeper,0.0,0.0,18.0,9.789473684210527,0.0,0.0,0.0,1.8947368421052633,0.0,0.0,0.0,0.0,0.0,1,0.543859649122807,0,0.0,0,0.0,0.0,Goalkeeper,0.0,0.0
645,2018,Mousa Sidi Yaya Dembélé,Belgium,4,0,0,0.0,110,106,0,7,2,9,0,7,0,0,1,1,334,Right Center Midfield,0.0,0.0,29.64071856287425,28.562874251497004,0.0,1.8862275449101795,0.5389221556886228,2.4251497005988023,0.0,1.8862275449101795,0.2694610778443114,0.2694610778443114,0.0,1,0.9636363636363636,1,1.0,0,0.0,0.0,Midfielder,0.0,0.0
646,2018,Motaz Ali Hassan Hawsawi,Saudi Arabia,1,0,0,0.0,31,27,0,3,0,4,0,0,0,0,0,0,93,Left Center Back,0.0,0.0,29.999999999999996,26.129032258064512,0.0,2.9032258064516125,0.0,3.8709677419354835,0.0,0.0,0.0,0.0,0.0,1,0.8709677419354839,0,0.0,0,0.0,0.0,Defender,0.0,0.0
647,2018,Morteza Pouraliganji,Iran,3,0,0,0.0,62,43,0,5,2,6,0,0,0,0,0,0,284,Right Center Back,0.0,0.0,19.647887323943664,13.626760563380282,0.0,1.5845070422535212,0.6338028169014085,1.9014084507042255,0.0,0.0,0.0,0.0,0.0,1,0.6935483870967742,0,0.0,0,0.0,0.0,Defender,0.0,0.0
648,2018,Mohanad Aseri Abu Radiah,Saudi Arabia,2,0,1,0.11,6,2,0,2,1,0,0,0,0,0,0,0,186,Center Forward,0.0,0.48387096774193544,2.9032258064516125,0.9677419354838709,0.0,0.9677419354838709,0.48387096774193544,0.0,0.0,0.0,0.0,0.0,0.0532258064516129,1,0.3333333333333333,0,0.0,1,0.0,-0.11,Forward,0.0,0.0
649,2018,Mohammed Kanoo,Saudi Arabia,1,0,1,0.06,10,8,0,1,0,1,0,1,0,0,0,0,93,Right Wing,0.0,0.9677419354838709,9.677419354838708,7.741935483870967,0.0,0.9677419354838709,0.0,0.9677419354838709,0.0,0.9677419354838709,0.0,0.0,0.05806451612903225,1,0.8,0,0.0,1,0.0,-0.06,Forward,0.0,0.0
650,2018,Mohammed Al Burayk,Saudi Arabia,3,0,3,0.13,238,201,0,13,7,6,0,0,0,0,1,1,279,Right Back,0.0,0.9677419354838709,76.77419354838709,64.83870967741936,0.0,4.193548387096774,2.258064516129032,1.9354838709677418,0.0,0.0,0.3225806451612903,0.3225806451612903,0.041935483870967745,1,0.8445378151260504,1,1.0,1,0.0,-0.13,Defender,0.0,0.0
651,2018,Mohammad Ibrahim Al Sahlawi,Saudi Arabia,2,0,1,0.06,14,11,1,4,0,4,0,2,0,0,2,1,174,Center Forward,0.0,0.5172413793103449,7.241379310344827,5.689655172413793,0.5172413793103449,2.0689655172413794,0.0,2.0689655172413794,0.0,1.0344827586206897,1.0344827586206897,0.5172413793103449,0.03103448275862069,1,0.7857142857142857,1,0.5,1,0.0,-0.06,Forward,0.0,0.0
652,2018,Mohamed Naser Elsayed Elneny,Egypt,3,0,3,0.13,111,97,2,1,3,9,1,4,0,0,1,0,249,Right Center Midfield,0.0,1.0843373493975903,40.12048192771084,35.06024096385542,0.7228915662650602,0.3614457831325301,1.0843373493975903,3.253012048192771,0.3614457831325301,1.4457831325301205,0.3614457831325301,0.0,0.046987951807228916,1,0.8738738738738738,1,0.0,1,0.0,-0.13,Midfielder,0.0,0.0
653,2018,Mohamed El Sayed Mohamed El Shenawy Gomaa,Egypt,2,0,0,0.0,35,14,0,0,0,9,0,0,0,0,0,0,183,Goalkeeper,0.0,0.0,17.213114754098363,6.885245901639345,0.0,0.0,0.0,4.426229508196721,0.0,0.0,0.0,0.0,0.0,1,0.4,0,0.0,0,0.0,0.0,Goalkeeper,0.0,0.0
654,2018,Mohamed Amine Ben Amor,Tunisia,1,0,0,0.0,5,5,0,4,0,0,0,0,0,0,0,0,93,Right Midfield,0.0,0.0,4.838709677419354,4.838709677419354,0.0,3.8709677419354835,0.0,0.0,0.0,0.0,0.0,0.0,0.0,1,1.0,0,0.0,0,0.0,0.0,Midfielder,0.0,0.0
655,2018,Olivier Giroud,France,7,0,15,1.51,132,87,4,14,2,12,0,15,0,0,5,3,631,Center Forward,0.0,2.13946117274168,18.827258320126784,12.408874801901744,0.5705229793977813,1.9968304278922346,0.28526148969889065,1.7115689381933439,0.0,2.13946117274168,0.7131537242472267,0.42789223454833597,0.21537242472266244,1,0.6590909090909091,1,0.6,1,0.0,-1.51,Forward,0.0,0.0
656,2018,Oghenekaro Etebo,Nigeria,3,0,7,0.25,152,124,5,7,5,30,0,4,0,0,13,11,276,Left Center Midfield,0.0,2.282608695652174,49.565217391304344,40.43478260869565,1.6304347826086956,2.282608695652174,1.6304347826086956,9.782608695652174,0.0,1.3043478260869565,4.239130434782608,3.5869565217391304,0.08152173913043478,1,0.8157894736842105,1,0.8461538461538461,1,0.0,-0.25,Midfielder,0.0,0.0
657,2018,Odion Jude Ighalo,Nigeria,3,0,5,0.53,16,13,2,4,1,4,0,5,0,0,6,3,260,Right Center Forward,0.0,1.7307692307692308,5.538461538461538,4.5,0.6923076923076923,1.3846153846153846,0.34615384615384615,1.3846153846153846,0.0,1.7307692307692308,2.076923076923077,1.0384615384615385,0.18346153846153848,1,0.8125,1,0.5,1,0.0,-0.53,Forward,0.0,0.0
658,2018,Néstor Fernando Muslera Micol,Uruguay,5,0,0,0.0,106,71,0,0,0,25,0,0,0,0,1,0,467,Goalkeeper,0.0,0.0,20.428265524625267,13.683083511777301,0.0,0.0,0.0,4.817987152034261,0.0,0.0,0.19271948608137043,0.0,0.0,1,0.6698113207547169,1,0.0,0,0.0,0.0,Goalkeeper,0.0,0.0
659,2018,Nordin Amrabat,Morocco,3,0,1,0.01,90,67,4,5,2,15,0,11,1,0,11,8,264,Right Wing,0.0,0.34090909090909094,30.681818181818183,22.840909090909093,1.3636363636363638,1.7045454545454546,0.6818181818181819,5.113636363636364,0.0,3.7500000000000004,3.7500000000000004,2.7272727272727275,0.0034090909090909094,1,0.7444444444444445,1,0.7272727272727273,1,0.0,-0.01,Forward,0.34090909090909094,0.0
660,2018,Nikola Milenković,Serbia,3,0,0,0.0,117,105,0,6,2,8,0,1,0,0,0,0,280,Right Center Back,0.0,0.0,37.607142857142854,33.75,0.0,1.9285714285714286,0.6428571428571428,2.571428571428571,0.0,0.3214285714285714,0.0,0.0,0.0,1,0.8974358974358975,0,0.0,0,0.0,0.0,Defender,0.0,0.0
661,2018,Niklas Süle,Germany,1,0,0,0.0,86,78,1,2,2,4,0,0,0,0,0,0,98,Right Center Back,0.0,0.0,78.9795918367347,71.6326530612245,0.9183673469387756,1.8367346938775513,1.8367346938775513,3.6734693877551026,0.0,0.0,0.0,0.0,0.0,1,0.9069767441860465,0,0.0,0,0.0,0.0,Defender,0.0,0.0
662,2018,Nicolás Hernán Otamendi,Argentina,4,0,6,0.62,296,253,0,15,5,19,0,3,0,0,1,1,370,Right Center Back,0.0,1.4594594594594597,72.0,61.54054054054055,0.0,3.648648648648649,1.2162162162162162,4.621621621621622,0.0,0.7297297297297298,0.24324324324324326,0.24324324324324326,0.15081081081081082,1,0.8547297297297297,1,1.0,1,0.0,-0.62,Defender,0.0,0.0
663,2018,Nicolás Alejandro Tagliafico,Argentina,4,0,4,0.28,234,199,4,8,3,18,0,7,2,0,1,1,356,Left Back,0.0,1.0112359550561798,59.157303370786515,50.30898876404494,1.0112359550561798,2.0224719101123596,0.7584269662921348,4.550561797752809,0.0,1.7696629213483146,0.25280898876404495,0.25280898876404495,0.07078651685393259,1,0.8504273504273504,1,1.0,1,0.0,-0.28,Defender,0.5056179775280899,0.0
664,2018,Nicolai Jørgensen,Denmark,3,0,5,1.25,51,32,4,5,0,4,0,4,0,0,1,0,288,Center Forward,0.0,1.5625,15.9375,10.0,1.25,1.5625,0.0,1.25,0.0,1.25,0.3125,0.0,0.390625,1,0.6274509803921569,1,0.0,1,0.0,-1.25,Forward,0.0,0.0
665,2018,Nemanja Radonjić,Serbia,2,0,0,0.0,11,7,1,1,0,2,0,0,0,0,1,1,185,Left Wing,0.0,0.0,5.351351351351352,3.4054054054054057,0.4864864864864865,0.4864864864864865,0.0,0.972972972972973,0.0,0.0,0.4864864864864865,0.4864864864864865,0.0,1,0.6363636363636364,1,1.0,0,0.0,0.0,Forward,0.0,0.0
666,2018,Nemanja Matić,Serbia,3,0,3,0.28,136,110,1,14,3,32,0,7,2,0,4,3,279,Left Center Midfield,0.0,0.9677419354838709,43.87096774193548,35.483870967741936,0.3225806451612903,4.516129032258064,0.9677419354838709,10.32258064516129,0.0,2.258064516129032,1.2903225806451613,0.9677419354838709,0.0903225806451613,1,0.8088235294117647,1,0.75,1,0.0,-0.28,Midfielder,0.6451612903225806,0.0
667,2018,Naïm Sliti,Tunisia,3,0,6,0.43,63,44,2,3,2,5,0,1,0,0,12,8,239,Left Midfield,0.0,2.2594142259414225,23.723849372384937,16.569037656903767,0.7531380753138076,1.1297071129707112,0.7531380753138076,1.882845188284519,0.0,0.3765690376569038,4.518828451882845,3.0125523012552304,0.16192468619246864,1,0.6984126984126984,1,0.6666666666666666,1,0.0,-0.43,Midfielder,0.0,0.0
668,2018,Nahitan Michel Nández Acosta,Uruguay,5,0,1,0.02,133,100,2,13,0,16,0,7,0,0,7,3,371,Right Midfield,0.0,0.24258760107816715,32.26415094339623,24.258760107816713,0.4851752021563343,3.1536388140161726,0.0,3.8814016172506745,0.0,1.69811320754717,1.69811320754717,0.7277628032345014,0.004851752021563343,1,0.7518796992481203,1,0.42857142857142855,1,0.0,-0.02,Midfielder,0.0,0.0
669,2018,Nabil Fekir,France,6,0,4,0.06,40,28,0,5,0,9,0,3,0,0,9,5,559,Center Attacking Midfield,0.0,0.6440071556350626,6.440071556350626,4.5080500894454385,0.0,0.8050089445438282,0.0,1.4490161001788908,0.0,0.48300536672629696,1.4490161001788908,0.8050089445438282,0.00966010733452594,1,0.7,1,0.5555555555555556,1,0.0,-0.06,Midfielder,0.0,0.0
670,2018,Piotr Zieliński,Poland,3,0,4,0.12,162,125,1,4,0,12,0,2,0,0,10,7,264,Right Wing,0.0,1.3636363636363638,55.227272727272734,42.61363636363637,0.34090909090909094,1.3636363636363638,0.0,4.090909090909091,0.0,0.6818181818181819,3.409090909090909,2.3863636363636367,0.04090909090909091,1,0.7716049382716049,1,0.7,1,0.0,-0.12,Forward,0.0,0.0
671,2018,Pione Sisto Ifolo Emirmija,Denmark,4,0,5,0.21,87,71,1,3,1,13,0,0,0,0,16,11,335,Left Wing,0.0,1.3432835820895521,23.37313432835821,19.07462686567164,0.26865671641791045,0.8059701492537313,0.26865671641791045,3.4925373134328357,0.0,0.0,4.298507462686567,2.955223880597015,0.05641791044776119,1,0.8160919540229885,1,0.6875,1,0.0,-0.21,Forward,0.0,0.0
672,2018,Phil Jones,England,2,0,0,0.0,145,133,0,3,4,5,0,2,0,0,0,0,182,Right Center Back,0.0,0.0,71.7032967032967,65.76923076923077,0.0,1.4835164835164836,1.978021978021978,2.4725274725274726,0.0,0.989010989010989,0.0,0.0,0.0,1,0.9172413793103448,0,0.0,0,0.0,0.0,Defender,0.0,0.0
673,2018,Pedro Jesús Aquino Sánchez,Peru,3,0,1,0.03,104,87,1,13,2,14,0,5,1,0,0,0,280,Right Defensive Midfield,0.0,0.3214285714285714,33.42857142857143,27.964285714285715,0.3214285714285714,4.178571428571429,0.6428571428571428,4.5,0.0,1.6071428571428572,0.0,0.0,0.009642857142857142,1,0.8365384615384616,0,0.0,1,0.0,-0.03,Midfielder,0.3214285714285714,0.0
674,2018,Pedro David Gallese Quiróz,Peru,3,0,0,0.0,68,37,0,0,0,17,0,0,0,0,0,0,274,Goalkeeper,0.0,0.0,22.335766423357665,12.153284671532848,0.0,0.0,0.0,5.583941605839416,0.0,0.0,0.0,0.0,0.0,1,0.5441176470588235,0,0.0,0,0.0,0.0,Goalkeeper,0.0,0.0
675,2018,Paulo Bruno Exequiel Dybala,Argentina,1,0,1,0.01,11,9,0,0,0,1,0,0,0,0,1,1,93,Right Midfield,0.0,0.9677419354838709,10.64516129032258,8.709677419354838,0.0,0.0,0.0,0.9677419354838709,0.0,0.0,0.9677419354838709,0.9677419354838709,0.009677419354838708,1,0.8181818181818182,1,1.0,1,0.0,-0.01,Midfielder,0.0,0.0
676,2018,Pape Moussa Konaté,Senegal,2,0,0,0.0,6,5,0,2,0,1,0,0,0,0,0,0,185,Left Center Forward,0.0,0.0,2.9189189189189193,2.4324324324324325,0.0,0.972972972972973,0.0,0.4864864864864865,0.0,0.0,0.0,0.0,0.0,1,0.8333333333333334,0,0.0,0,0.0,0.0,Forward,0.0,0.0
677,2018,Oussama Haddadi,Tunisia,1,0,0,0.0,42,35,2,1,1,3,0,2,0,0,1,0,91,Left Back,0.0,0.0,41.53846153846154,34.61538461538461,1.978021978021978,0.989010989010989,0.989010989010989,2.967032967032967,0.0,1.978021978021978,0.989010989010989,0.0,0.0,1,0.8333333333333334,1,0.0,0,0.0,0.0,Defender,0.0,0.0
678,2018,Ousmane Dembélé,France,4,0,3,0.09,72,54,2,5,2,4,0,1,0,0,10,7,334,Right Wing,0.0,0.8083832335329341,19.40119760479042,14.550898203592814,0.5389221556886228,1.3473053892215567,0.5389221556886228,1.0778443113772456,0.0,0.2694610778443114,2.6946107784431135,1.8862275449101795,0.024251497005988023,1,0.75,1,0.7,1,0.0,-0.09,Forward,0.0,0.0
679,2018,Oscar Hiljemark,Sweden,2,0,0,0.0,9,5,0,0,2,3,0,0,0,0,0,0,186,Left Center Midfield,0.0,0.0,4.354838709677419,2.419354838709677,0.0,0.0,0.9677419354838709,1.4516129032258063,0.0,0.0,0.0,0.0,0.0,1,0.5555555555555556,0,0.0,0,0.0,0.0,Midfielder,0.0,0.0
680,2018,Oscar Fabián Murillo Murillo,Colombia,1,0,2,0.19,45,33,0,1,4,0,0,0,0,0,0,0,94,Left Center Back,0.0,1.9148936170212765,43.08510638297872,31.595744680851062,0.0,0.9574468085106382,3.829787234042553,0.0,0.0,0.0,0.0,0.0,0.18191489361702126,1,0.7333333333333333,0,0.0,1,0.0,-0.19,Defender,0.0,0.0
681,2018,Osama Abdulrezag Hawsawi,Saudi Arabia,3,0,0,0.0,132,111,0,10,3,10,0,3,0,0,0,0,278,Right Center Back,0.0,0.0,42.73381294964029,35.93525179856115,0.0,3.237410071942446,0.9712230215827338,3.237410071942446,0.0,0.9712230215827338,0.0,0.0,0.0,1,0.8409090909090909,0,0.0,0,0.0,0.0,Defender,0.0,0.0
682,2018,Oribe Peralta Morones,Mexico,1,0,0,0.0,3,3,0,0,0,1,0,0,0,0,1,1,93,Right Center Forward,0.0,0.0,2.9032258064516125,2.9032258064516125,0.0,0.0,0.0,0.9677419354838709,0.0,0.0,0.9677419354838709,0.9677419354838709,0.0,1,1.0,1,1.0,0,0.0,0.0,Forward,0.0,0.0
683,2018,Onyinye Wilfred Ndidi,Nigeria,3,0,3,0.08,171,133,2,13,4,23,0,5,0,0,3,2,279,Right Center Midfield,0.0,0.9677419354838709,55.16129032258064,42.90322580645161,0.6451612903225806,4.193548387096774,1.2903225806451613,7.419354838709677,0.0,1.6129032258064515,0.9677419354838709,0.6451612903225806,0.025806451612903226,1,0.7777777777777778,1,0.6666666666666666,1,0.0,-0.08,Midfielder,0.0,0.0
684,2018,Omid Ebrahimi,Iran,3,0,1,0.03,72,56,1,6,4,17,0,5,1,0,1,1,269,Right Center Midfield,0.0,0.3345724907063197,24.08921933085502,18.7360594795539,0.3345724907063197,2.007434944237918,1.338289962825279,5.687732342007435,0.0,1.6728624535315986,0.3345724907063197,0.3345724907063197,0.01003717472118959,1,0.7777777777777778,1,1.0,1,0.0,-0.03,Midfielder,0.3345724907063197,0.0
685,1974,Paulo César Carpegiani,Brazil,1,0,2,0.05,85,77,1,2,5,7,0,2,0,0,2,2,91,Right Defensive Midfield,0.0,1.978021978021978,84.06593406593407,76.15384615384616,0.989010989010989,1.978021978021978,4.945054945054945,6.923076923076923,0.0,1.978021978021978,1.978021978021978,1.978021978021978,0.049450549450549455,1,0.9058823529411765,1,1.0,1,0.0,-0.05,Midfielder,0.0,0.0
686,2018,Raphaël Adelino José Guerreiro,Portugal,4,0,4,0.09,252,198,5,8,4,13,1,6,0,0,11,8,378,Left Back,0.0,0.9523809523809523,60.0,47.14285714285714,1.1904761904761905,1.9047619047619047,0.9523809523809523,3.095238095238095,0.23809523809523808,1.4285714285714286,2.619047619047619,1.9047619047619047,0.021428571428571425,1,0.7857142857142857,1,0.7272727272727273,1,0.0,-0.09,Defender,0.0,0.0
687,2018,Ramin Rezaeian,Iran,3,0,1,0.01,101,56,2,8,1,21,0,4,0,0,1,1,277,Right Back,0.0,0.3249097472924188,32.81588447653429,18.19494584837545,0.6498194945848376,2.5992779783393503,0.3249097472924188,6.8231046931407935,0.0,1.2996389891696751,0.3249097472924188,0.3249097472924188,0.0032490974729241875,1,0.5544554455445545,1,1.0,1,0.0,-0.01,Defender,0.0,0.0
688,2018,Rami Bedoui,Tunisia,1,0,0,0.0,83,72,0,3,1,2,0,0,0,0,1,0,93,Right Center Back,0.0,0.0,80.32258064516128,69.6774193548387,0.0,2.9032258064516125,0.9677419354838709,1.9354838709677418,0.0,0.0,0.9677419354838709,0.0,0.0,1,0.8674698795180723,1,0.0,0,0.0,0.0,Defender,0.0,0.0
689,2018,Ramadan Sobhi Ramadan Ahmed,Egypt,3,0,0,0.0,26,19,0,2,0,3,0,1,0,0,0,0,276,Left Midfield,0.0,0.0,8.478260869565217,6.195652173913043,0.0,0.6521739130434783,0.0,0.9782608695652173,0.0,0.32608695652173914,0.0,0.0,0.0,1,0.7307692307692307,0,0.0,0,0.0,0.0,Midfielder,0.0,0.0
690,2018,Raheem Sterling,England,6,0,11,1.33,135,113,4,1,0,9,2,12,0,0,23,13,456,Right Center Forward,0.0,2.1710526315789473,26.644736842105264,22.30263157894737,0.7894736842105263,0.19736842105263158,0.0,1.7763157894736843,0.39473684210526316,2.368421052631579,4.5394736842105265,2.5657894736842106,0.2625,1,0.837037037037037,1,0.5652173913043478,1,0.0,-1.33,Forward,0.0,0.0
691,2018,Ragnar Sigurðsson,Iceland,3,0,0,0.0,53,34,1,3,5,6,0,2,0,0,0,0,222,Left Center Back,0.0,0.0,21.486486486486484,13.783783783783782,0.4054054054054054,1.2162162162162162,2.0270270270270268,2.4324324324324325,0.0,0.8108108108108107,0.0,0.0,0.0,1,0.6415094339622641,0,0.0,0,0.0,0.0,Defender,0.0,0.0
692,2018,Rafael Márquez Álvarez,Mexico,3,0,0,0.0,42,36,1,7,2,2,0,2,0,0,1,1,231,Center Midfield,0.0,0.0,16.363636363636363,14.025974025974024,0.3896103896103896,2.727272727272727,0.7792207792207791,0.7792207792207791,0.0,0.7792207792207791,0.3896103896103896,0.3896103896103896,0.0,1,0.8571428571428571,1,1.0,0,0.0,0.0,Midfielder,0.0,0.0
693,2018,Presnel Kimpembe,France,1,0,0,0.0,76,68,0,3,1,7,0,1,0,0,0,0,92,Left Center Back,0.0,0.0,74.34782608695653,66.52173913043478,0.0,2.9347826086956523,0.9782608695652175,6.847826086956522,0.0,0.9782608695652175,0.0,0.0,0.0,1,0.8947368421052632,0,0.0,0,0.0,0.0,Defender,0.0,0.0
694,2018,Pontus Jansson,Sweden,2,0,1,0.08,59,53,1,5,0,3,0,2,0,0,0,0,186,Right Center Back,0.0,0.48387096774193544,28.548387096774192,25.645161290322577,0.48387096774193544,2.419354838709677,0.0,1.4516129032258063,0.0,0.9677419354838709,0.0,0.0,0.038709677419354833,1,0.8983050847457628,0,0.0,1,0.0,-0.08,Defender,0.0,0.0
695,2018,Robert Lewandowski,Poland,3,0,9,1.18,73,60,3,7,0,11,0,4,0,0,10,5,278,Center Forward,0.0,2.9136690647482015,23.633093525179856,19.424460431654676,0.9712230215827338,2.2661870503597124,0.0,3.5611510791366907,0.0,1.2949640287769784,3.237410071942446,1.618705035971223,0.3820143884892086,1,0.821917808219178,1,0.5,1,0.0,-1.18,Forward,0.0,0.0
696,2018,Robbie Kruse,Australia,3,0,1,0.1,56,40,0,8,0,4,0,3,0,0,0,0,207,Left Midfield,0.0,0.4347826086956522,24.347826086956523,17.39130434782609,0.0,3.4782608695652177,0.0,1.7391304347826089,0.0,1.3043478260869565,0.0,0.0,0.04347826086956522,1,0.7142857142857143,0,0.0,1,0.0,-0.1,Midfielder,0.0,0.0
697,2018,Ricardo Iván Rodríguez Araya,Switzerland,4,0,6,0.14,216,163,7,6,1,13,0,5,0,0,8,6,372,Left Back,0.0,1.4516129032258063,52.258064516129025,39.43548387096774,1.693548387096774,1.4516129032258063,0.24193548387096772,3.1451612903225805,0.0,1.2096774193548385,1.9354838709677418,1.4516129032258063,0.03387096774193549,1,0.7546296296296297,1,0.75,1,0.0,-0.14,Defender,0.0,0.0
698,2018,Ricardo Guardia Avila,Panama,2,0,1,0.01,43,35,0,4,1,8,0,5,1,0,3,2,173,Left Center Midfield,0.0,0.5202312138728323,22.36994219653179,18.208092485549134,0.0,2.0809248554913293,0.5202312138728323,4.161849710982659,0.0,2.601156069364162,1.560693641618497,1.0404624277456647,0.005202312138728324,1,0.813953488372093,1,0.6666666666666666,1,0.0,-0.01,Midfielder,0.5202312138728323,0.0
699,2018,Ricardo Domingos Barbosa Pereira,Portugal,1,0,0,0.0,55,46,1,3,1,1,0,3,0,0,2,1,94,Right Back,0.0,0.0,52.659574468085104,44.04255319148936,0.9574468085106382,2.872340425531915,0.9574468085106382,0.9574468085106382,0.0,2.872340425531915,1.9148936170212765,0.9574468085106382,0.0,1,0.8363636363636363,1,0.5,0,0.0,0.0,Defender,0.0,0.0
700,2018,Renato Fabrizio Tapia Cortijo,Peru,2,0,1,0.02,47,37,2,9,2,2,0,4,1,0,0,0,148,Right Center Midfield,0.0,0.6081081081081081,28.58108108108108,22.5,1.2162162162162162,5.472972972972973,1.2162162162162162,1.2162162162162162,0.0,2.4324324324324325,0.0,0.0,0.012162162162162163,1,0.7872340425531915,0,0.0,1,0.0,-0.02,Midfielder,0.6081081081081081,0.0
701,2018,Raúl Mario Ruidíaz Misitich,Peru,2,0,0,0.0,3,3,0,1,0,0,0,1,0,0,0,0,187,Center Forward,0.0,0.0,1.443850267379679,1.443850267379679,0.0,0.48128342245989303,0.0,0.0,0.0,0.48128342245989303,0.0,0.0,0.0,1,1.0,0,0.0,0,0.0,0.0,Forward,0.0,0.0
702,2018,Raúl Alonso Jiménez Rodríguez,Mexico,2,0,1,0.07,16,8,1,1,0,2,0,2,1,0,1,0,187,Center Forward,0.0,0.48128342245989303,7.7005347593582885,3.8502673796791442,0.48128342245989303,0.48128342245989303,0.0,0.9625668449197861,0.0,0.9625668449197861,0.48128342245989303,0.0,0.033689839572192515,1,0.5,1,0.0,1,0.0,-0.07,Forward,0.48128342245989303,0.0
703,1974,Roberto Rivelino,Brazil,1,0,3,0.06,54,40,1,0,0,8,0,3,0,0,1,0,91,Left Defensive Midfield,0.0,2.967032967032967,53.40659340659341,39.56043956043956,0.989010989010989,0.0,0.0,7.912087912087912,0.0,2.967032967032967,0.989010989010989,0.0,0.05934065934065934,1,0.7407407407407407,1,0.0,1,0.0,-0.06,Midfielder,0.0,0.0
704,1974,Roberto Perfumo,Argentina,1,0,1,0.06,39,33,0,7,1,8,0,6,1,0,4,2,91,Center Back,0.0,0.989010989010989,38.57142857142857,32.637362637362635,0.0,6.923076923076923,0.989010989010989,7.912087912087912,0.0,5.934065934065934,3.956043956043956,1.978021978021978,0.05934065934065934,1,0.8461538461538461,1,0.5,1,0.0,-0.06,Defender,0.989010989010989,0.0
705,1974,Rinus Israel,Netherlands,2,0,0,0.0,2,2,0,1,0,0,0,2,0,0,0,0,178,Right Center Midfield,0.0,0.0,1.0112359550561798,1.0112359550561798,0.0,0.5056179775280899,0.0,0.0,0.0,1.0112359550561798,0.0,0.0,0.0,1,1.0,0,0.0,0,0.0,0.0,Midfielder,0.0,0.0
706,1974,Reinhard Lauck,German DR,2,0,6,0.15,42,27,1,7,1,10,1,3,0,0,3,3,150,Right Center Midfield,0.0,3.5999999999999996,25.2,16.2,0.6,4.2,0.6,6.0,0.6,1.7999999999999998,1.7999999999999998,1.7999999999999998,0.09,1,0.6428571428571429,1,1.0,1,0.0,-0.15,Midfielder,0.0,0.0
707,1974,Ramón Armando Heredia Ruarte,Argentina,1,0,0,0.0,64,44,0,3,1,7,0,0,0,0,2,1,90,Right Defensive Midfield,0.0,0.0,64.0,44.0,0.0,3.0,1.0,7.0,0.0,0.0,2.0,1.0,0.0,1,0.6875,1,0.5,0,0.0,0.0,Midfielder,0.0,0.0
708,2018,Sam Morsy,Egypt,1,0,0,0.0,24,24,0,2,2,5,0,2,0,0,0,0,94,Left Center Midfield,0.0,0.0,22.97872340425532,22.97872340425532,0.0,1.9148936170212765,1.9148936170212765,4.787234042553191,0.0,1.9148936170212765,0.0,0.0,0.0,1,1.0,0,0.0,0,0.0,0.0,Midfielder,0.0,0.0
709,2018,Salif Sané,Senegal,3,0,4,0.23,125,93,0,7,7,13,0,1,1,0,0,0,277,Right Center Back,0.0,1.2996389891696751,40.61371841155234,30.216606498194945,0.0,2.2743682310469313,2.2743682310469313,4.223826714801444,0.0,0.3249097472924188,0.0,0.0,0.07472924187725631,1,0.744,0,0.0,1,0.0,-0.23,Defender,0.3249097472924188,0.0
710,2018,Saeid Ezatolahi Afagh,Iran,2,0,1,0.17,44,30,0,2,3,8,1,4,0,0,3,1,168,Center Defensive Midfield,0.0,0.5357142857142857,23.57142857142857,16.07142857142857,0.0,1.0714285714285714,1.6071428571428572,4.285714285714286,0.5357142857142857,2.142857142857143,1.6071428571428572,0.5357142857142857,0.09107142857142858,1,0.6818181818181818,1,0.3333333333333333,1,0.0,-0.17,Midfielder,0.0,0.0
711,2018,Saber Khalifa,Tunisia,1,0,0,0.0,0,0,0,1,0,0,0,0,0,0,0,0,92,Center Forward,0.0,0.0,0.0,0.0,0.0,0.9782608695652175,0.0,0.0,0.0,0.0,0.0,0.0,0.0,0,0.0,0,0.0,0,0.0,0.0,Forward,0.0,0.0
712,2018,Rúrik Gíslason,Iceland,2,0,1,0.04,34,25,1,5,1,5,0,3,0,0,0,0,188,Right Midfield,0.0,0.4787234042553191,16.27659574468085,11.968085106382977,0.4787234042553191,2.3936170212765955,0.4787234042553191,2.3936170212765955,0.0,1.4361702127659575,0.0,0.0,0.019148936170212766,1,0.7352941176470589,0,0.0,1,0.0,-0.04,Midfielder,0.0,0.0
713,2018,Rándall Azofeifa Corrales,Costa Rica,1,0,0,0.0,2,1,0,0,0,0,0,0,0,0,0,0,94,Left Center Midfield,0.0,0.0,1.9148936170212765,0.9574468085106382,0.0,0.0,0.0,0.0,0.0,0.0,0.0,0.0,0.0,1,0.5,0,0.0,0,0.0,0.0,Midfielder,0.0,0.0
714,2018,Rui Pedro dos Santos Patrício,Portugal,4,0,1,0.08,77,50,0,0,0,16,0,0,0,0,0,0,373,Goalkeeper,0.0,0.24128686327077745,18.579088471849865,12.064343163538872,0.0,0.0,0.0,3.860589812332439,0.0,0.0,0.0,0.0,0.019302949061662196,1,0.6493506493506493,0,0.0,1,0.0,-0.08,Goalkeeper,0.0,0.0
715,2018,Ruben Loftus-Cheek,England,4,0,3,0.27,129,107,2,4,3,7,1,2,1,0,15,12,356,Right Center Midfield,0.0,0.7584269662921348,32.6123595505618,27.05056179775281,0.5056179775280899,1.0112359550561798,0.7584269662921348,1.7696629213483146,0.25280898876404495,0.5056179775280899,3.792134831460674,3.033707865168539,0.06825842696629214,1,0.8294573643410853,1,0.8,1,0.0,-0.27,Midfielder,0.25280898876404495,0.0
716,2018,Román Aureliano Torres Morcillo,Panama,3,0,4,0.8,67,54,1,2,2,6,0,2,0,0,1,1,239,Right Center Back,0.0,1.5062761506276152,25.230125523012553,20.334728033472803,0.3765690376569038,0.7531380753138076,0.7531380753138076,2.2594142259414225,0.0,0.7531380753138076,0.3765690376569038,0.3765690376569038,0.301255230125523,1,0.8059701492537313,1,1.0,1,0.0,-0.8,Defender,0.0,0.0
717,2018,Roman Zobnin,Russia,5,0,7,0.24,204,143,4,12,14,38,0,12,1,0,9,7,518,Left Center Midfield,0.0,1.2162162162162162,35.44401544401544,24.845559845559844,0.694980694980695,2.0849420849420848,2.4324324324324325,6.602316602316602,0.0,2.0849420849420848,1.5637065637065637,1.2162162162162162,0.0416988416988417,1,0.7009803921568627,1,0.7777777777777778,1,0.0,-0.24,Midfielder,0.17374517374517376,0.0
718,2018,Romain Saïss,Morocco,2,0,1,0.13,93,77,0,4,3,9,0,2,0,0,0,0,184,Left Center Back,0.0,0.48913043478260876,45.48913043478261,37.663043478260875,0.0,1.956521739130435,1.4673913043478262,4.4021739130434785,0.0,0.9782608695652175,0.0,0.0,0.06358695652173914,1,0.8279569892473119,0,0.0,1,0.0,-0.13,Defender,0.0,0.0
719,2018,Rodrigo Moreno Machado,Spain,3,0,4,0.34,10,7,0,1,0,2,0,1,0,0,1,1,308,Right Midfield,0.0,1.168831168831169,2.9220779220779223,2.0454545454545454,0.0,0.29220779220779225,0.0,0.5844155844155845,0.0,0.29220779220779225,0.29220779220779225,0.29220779220779225,0.09935064935064936,1,0.7,1,1.0,1,0.0,-0.34,Midfielder,0.0,0.0
720,2018,Rodrigo Bentancur Colmán,Uruguay,5,0,3,0.48,227,195,1,10,9,26,0,11,2,0,8,5,365,Left Center Midfield,0.0,0.7397260273972603,55.97260273972603,48.08219178082192,0.24657534246575344,2.4657534246575343,2.219178082191781,6.41095890410959,0.0,2.712328767123288,1.9726027397260275,1.2328767123287672,0.11835616438356164,1,0.8590308370044053,1,0.625,1,0.0,-0.48,Midfielder,0.4931506849315069,0.0
721,2018,Rodney Wallace,Costa Rica,1,0,0,0.0,5,4,0,0,0,0,0,1,0,0,0,0,94,Left Wing,0.0,0.0,4.787234042553191,3.829787234042553,0.0,0.0,0.0,0.0,0.0,0.9574468085106382,0.0,0.0,0.0,1,0.8,0,0.0,0,0.0,0.0,Forward,0.0,0.0
722,2018,Robin Olsen,Sweden,5,0,0,0.0,106,54,0,0,0,18,0,0,0,0,0,0,461,Goalkeeper,0.0,0.0,20.6941431670282,10.542299349240782,0.0,0.0,0.0,3.5140997830802605,0.0,0.0,0.0,0.0,0.0,1,0.5094339622641509,0,0.0,0,0.0,0.0,Goalkeeper,0.0,0.0
723,1974,Jürgen Grabowski,Germany,2,0,2,0.71,68,47,5,4,0,8,0,2,0,0,8,5,175,Right Back,0.0,1.0285714285714287,34.971428571428575,24.17142857142857,2.5714285714285716,2.0571428571428574,0.0,4.114285714285715,0.0,1.0285714285714287,4.114285714285715,2.5714285714285716,0.3651428571428571,1,0.6911764705882353,1,0.625,1,0.0,-0.71,Defender,0.0,0.0
724,1974,Jürgen Croy,German DR,2,0,0,0.0,84,53,0,0,0,13,0,1,0,0,0,0,175,Goalkeeper,0.0,0.0,43.2,27.257142857142856,0.0,0.0,0.0,6.685714285714286,0.0,0.5142857142857143,0.0,0.0,0.0,1,0.6309523809523809,0,0.0,0,0.0,0.0,Goalkeeper,0.0,0.0
725,1974,José Maria Rodrigues Alves,Brazil,1,0,0,0.0,30,23,0,7,0,8,2,5,1,0,1,0,90,Right Back,0.0,0.0,30.0,23.0,0.0,7.0,0.0,8.0,2.0,5.0,1.0,0.0,0.0,1,0.7666666666666667,1,0.0,0,0.0,0.0,Defender,1.0,0.0
726,1974,José Guimarães Dirceu,Brazil,1,0,2,0.06,46,32,1,2,1,5,0,1,0,0,0,0,91,Left Midfield,0.0,1.978021978021978,45.494505494505496,31.64835164835165,0.989010989010989,1.978021978021978,0.989010989010989,4.945054945054945,0.0,0.989010989010989,0.0,0.0,0.05934065934065934,1,0.6956521739130435,0,0.0,1,0.0,-0.06,Midfielder,0.0,0.0
727,2018,Sergio Busquets i Burgos,Spain,4,0,5,0.32,312,287,2,13,7,20,1,5,1,0,3,3,401,Center Defensive Midfield,0.0,1.1221945137157108,70.02493765586034,64.4139650872818,0.44887780548628425,2.9177057356608476,1.5710723192019949,4.488778054862843,0.22443890274314213,1.1221945137157108,0.6733167082294265,0.6733167082294265,0.07182044887780549,1,0.9198717948717948,1,1.0,1,0.0,-0.32,Midfielder,0.22443890274314213,0.0
728,2018,Sergej Milinković-Savić,Serbia,3,0,5,0.3,114,85,4,11,0,19,0,9,1,0,12,5,278,Center Attacking Midfield,0.0,1.618705035971223,36.906474820143885,27.51798561151079,1.2949640287769784,3.5611510791366907,0.0,6.151079136690647,0.0,2.9136690647482015,3.884892086330935,1.618705035971223,0.09712230215827337,1,0.7456140350877193,1,0.4166666666666667,1,0.0,-0.3,Midfielder,0.3237410071942446,0.0
729,2018,Seon-Min Moon,South Korea,2,0,2,0.18,33,25,1,8,0,3,1,7,1,0,2,1,144,Left Midfield,0.0,1.25,20.625,15.625,0.625,5.0,0.0,1.875,0.625,4.375,1.25,0.625,0.11249999999999999,1,0.7575757575757576,1,0.5,1,0.0,-0.18,Midfielder,0.625,0.0
730,2018,Sebastián Coates Nión,Uruguay,1,0,0,0.0,64,60,0,4,1,1,0,3,0,0,0,0,93,Right Center Back,0.0,0.0,61.93548387096774,58.06451612903225,0.0,3.8709677419354835,0.9677419354838709,0.9677419354838709,0.0,2.9032258064516125,0.0,0.0,0.0,1,0.9375,0,0.0,0,0.0,0.0,Defender,0.0,0.0
731,2018,Sebastian Larsson,Sweden,4,0,1,0.01,167,126,4,6,1,15,2,11,3,0,1,0,325,Right Center Midfield,0.0,0.27692307692307694,46.246153846153845,34.89230769230769,1.1076923076923078,1.6615384615384614,0.27692307692307694,4.153846153846154,0.5538461538461539,3.046153846153846,0.27692307692307694,0.0,0.002769230769230769,1,0.7544910179640718,1,0.0,1,0.0,-0.01,Midfielder,0.8307692307692307,0.0
732,2018,Se-Jong Ju,South Korea,2,0,0,0.0,41,29,0,4,1,3,0,3,0,0,0,0,161,Right Defensive Midfield,0.0,0.0,22.919254658385093,16.211180124223603,0.0,2.2360248447204967,0.5590062111801242,1.6770186335403725,0.0,1.6770186335403725,0.0,0.0,0.0,1,0.7073170731707317,0,0.0,0,0.0,0.0,Midfielder,0.0,0.0
733,2018,Saîf-Eddine Khaoui,Tunisia,1,0,2,0.03,37,32,0,1,0,5,0,2,0,0,2,1,92,Left Center Midfield,0.0,1.956521739130435,36.19565217391305,31.30434782608696,0.0,0.9782608695652175,0.0,4.891304347826087,0.0,1.956521739130435,1.956521739130435,0.9782608695652175,0.029347826086956522,1,0.8648648648648649,1,0.5,1,0.0,-0.03,Midfielder,0.0,0.0
734,2018,Sardar Azmoun,Iran,3,0,5,0.83,58,30,2,9,2,5,0,5,0,0,3,0,283,Center Forward,0.0,1.5901060070671378,18.445229681978798,9.540636042402827,0.6360424028268551,2.862190812720848,0.6360424028268551,1.5901060070671378,0.0,1.5901060070671378,0.9540636042402827,0.0,0.2639575971731449,1,0.5172413793103449,1,0.0,1,0.0,-0.83,Forward,0.0,0.0
735,2018,Santiago Arias Naranjo,Colombia,4,0,1,0.02,215,165,1,10,6,23,0,9,1,0,2,1,396,Right Back,0.0,0.22727272727272727,48.86363636363636,37.5,0.22727272727272727,2.2727272727272725,1.3636363636363635,5.227272727272727,0.0,2.0454545454545454,0.45454545454545453,0.22727272727272727,0.004545454545454545,1,0.7674418604651163,1,0.5,1,0.0,-0.02,Defender,0.22727272727272727,0.0
736,2018,Sami Khedira,Germany,2,0,3,0.15,100,83,1,3,1,5,1,2,0,0,2,2,116,Right Center Midfield,0.0,2.3275862068965516,77.58620689655172,64.39655172413792,0.7758620689655172,2.3275862068965516,0.7758620689655172,3.879310344827586,0.7758620689655172,1.5517241379310345,1.5517241379310345,1.5517241379310345,0.11637931034482757,1,0.83,1,1.0,1,0.0,-0.15,Midfielder,0.0,0.0
737,2018,Saman Ghoddos,Iran,3,0,2,0.11,5,2,0,0,0,0,0,4,0,0,0,0,285,Right Midfield,0.0,0.6315789473684211,1.5789473684210527,0.6315789473684211,0.0,0.0,0.0,0.0,0.0,1.2631578947368423,0.0,0.0,0.034736842105263156,1,0.4,0,0.0,1,0.0,-0.11,Midfielder,0.0,0.0
738,2018,Stephan Lichtsteiner,Switzerland,3,0,3,0.05,152,117,0,6,3,11,0,2,0,0,7,1,274,Right Back,0.0,0.9854014598540146,49.92700729927007,38.43065693430657,0.0,1.9708029197080292,0.9854014598540146,3.613138686131387,0.0,0.6569343065693432,2.2992700729927007,0.3284671532846716,0.016423357664233577,1,0.7697368421052632,1,0.14285714285714285,1,0.0,-0.05,Defender,0.0,0.0
739,2018,Sofyan Amrabat,Morocco,1,0,0,0.0,6,4,0,0,0,0,0,2,0,0,0,0,93,Right Wing Back,0.0,0.0,5.806451612903225,3.8709677419354835,0.0,0.0,0.0,0.0,0.0,1.9354838709677418,0.0,0.0,0.0,1,0.6666666666666666,0,0.0,0,0.0,0.0,Defender,0.0,0.0
740,2018,Simeon Tochukwu Nwankwo,Nigeria,2,0,0,0.0,1,1,0,0,0,0,0,3,0,0,0,0,186,Center Attacking Midfield,0.0,0.0,0.48387096774193544,0.48387096774193544,0.0,0.0,0.0,0.0,0.0,1.4516129032258063,0.0,0.0,0.0,1,1.0,0,0.0,0,0.0,0.0,Midfielder,0.0,0.0
741,2018,Shinji Okazaki,Japan,3,0,1,0.18,18,13,0,2,1,4,1,1,0,0,3,2,232,Left Center Forward,0.0,0.3879310344827586,6.982758620689655,5.043103448275862,0.0,0.7758620689655172,0.3879310344827586,1.5517241379310345,0.3879310344827586,0.3879310344827586,1.1637931034482758,0.7758620689655172,0.06982758620689654,1,0.7222222222222222,1,0.6666666666666666,1,0.0,-0.18,Forward,0.0,0.0
742,2018,Seyed Majid Hosseini,Iran,3,0,0,0.0,40,28,0,0,0,5,0,1,0,0,0,0,280,Left Center Back,0.0,0.0,12.857142857142858,9.0,0.0,0.0,0.0,1.6071428571428572,0.0,0.3214285714285714,0.0,0.0,0.0,1,0.7,0,0.0,0,0.0,0.0,Defender,0.0,0.0
743,2018,Seung-Woo Lee,South Korea,2,0,1,0.03,27,18,2,1,0,2,0,2,0,0,4,1,188,Left Midfield,0.0,0.4787234042553191,12.925531914893616,8.617021276595745,0.9574468085106382,0.4787234042553191,0.0,0.9574468085106382,0.0,0.9574468085106382,1.9148936170212765,0.4787234042553191,0.014361702127659573,1,0.6666666666666666,1,0.25,1,0.0,-0.03,Midfielder,0.0,0.0
744,1974,Martin Hoffmann,German DR,2,0,1,0.01,40,23,1,3,3,13,1,2,0,0,6,2,174,Left Center Forward,0.0,0.5172413793103449,20.689655172413794,11.89655172413793,0.5172413793103449,1.5517241379310345,1.5517241379310345,6.724137931034483,0.5172413793103449,1.0344827586206897,3.103448275862069,1.0344827586206897,0.005172413793103448,1,0.575,1,0.3333333333333333,1,0.0,-0.01,Forward,0.0,0.0
745,1974,Mario Peres Ulibarri,Brazil,1,0,0,0.0,57,42,0,0,0,10,1,3,1,0,0,0,90,Left Center Back,0.0,0.0,57.0,42.0,0.0,0.0,0.0,10.0,1.0,3.0,0.0,0.0,0.0,1,0.7368421052631579,0,0.0,0,0.0,0.0,Defender,1.0,0.0
746,1974,Mario Alberto Kempes Chiodi,Argentina,1,0,0,0.0,7,6,0,0,0,0,0,0,0,0,1,1,90,Left Attacking Midfield,0.0,0.0,7.0,6.0,0.0,0.0,0.0,0.0,0.0,0.0,1.0,1.0,0.0,1,0.8571428571428571,1,1.0,0,0.0,0.0,Midfielder,0.0,0.0
747,1974,Lothar Kurbjuweit,German DR,2,0,5,0.11,53,39,0,5,4,14,0,2,0,0,2,1,175,Left Back,0.0,2.5714285714285716,27.257142857142856,20.057142857142857,0.0,2.5714285714285716,2.0571428571428574,7.2,0.0,1.0285714285714287,1.0285714285714287,0.5142857142857143,0.05657142857142857,1,0.7358490566037735,1,0.5,1,0.0,-0.11,Defender,0.0,0.0
748,1974,Konrad Weise,German DR,2,0,0,0.0,59,52,1,1,6,6,0,3,0,0,5,3,170,Right Center Back,0.0,0.0,31.235294117647058,27.529411764705884,0.5294117647058824,0.5294117647058824,3.1764705882352944,3.1764705882352944,0.0,1.5882352941176472,2.6470588235294117,1.5882352941176472,0.0,1,0.8813559322033898,1,0.6,0,0.0,0.0,Defender,0.0,0.0
749,2018,Thomas Müller,Germany,3,0,4,0.39,113,82,7,8,0,2,0,2,1,0,3,1,285,Right Wing,0.0,1.2631578947368423,35.68421052631579,25.894736842105264,2.210526315789474,2.5263157894736845,0.0,0.6315789473684211,0.0,0.6315789473684211,0.9473684210526316,0.31578947368421056,0.12315789473684212,1,0.7256637168141593,1,0.3333333333333333,1,0.0,-0.39,Forward,0.31578947368421056,0.0
750,2018,Thomas Lemar,France,1,0,1,0.03,54,49,2,1,0,2,0,1,0,0,4,3,92,Left Wing,0.0,0.9782608695652175,52.82608695652174,47.934782608695656,1.956521739130435,0.9782608695652175,0.0,1.956521739130435,0.0,0.9782608695652175,3.91304347826087,2.9347826086956523,0.029347826086956522,1,0.9074074074074074,1,0.75,1,0.0,-0.03,Forward,0.0,0.0
751,2018,Thomas Delaney,Denmark,4,0,4,0.27,185,149,2,14,7,11,1,13,1,0,5,3,371,Left Center Midfield,0.0,0.9703504043126686,44.87870619946092,36.145552560646905,0.4851752021563343,3.39622641509434,1.69811320754717,2.6684636118598384,0.24258760107816715,3.1536388140161726,1.2129380053908356,0.7277628032345014,0.06549865229110513,1,0.8054054054054054,1,0.6,1,0.0,-0.27,Midfielder,0.24258760107816715,0.0
752,2018,Thibaut Courtois,Belgium,7,0,0,0.0,192,139,0,0,0,44,0,0,0,0,0,0,639,Goalkeeper,0.0,0.0,27.042253521126764,19.577464788732396,0.0,0.0,0.0,6.19718309859155,0.0,0.0,0.0,0.0,0.0,1,0.7239583333333334,0,0.0,0,0.0,0.0,Goalkeeper,0.0,0.0
753,2018,Thiago Rangel Cionek,Poland,1,0,0,0.0,81,72,0,3,2,5,0,1,0,0,0,0,94,Right Center Back,0.0,0.0,77.5531914893617,68.93617021276596,0.0,2.872340425531915,1.9148936170212765,4.787234042553191,0.0,0.9574468085106382,0.0,0.0,0.0,1,0.8888888888888888,0,0.0,0,0.0,0.0,Defender,0.0,0.0
754,2018,Thiago Alcântara do Nascimento,Spain,2,0,2,0.13,118,113,1,3,1,4,0,1,0,0,6,5,166,Right Midfield,0.0,1.0843373493975903,63.97590361445783,61.265060240963855,0.5421686746987951,1.6265060240963853,0.5421686746987951,2.1686746987951806,0.0,0.5421686746987951,3.2530120481927707,2.710843373493976,0.07048192771084337,1,0.9576271186440678,1,0.8333333333333334,1,0.0,-0.13,Midfielder,0.0,0.0
755,2018,Tarek Hamed,Egypt,3,0,2,0.05,142,118,0,9,3,16,0,6,0,0,0,0,235,Left Center Midfield,0.0,0.7659574468085106,54.38297872340426,45.191489361702125,0.0,3.4468085106382977,1.1489361702127658,6.127659574468085,0.0,2.2978723404255317,0.0,0.0,0.019148936170212766,1,0.8309859154929577,0,0.0,1,0.0,-0.05,Midfielder,0.0,0.0
756,2018,Takashi Usami,Japan,2,0,3,0.17,42,24,2,1,1,4,0,2,0,0,3,3,156,Left Midfield,0.0,1.7307692307692306,24.23076923076923,13.846153846153845,1.1538461538461537,0.5769230769230769,0.5769230769230769,2.3076923076923075,0.0,1.1538461538461537,1.7307692307692306,1.7307692307692306,0.09807692307692308,1,0.5714285714285714,1,1.0,1,0.0,-0.17,Midfielder,0.0,0.0
757,2018,Taisir Jabir Al Jassim,Saudi Arabia,2,0,0,0.0,68,58,1,3,1,3,1,4,1,0,3,0,135,Right Center Midfield,0.0,0.0,45.333333333333336,38.666666666666664,0.6666666666666666,2.0,0.6666666666666666,2.0,0.6666666666666666,2.6666666666666665,2.0,0.0,0.0,1,0.8529411764705882,1,0.0,0,0.0,0.0,Midfielder,0.6666666666666666,0.0
758,2018,Syam Ben Youssef,Tunisia,2,0,0,0.0,42,35,0,8,2,2,0,5,0,0,2,2,130,Right Center Back,0.0,0.0,29.076923076923077,24.23076923076923,0.0,5.538461538461538,1.3846153846153846,1.3846153846153846,0.0,3.4615384615384617,1.3846153846153846,1.3846153846153846,0.0,1,0.8333333333333334,1,1.0,0,0.0,0.0,Defender,0.0,0.0
759,2018,Sverrir Ingi Ingason,Iceland,2,0,3,0.31,46,33,0,3,2,5,0,3,0,0,0,0,185,Right Center Back,0.0,1.4594594594594597,22.37837837837838,16.054054054054056,0.0,1.4594594594594597,0.972972972972973,2.4324324324324325,0.0,1.4594594594594597,0.0,0.0,0.15081081081081082,1,0.717391304347826,0,0.0,1,0.0,-0.31,Defender,0.0,0.0
760,2018,Sung-Yeung Ki,South Korea,2,0,3,0.09,85,76,1,6,1,13,1,5,0,0,2,1,186,Left Defensive Midfield,0.0,1.4516129032258063,41.12903225806451,36.774193548387096,0.48387096774193544,2.9032258064516125,0.48387096774193544,6.290322580645161,0.48387096774193544,2.419354838709677,0.9677419354838709,0.48387096774193544,0.04354838709677419,1,0.8941176470588236,1,0.5,1,0.0,-0.09,Midfielder,0.0,0.0
761,2018,Steven N'Kemboanza Mike Christopher Nzonzi,France,4,0,0,0.0,87,74,1,5,2,1,0,2,0,0,0,0,372,Left Defensive Midfield,0.0,0.0,21.048387096774192,17.903225806451612,0.24193548387096772,1.2096774193548385,0.48387096774193544,0.24193548387096772,0.0,0.48387096774193544,0.0,0.0,0.0,1,0.8505747126436781,0,0.0,0,0.0,0.0,Midfielder,0.0,0.0
762,2018,Steven N''Kemboanza Mike Christopher Nzonzi,France,1,0,0,0.0,15,14,0,1,0,0,0,0,0,0,0,0,92,Left Defensive Midfield,0.0,0.0,14.673913043478262,13.695652173913045,0.0,0.9782608695652175,0.0,0.0,0.0,0.0,0.0,0.0,0.0,1,0.9333333333333333,0,0.0,0,0.0,0.0,Midfielder,0.0,0.0
763,2018,Victor Nilsson Lindelöf,Sweden,4,0,0,0.0,109,84,0,3,2,9,0,2,0,0,1,1,343,Right Center Back,0.0,0.0,28.60058309037901,22.040816326530614,0.0,0.7871720116618076,0.5247813411078718,2.361516034985423,0.0,0.5247813411078718,0.2623906705539359,0.2623906705539359,0.0,1,0.7706422018348624,1,1.0,0,0.0,0.0,Defender,0.0,0.0
764,2018,Vedran Ćorluka,Croatia,4,0,0,0.0,64,57,0,3,2,4,0,2,0,0,3,3,426,Right Center Back,0.0,0.0,13.52112676056338,12.04225352112676,0.0,0.6338028169014085,0.4225352112676056,0.8450704225352113,0.0,0.4225352112676056,0.6338028169014085,0.6338028169014085,0.0,1,0.890625,1,1.0,0,0.0,0.0,Defender,0.0,0.0
765,2018,Valon Behrami,Switzerland,4,0,1,0.02,231,216,0,14,5,17,0,10,2,0,1,1,314,Right Center Midfield,0.0,0.28662420382165604,66.21019108280255,61.910828025477706,0.0,4.012738853503184,1.4331210191082802,4.872611464968153,0.0,2.8662420382165603,0.28662420382165604,0.28662420382165604,0.0057324840764331215,1,0.935064935064935,1,1.0,1,0.0,-0.02,Midfielder,0.5732484076433121,0.0
766,2018,Vahid Amiri,Iran,3,0,2,0.05,71,47,2,9,5,15,0,6,1,0,6,5,274,Left Center Midfield,0.0,0.6569343065693432,23.32116788321168,15.437956204379564,0.6569343065693432,2.956204379562044,1.6423357664233578,4.927007299270073,0.0,1.9708029197080292,1.9708029197080292,1.6423357664233578,0.016423357664233577,1,0.6619718309859155,1,0.8333333333333334,1,0.0,-0.05,Midfielder,0.3284671532846716,0.0
767,2018,Tyronne Ebuehi,Nigeria,1,0,0,0.0,25,23,2,5,0,1,0,1,0,0,0,0,95,Left Midfield,0.0,0.0,23.684210526315788,21.789473684210527,1.894736842105263,4.7368421052631575,0.0,0.9473684210526315,0.0,0.9473684210526315,0.0,0.0,0.0,1,0.92,0,0.0,0,0.0,0.0,Midfielder,0.0,0.0
768,2018,Trent Sainsbury,Australia,3,0,3,0.31,191,169,2,7,4,9,0,0,0,0,1,1,275,Right Center Back,0.0,0.9818181818181819,62.509090909090915,55.30909090909091,0.6545454545454545,2.290909090909091,1.309090909090909,2.9454545454545458,0.0,0.0,0.32727272727272727,0.32727272727272727,0.10145454545454546,1,0.8848167539267016,1,1.0,1,0.0,-0.31,Defender,0.0,0.0
769,2018,Tomoaki Makino,Japan,1,0,2,0.2,87,77,0,0,0,4,0,1,1,0,0,0,92,Left Center Back,0.0,1.956521739130435,85.10869565217392,75.32608695652175,0.0,0.0,0.0,3.91304347826087,0.0,0.9782608695652175,0.0,0.0,0.19565217391304351,1,0.8850574712643678,0,0.0,1,0.0,-0.2,Defender,0.9782608695652175,0.0
770,2018,Tomi Jurić,Australia,3,0,0,0.0,18,9,1,1,0,5,0,0,0,0,1,0,238,Center Forward,0.0,0.0,6.80672268907563,3.403361344537815,0.37815126050420167,0.37815126050420167,0.0,1.8907563025210083,0.0,0.0,0.37815126050420167,0.0,0.0,1,0.5,1,0.0,0,0.0,0.0,Forward,0.0,0.0
771,2018,Tom Rogić,Australia,3,0,5,0.36,64,53,0,0,2,12,0,3,0,0,9,8,222,Center Attacking Midfield,0.0,2.0270270270270268,25.945945945945944,21.486486486486484,0.0,0.0,0.8108108108108107,4.864864864864865,0.0,1.2162162162162162,3.6486486486486487,3.243243243243243,0.14594594594594593,1,0.828125,1,0.8888888888888888,1,0.0,-0.36,Midfielder,0.0,0.0
772,2018,Toby Alderweireld,Belgium,6,0,5,0.36,446,398,0,6,4,19,0,3,2,0,0,0,539,Right Center Back,0.0,0.8348794063079777,74.47124304267162,66.45640074211502,0.0,1.0018552875695732,0.6679035250463822,3.1725417439703154,0.0,0.5009276437847866,0.0,0.0,0.060111317254174394,1,0.8923766816143498,0,0.0,1,0.0,-0.36,Defender,0.3339517625231911,0.0
773,2018,Tin Jedvaj,Croatia,1,0,0,0.0,51,37,0,2,1,0,0,1,0,0,0,0,94,Right Back,0.0,0.0,48.82978723404255,35.42553191489362,0.0,1.9148936170212765,0.9574468085106382,0.0,0.0,0.9574468085106382,0.0,0.0,0.0,1,0.7254901960784313,0,0.0,0,0.0,0.0,Defender,0.0,0.0
774,2018,Timo Werner,Germany,3,0,7,0.81,91,61,5,1,0,15,2,2,0,0,5,3,277,Center Forward,0.0,2.2743682310469313,29.566787003610106,19.819494584837543,1.6245487364620939,0.3249097472924188,0.0,4.873646209386282,0.6498194945848376,0.6498194945848376,1.6245487364620939,0.9747292418772563,0.2631768953068592,1,0.6703296703296703,1,0.6,1,0.0,-0.81,Forward,0.0,0.0
775,2018,Tim Cahill,Australia,1,0,2,0.24,9,6,0,2,0,2,0,1,0,0,0,0,93,Center Forward,0.0,1.9354838709677418,8.709677419354838,5.806451612903225,0.0,1.9354838709677418,0.0,1.9354838709677418,0.0,0.9677419354838709,0.0,0.0,0.232258064516129,1,0.6666666666666666,0,0.0,1,0.0,-0.24,Forward,0.0,0.0
776,2018,Thorgan Hazard,Belgium,2,0,3,0.15,57,46,4,4,3,3,1,1,0,0,2,2,186,Left Midfield,0.0,1.4516129032258063,27.58064516129032,22.25806451612903,1.9354838709677418,1.9354838709677418,1.4516129032258063,1.4516129032258063,0.48387096774193544,0.48387096774193544,0.9677419354838709,0.9677419354838709,0.07258064516129031,1,0.8070175438596491,1,1.0,1,0.0,-0.15,Midfielder,0.0,0.0
777,2018,Thomas Vermaelen,Belgium,3,0,0,0.0,80,69,0,4,1,3,0,3,0,0,0,0,259,Left Center Back,0.0,0.0,27.7992277992278,23.976833976833976,0.0,1.38996138996139,0.3474903474903475,1.0424710424710424,0.0,1.0424710424710424,0.0,0.0,0.0,1,0.8625,0,0.0,0,0.0,0.0,Defender,0.0,0.0
778,2018,Yann Sommer,Switzerland,4,0,0,0.0,122,89,0,0,0,18,0,0,0,0,0,0,377,Goalkeeper,0.0,0.0,29.124668435013263,21.246684350132625,0.0,0.0,0.0,4.297082228116711,0.0,0.0,0.0,0.0,0.0,1,0.7295081967213115,0,0.0,0,0.0,0.0,Goalkeeper,0.0,0.0
779,2018,Wílmar Enrique Barrios Terán,Colombia,3,0,0,0.0,126,103,1,14,3,14,2,8,1,0,3,1,301,Left Defensive Midfield,0.0,0.0,37.67441860465116,30.79734219269103,0.29900332225913623,4.186046511627906,0.8970099667774086,4.186046511627906,0.5980066445182725,2.39202657807309,0.8970099667774086,0.29900332225913623,0.0,1,0.8174603174603174,1,0.3333333333333333,0,0.0,0.0,Midfielder,0.29900332225913623,0.0
780,2018,Woo-Young Jung,South Korea,3,0,3,0.07,60,51,0,6,2,8,0,3,2,0,3,1,279,Left Center Midfield,0.0,0.9677419354838709,19.35483870967742,16.451612903225804,0.0,1.9354838709677418,0.6451612903225806,2.5806451612903225,0.0,0.9677419354838709,0.9677419354838709,0.3225806451612903,0.022580645161290325,1,0.85,1,0.3333333333333333,1,0.0,-0.07,Midfielder,0.6451612903225806,0.0
781,2018,Wojciech Szczęsny,Poland,2,0,0,0.0,42,32,0,0,0,6,0,0,0,0,0,0,178,Goalkeeper,0.0,0.0,21.235955056179776,16.179775280898877,0.0,0.0,0.0,3.033707865168539,0.0,0.0,0.0,0.0,0.0,1,0.7619047619047619,0,0.0,0,0.0,0.0,Goalkeeper,0.0,0.0
782,2018,Willian Borges da Silva,Brazil,5,0,5,0.15,197,149,4,7,3,13,1,5,0,0,15,12,367,Right Wing,0.0,1.226158038147139,48.310626702997276,36.53950953678474,0.9809264305177112,1.7166212534059946,0.7356948228882835,3.1880108991825615,0.2452316076294278,1.226158038147139,3.6784741144414173,2.942779291553134,0.03678474114441417,1,0.7563451776649747,1,0.8,1,0.0,-0.15,Forward,0.0,0.0
783,2018,William Troost-Ekong,Nigeria,3,0,2,0.12,119,89,0,5,5,5,0,2,1,0,3,3,282,Center Back,0.0,0.6382978723404256,37.97872340425532,28.404255319148938,0.0,1.5957446808510638,1.5957446808510638,1.5957446808510638,0.0,0.6382978723404256,0.9574468085106383,0.9574468085106383,0.03829787234042553,1,0.7478991596638656,1,1.0,1,0.0,-0.12,Defender,0.3191489361702128,0.0
784,2018,William Silva de Carvalho,Portugal,4,0,1,0.02,251,220,3,3,2,27,0,6,0,0,2,2,375,Left Center Midfield,0.0,0.24,60.239999999999995,52.8,0.72,0.72,0.48,6.4799999999999995,0.0,1.44,0.48,0.48,0.0048,1,0.8764940239043825,1,1.0,1,0.0,-0.02,Midfielder,0.0,0.0
785,2018,Wilfredo Daniel Caballero,Argentina,2,0,0,0.0,51,31,0,0,0,10,0,0,0,0,0,0,182,Goalkeeper,0.0,0.0,25.21978021978022,15.32967032967033,0.0,0.0,0.0,4.945054945054945,0.0,0.0,0.0,0.0,0.0,1,0.6078431372549019,0,0.0,0,0.0,0.0,Goalkeeper,0.0,0.0
786,2018,Víctor Yoshimar Yotún Flores,Peru,3,0,3,0.01,144,118,2,4,2,11,0,5,1,0,1,0,184,Left Defensive Midfield,0.0,1.4673913043478262,70.43478260869566,57.71739130434783,0.9782608695652175,1.956521739130435,0.9782608695652175,5.380434782608696,0.0,2.4456521739130435,0.48913043478260876,0.0,0.004891304347826087,1,0.8194444444444444,1,0.0,1,0.0,-0.01,Midfielder,0.48913043478260876,0.0
787,2018,Vladimir Stojković,Serbia,3,0,0,0.0,73,47,0,0,0,10,0,0,0,0,0,0,282,Goalkeeper,0.0,0.0,23.29787234042553,15.0,0.0,0.0,0.0,3.1914893617021276,0.0,0.0,0.0,0.0,0.0,1,0.6438356164383562,0,0.0,0,0.0,0.0,Goalkeeper,0.0,0.0
788,2018,Vladimir Granat,Russia,1,0,0,0.0,6,1,0,1,0,2,0,0,0,0,0,0,111,Left Back,0.0,0.0,4.864864864864865,0.8108108108108107,0.0,0.8108108108108107,0.0,1.6216216216216215,0.0,0.0,0.0,0.0,0.0,1,0.16666666666666666,0,0.0,0,0.0,0.0,Defender,0.0,0.0
789,2018,Vincent Kompany,Belgium,5,0,6,0.64,277,258,1,7,1,8,0,8,0,0,0,0,457,Center Back,0.0,1.1816192560175056,54.55142231947484,50.80962800875274,0.19693654266958427,1.3785557986870898,0.19693654266958427,1.5754923413566742,0.0,1.5754923413566742,0.0,0.0,0.12603938730853392,1,0.9314079422382672,0,0.0,1,0.0,-0.64,Defender,0.0,0.0
790,2018,Viktor Claesson,Sweden,5,0,6,0.85,146,101,6,13,8,31,0,7,1,0,11,5,444,Right Midfield,0.0,1.2162162162162162,29.594594594594593,20.472972972972972,1.2162162162162162,2.635135135135135,1.6216216216216215,6.283783783783783,0.0,1.4189189189189189,2.22972972972973,1.0135135135135134,0.17229729729729729,1,0.6917808219178082,1,0.45454545454545453,1,0.0,-0.85,Midfielder,0.2027027027027027,0.0
791,1974,Georg Schwarzenbeck,Germany,2,0,3,0.08,58,53,0,3,4,9,0,3,0,0,3,2,152,Right Back,0.0,1.7763157894736843,34.3421052631579,31.38157894736842,0.0,1.7763157894736843,2.3684210526315788,5.328947368421052,0.0,1.7763157894736843,1.7763157894736843,1.1842105263157894,0.04736842105263158,1,0.9137931034482759,1,0.6666666666666666,1,0.0,-0.08,Defender,0.0,0.0
792,1974,Franz Beckenbauer,Germany,2,0,4,0.18,154,136,3,5,0,12,0,0,0,0,1,1,172,Left Center Back,0.0,2.093023255813953,80.5813953488372,71.16279069767441,1.569767441860465,2.6162790697674416,0.0,6.27906976744186,0.0,0.0,0.5232558139534883,0.5232558139534883,0.0941860465116279,1,0.8831168831168831,1,1.0,1,0.0,-0.18,Defender,0.0,0.0
793,1974,Francisco das Chagas Marinho,Brazil,1,0,2,0.1,25,19,0,0,2,5,1,2,0,0,3,2,91,Left Back,0.0,1.978021978021978,24.725274725274726,18.791208791208792,0.0,0.0,1.978021978021978,4.945054945054945,0.989010989010989,1.978021978021978,2.967032967032967,1.978021978021978,0.09890109890109891,1,0.76,1,0.6666666666666666,1,0.0,-0.1,Defender,0.0,0.0
794,2018,Youri Tielemans,Belgium,4,0,4,0.12,114,98,2,7,2,7,0,5,1,0,2,2,354,Left Center Midfield,0.0,1.0169491525423728,28.98305084745763,24.91525423728814,0.5084745762711864,1.7796610169491527,0.5084745762711864,1.7796610169491527,0.0,1.2711864406779663,0.5084745762711864,0.5084745762711864,0.030508474576271188,1,0.8596491228070176,1,1.0,1,0.0,-0.12,Midfielder,0.2542372881355932,0.0
795,2018,Younès Belhanda,Morocco,3,0,6,0.62,113,90,2,5,1,9,0,4,0,0,5,5,231,Center Attacking Midfield,0.0,2.3376623376623376,44.02597402597402,35.064935064935064,0.7792207792207791,1.9480519480519478,0.3896103896103896,3.506493506493506,0.0,1.5584415584415583,1.9480519480519478,1.9480519480519478,0.24155844155844153,1,0.7964601769911505,1,1.0,1,0.0,-0.62,Midfielder,0.0,0.0
796,2018,Yong Lee,South Korea,3,0,1,0.02,119,80,0,11,1,14,0,6,1,0,3,2,281,Right Back,0.0,0.3202846975088968,38.11387900355872,25.622775800711743,0.0,3.5231316725978647,0.3202846975088968,4.483985765124555,0.0,1.9217081850533808,0.9608540925266904,0.6405693950177936,0.006405693950177936,1,0.6722689075630253,1,0.6666666666666666,1,0.0,-0.02,Defender,0.3202846975088968,0.0
797,2018,Yohan Benalouane,Tunisia,1,0,0,0.0,16,9,0,2,2,2,0,3,0,0,0,0,93,Right Center Back,0.0,0.0,15.483870967741934,8.709677419354838,0.0,1.9354838709677418,1.9354838709677418,1.9354838709677418,0.0,2.9032258064516125,0.0,0.0,0.0,1,0.5625,0,0.0,0,0.0,0.0,Defender,0.0,0.0
798,2018,Yo-Han Go,South Korea,1,0,0,0.0,3,3,1,0,0,2,0,1,0,0,0,0,98,Left Midfield,0.0,0.0,2.7551020408163267,2.7551020408163267,0.9183673469387756,0.0,0.0,1.8367346938775513,0.0,0.9183673469387756,0.0,0.0,0.0,1,1.0,0,0.0,0,0.0,0.0,Midfielder,0.0,0.0
799,2018,Yeltsin Ignacio Tejeda Valverde,Costa Rica,1,0,0,0.0,5,3,0,0,0,1,0,0,0,0,0,0,96,Left Midfield,0.0,0.0,4.6875,2.8125,0.0,0.0,0.0,0.9375,0.0,0.0,0.0,0.0,0.0,1,0.6,0,0.0,0,0.0,0.0,Midfielder,0.0,0.0
800,2018,Yehya Sulaiman Ali Al-Shehri,Saudi Arabia,2,0,0,0.0,60,54,0,1,1,5,1,0,0,0,3,0,164,Right Midfield,0.0,0.0,32.926829268292686,29.634146341463413,0.0,0.5487804878048781,0.5487804878048781,2.7439024390243905,0.5487804878048781,0.0,1.6463414634146343,0.0,0.0,1,0.9,1,0.0,0,0.0,0.0,Midfielder,0.0,0.0
801,2018,Yassine Meriah,Tunisia,3,0,0,0.0,186,164,0,3,6,9,0,4,0,0,0,0,266,Left Center Back,0.0,0.0,62.932330827067666,55.48872180451127,0.0,1.0150375939849623,2.0300751879699246,3.045112781954887,0.0,1.3533834586466165,0.0,0.0,0.0,1,0.8817204301075269,0,0.0,0,0.0,0.0,Defender,0.0,0.0
802,2018,Yasser Abdullah Al Mosailem,Saudi Arabia,1,0,0,0.0,13,12,0,0,0,1,0,0,0,0,0,0,91,Goalkeeper,0.0,0.0,12.857142857142858,11.868131868131869,0.0,0.0,0.0,0.989010989010989,0.0,0.0,0.0,0.0,0.0,1,0.9230769230769231,0,0.0,0,0.0,0.0,Goalkeeper,0.0,0.0
803,2018,Yasir Gharsan Al Shahrani,Saudi Arabia,3,0,5,0.17,213,169,2,12,2,10,1,3,0,0,2,2,272,Left Back,0.0,1.6544117647058825,70.4779411764706,55.919117647058826,0.6617647058823529,3.9705882352941178,0.6617647058823529,3.308823529411765,0.33088235294117646,0.9926470588235294,0.6617647058823529,0.6617647058823529,0.05625000000000001,1,0.7934272300469484,1,1.0,1,0.0,-0.17,Defender,0.0,0.0
804,2018,Yannick Ferreira Carrasco,Belgium,4,0,6,0.3,95,75,3,7,1,7,0,5,0,0,9,7,324,Left Wing Back,0.0,1.6666666666666665,26.38888888888889,20.833333333333332,0.8333333333333333,1.9444444444444444,0.2777777777777778,1.9444444444444444,0.0,1.3888888888888888,2.5,1.9444444444444444,0.08333333333333333,1,0.7894736842105263,1,0.7777777777777778,1,0.0,-0.3,Defender,0.0,0.0
805,2018,Éver Maximiliano David Banega,Argentina,3,0,3,0.11,211,180,3,9,3,16,1,4,1,0,7,3,275,Left Center Midfield,0.0,0.9818181818181819,69.05454545454546,58.909090909090914,0.9818181818181819,2.9454545454545458,0.9818181818181819,5.236363636363636,0.32727272727272727,1.309090909090909,2.290909090909091,0.9818181818181819,0.036000000000000004,1,0.8530805687203792,1,0.42857142857142855,1,0.0,-0.11,Midfielder,0.32727272727272727,0.0
806,2018,Édison Michael Flores Peralta,Peru,3,0,5,0.3,104,77,3,7,3,12,1,3,0,0,3,1,246,Left Midfield,0.0,1.829268292682927,38.048780487804876,28.170731707317074,1.0975609756097562,2.5609756097560976,1.0975609756097562,4.390243902439025,0.36585365853658536,1.0975609756097562,1.0975609756097562,0.36585365853658536,0.10975609756097561,1,0.7403846153846154,1,0.3333333333333333,1,0.0,-0.3,Midfielder,0.0,0.0
807,2018,Yuto Nagatomo,Japan,4,0,2,0.08,191,155,2,7,4,13,0,2,0,0,3,2,371,Left Back,0.0,0.4851752021563343,46.334231805929925,37.60107816711591,0.4851752021563343,1.69811320754717,0.9703504043126686,3.1536388140161726,0.0,0.4851752021563343,0.7277628032345014,0.4851752021563343,0.019407008086253372,1,0.8115183246073299,1,0.6666666666666666,1,0.0,-0.08,Defender,0.0,0.0
808,2018,Yuri Zhirkov,Russia,3,0,2,0.03,106,67,0,6,1,6,0,3,0,0,1,1,219,Left Back,0.0,0.8219178082191781,43.561643835616444,27.53424657534247,0.0,2.4657534246575343,0.4109589041095891,2.4657534246575343,0.0,1.2328767123287672,0.4109589041095891,0.4109589041095891,0.012328767123287673,1,0.6320754716981132,1,1.0,1,0.0,-0.03,Defender,0.0,0.0
809,2018,Youssouf Sabaly,Senegal,3,0,2,0.04,118,87,2,8,3,17,0,8,1,0,7,6,259,Left Back,0.0,0.694980694980695,41.003861003861005,30.231660231660232,0.694980694980695,2.77992277992278,1.0424710424710424,5.9073359073359075,0.0,2.77992277992278,2.4324324324324325,2.0849420849420848,0.0138996138996139,1,0.7372881355932204,1,0.8571428571428571,1,0.0,-0.04,Defender,0.3474903474903475,0.0
810,1974,Jan Jongbloed,Netherlands,5,0,0,0.0,140,124,0,0,0,20,0,1,0,0,0,0,437,Goalkeeper,0.0,0.0,28.832951945080094,25.53775743707094,0.0,0.0,0.0,4.118993135011442,0.0,0.20594965675057209,0.0,0.0,0.0,1,0.8857142857142857,0,0.0,0,0.0,0.0,Goalkeeper,0.0,0.0
811,1974,Jair Ventura Filho,Brazil,1,0,1,0.13,26,21,1,6,1,3,0,6,0,0,8,4,90,Right Center Forward,0.0,1.0,26.0,21.0,1.0,6.0,1.0,3.0,0.0,6.0,8.0,4.0,0.13,1,0.8076923076923077,1,0.5,1,0.0,-0.13,Forward,0.0,0.0
812,1974,Héctor Casimiro Yazalde,Argentina,1,0,1,0.03,14,11,0,2,0,1,0,0,0,0,1,0,91,Center Forward,0.0,0.989010989010989,13.846153846153847,10.87912087912088,0.0,1.978021978021978,0.0,0.989010989010989,0.0,0.0,0.989010989010989,0.0,0.02967032967032967,1,0.7857142857142857,1,0.0,1,0.0,-0.03,Forward,0.0,0.0
813,1974,Hans-Jürgen Kreische,German DR,2,0,1,0.62,43,30,1,5,2,9,0,2,0,0,2,1,165,Left Midfield,0.0,0.5454545454545455,23.454545454545457,16.363636363636363,0.5454545454545455,2.7272727272727275,1.090909090909091,4.909090909090909,0.0,1.090909090909091,1.090909090909091,0.5454545454545455,0.3381818181818182,1,0.6976744186046512,1,0.5,1,0.0,-0.62,Midfielder,0.0,0.0
814,1974,Gerd Kische,German DR,2,0,1,0.02,41,33,0,5,1,7,0,3,0,0,4,2,171,Right Back,0.0,0.5263157894736842,21.578947368421055,17.36842105263158,0.0,2.6315789473684212,0.5263157894736842,3.68421052631579,0.0,1.5789473684210527,2.1052631578947367,1.0526315789473684,0.010526315789473686,1,0.8048780487804879,1,0.5,1,0.0,-0.02,Defender,0.0,0.0
815,2022,Abdulelah Al Amri,Saudi Arabia,3,0,1,0.04,101,76,0,8,4,15,0,4,2,0,0,0,295,Right Center Back,0.0,0.3050847457627119,30.8135593220339,23.186440677966104,0.0,2.440677966101695,1.2203389830508475,4.576271186440678,0.0,1.2203389830508475,0.0,0.0,0.012203389830508475,1,0.7524752475247525,0,0.0,1,0.0,-0.04,Defender,0.6101694915254238,0.0
816,2022,Abdulaziz Hatem Mohammed Abdullah,Qatar,3,0,1,0.02,91,72,1,3,2,3,0,4,0,0,1,1,271,Right Center Midfield,0.0,0.33210332103321033,30.22140221402214,23.911439114391143,0.33210332103321033,0.996309963099631,0.6642066420664207,0.996309963099631,0.0,1.3284132841328413,0.33210332103321033,0.33210332103321033,0.006642066420664207,1,0.7912087912087912,1,1.0,1,0.0,-0.02,Midfielder,0.0,0.0
817,2022,Abdul Rahman Baba,Ghana,3,0,0,0.0,103,70,2,11,1,6,1,8,0,0,5,1,294,Left Back,0.0,0.0,31.53061224489796,21.42857142857143,0.6122448979591837,3.36734693877551,0.30612244897959184,1.836734693877551,0.30612244897959184,2.4489795918367347,1.530612244897959,0.30612244897959184,0.0,1,0.6796116504854369,1,0.2,0,0.0,0.0,Defender,0.0,0.0
818,2022,Abdul Fatawu Issahaku,Ghana,1,0,0,0.0,0,0,0,0,0,0,0,0,0,0,1,0,98,Right Wing,0.0,0.0,0.0,0.0,0.0,0.0,0.0,0.0,0.0,0.0,0.9183673469387756,0.0,0.0,0,0.0,1,0.0,0,0.0,0.0,Forward,0.0,0.0
819,2022,Abdou Diallo,Senegal,4,0,1,0.04,183,142,1,8,1,5,0,4,0,0,0,0,337,Left Center Back,0.0,0.26706231454005935,48.87240356083086,37.92284866468843,0.26706231454005935,2.136498516320475,0.26706231454005935,1.3353115727002967,0.0,1.0682492581602374,0.0,0.0,0.010682492581602374,1,0.7759562841530054,0,0.0,1,0.0,-0.04,Defender,0.0,0.0
820,2022,Abdessamad Ezzalzouli,Morocco,3,0,1,0.06,16,11,2,4,3,7,0,4,0,0,2,1,309,Left Wing,0.0,0.29126213592233013,4.660194174757282,3.2038834951456314,0.5825242718446603,1.1650485436893205,0.8737864077669903,2.0388349514563107,0.0,1.1650485436893205,0.5825242718446603,0.29126213592233013,0.017475728155339806,1,0.6875,1,0.5,1,0.0,-0.06,Forward,0.0,0.0
821,2022,Abderrazak Hamdallah,Morocco,4,0,2,0.54,16,8,0,7,0,6,0,4,0,0,1,1,375,Center Forward,0.0,0.48,3.84,1.92,0.0,1.68,0.0,1.44,0.0,0.96,0.24,0.24,0.1296,1,0.5,1,1.0,1,0.0,-0.54,Forward,0.0,0.0
822,2022,Abdelkarim Hassan Al Haj Fadlalla,Qatar,3,0,6,0.27,158,125,1,9,3,12,1,2,0,0,3,2,277,Left Center Back,0.0,1.9494584837545126,51.335740072202164,40.61371841155234,0.3249097472924188,2.9241877256317688,0.9747292418772563,3.898916967509025,0.3249097472924188,0.6498194945848376,0.9747292418772563,0.6498194945848376,0.08772563176895307,1,0.7911392405063291,1,0.6666666666666666,1,0.0,-0.27,Defender,0.0,0.0
823,2022,Aaron Ramsey,Wales,3,0,1,0.03,110,86,1,7,1,14,0,3,1,0,9,3,278,Right Center Midfield,0.0,0.3237410071942446,35.611510791366904,27.841726618705035,0.3237410071942446,2.2661870503597124,0.3237410071942446,4.532374100719425,0.0,0.9712230215827338,2.9136690647482015,0.9712230215827338,0.009712230215827337,1,0.7818181818181819,1,0.3333333333333333,1,0.0,-0.03,Midfielder,0.3237410071942446,0.0
824,2022,Aaron Mooy,Australia,4,0,1,0.04,219,171,1,17,3,32,0,6,1,0,5,2,380,Left Defensive Midfield,0.0,0.23684210526315788,51.868421052631575,40.5,0.23684210526315788,4.026315789473684,0.7105263157894737,7.578947368421052,0.0,1.4210526315789473,1.1842105263157894,0.47368421052631576,0.009473684210526316,1,0.7808219178082192,1,0.4,1,0.0,-0.04,Midfielder,0.23684210526315788,0.0
825,2018,Šime Vrsaljko,Croatia,6,0,5,0.06,374,283,5,11,11,27,0,9,2,0,4,1,602,Right Back,0.0,0.7475083056478405,55.91362126245847,42.308970099667775,0.7475083056478405,1.6445182724252492,1.6445182724252492,4.0365448504983386,0.0,1.345514950166113,0.5980066445182725,0.14950166112956811,0.008970099667774087,1,0.7566844919786097,1,0.25,1,0.0,-0.06,Defender,0.29900332225913623,0.0
826,2018,Łukasz Teodorczyk,Poland,2,0,1,0.07,8,6,0,4,0,1,0,1,0,0,3,1,185,Right Midfield,0.0,0.4864864864864865,3.891891891891892,2.9189189189189193,0.0,1.945945945945946,0.0,0.4864864864864865,0.0,0.4864864864864865,1.4594594594594597,0.4864864864864865,0.03405405405405406,1,0.75,1,0.3333333333333333,1,0.0,-0.07,Midfielder,0.0,0.0
827,2018,Łukasz Piszczek,Poland,2,0,1,0.04,110,76,3,2,4,6,1,0,0,0,1,0,176,Right Center Back,0.0,0.5113636363636364,56.25,38.86363636363637,1.5340909090909092,1.0227272727272727,2.0454545454545454,3.0681818181818183,0.5113636363636364,0.0,0.5113636363636364,0.0,0.020454545454545454,1,0.6909090909090909,1,0.0,1,0.0,-0.04,Defender,0.0,0.0
828,2018,İlkay Gündoğan,Germany,1,0,1,0.02,51,47,2,1,0,0,1,0,0,0,0,0,96,Right Defensive Midfield,0.0,0.9375,47.8125,44.0625,1.875,0.9375,0.0,0.0,0.9375,0.0,0.0,0.0,0.01875,1,0.9215686274509803,0,0.0,1,0.0,-0.02,Midfielder,0.0,0.0
829,2018,Óscar Esau Duarte Gaitán,Costa Rica,2,0,2,0.11,83,63,2,1,4,3,0,3,0,0,2,2,187,Left Center Back,0.0,0.9625668449197861,39.94652406417112,30.320855614973258,0.9625668449197861,0.48128342245989303,1.9251336898395721,1.443850267379679,0.0,1.443850267379679,0.9625668449197861,0.9625668449197861,0.052941176470588235,1,0.7590361445783133,1,1.0,1,0.0,-0.11,Defender,0.0,0.0
830,2022,Alexander Hartmann Bah,Denmark,2,0,2,0.06,50,37,0,4,0,4,0,1,0,0,2,2,191,Right Back,0.0,0.9424083769633508,23.56020942408377,17.43455497382199,0.0,1.8848167539267016,0.0,1.8848167539267016,0.0,0.4712041884816754,0.9424083769633508,0.9424083769633508,0.02827225130890052,1,0.74,1,1.0,1,0.0,-0.06,Defender,0.0,0.0
831,2022,Alexander Djiku,Ghana,2,0,0,0.0,27,23,0,1,4,3,0,1,0,0,1,1,190,Center Back,0.0,0.0,12.789473684210526,10.894736842105264,0.0,0.47368421052631576,1.894736842105263,1.4210526315789473,0.0,0.47368421052631576,0.47368421052631576,0.47368421052631576,0.0,1,0.8518518518518519,1,1.0,0,0.0,0.0,Defender,0.0,0.0
832,2022,Alex Sandro Lobo Silva,Brazil,3,0,1,0.02,169,150,1,10,4,14,0,3,0,0,2,1,300,Left Back,0.0,0.3,50.699999999999996,45.0,0.3,3.0,1.2,4.2,0.0,0.8999999999999999,0.6,0.3,0.006,1,0.8875739644970414,1,0.5,1,0.0,-0.02,Defender,0.0,0.0
833,2022,Alex Nicolao Telles,Brazil,2,0,0,0.0,44,35,0,3,1,2,0,1,0,0,0,0,149,Left Back,0.0,0.0,26.577181208053695,21.140939597315437,0.0,1.8120805369127517,0.6040268456375839,1.2080536912751678,0.0,0.6040268456375839,0.0,0.0,0.0,1,0.7954545454545454,0,0.0,0,0.0,0.0,Defender,0.0,0.0
834,2022,Alejandro Darío Gómez,Argentina,2,0,2,0.02,58,52,0,3,2,5,1,1,0,0,3,2,107,Left Midfield,0.0,1.6822429906542056,48.78504672897196,43.73831775700935,0.0,2.5233644859813085,1.6822429906542056,4.205607476635514,0.8411214953271028,0.8411214953271028,2.5233644859813085,1.6822429906542056,0.016822429906542057,1,0.896551724137931,1,0.6666666666666666,1,0.0,-0.02,Midfielder,0.0,0.0
835,2022,Alejandro Balde Martínez,Spain,4,0,1,0.08,119,111,0,10,2,5,0,2,0,0,0,0,381,Left Back,0.0,0.23622047244094488,28.11023622047244,26.22047244094488,0.0,2.3622047244094486,0.47244094488188976,1.1811023622047243,0.0,0.47244094488188976,0.0,0.0,0.01889763779527559,1,0.9327731092436975,0,0.0,1,0.0,-0.08,Defender,0.0,0.0
836,2022,Alan Steven Franco Palma,Ecuador,2,0,0,0.0,11,10,0,2,0,1,0,0,0,0,0,0,143,Right Center Midfield,0.0,0.0,6.923076923076923,6.293706293706294,0.0,1.2587412587412588,0.0,0.6293706293706294,0.0,0.0,0.0,0.0,0.0,1,0.9090909090909091,0,0.0,0,0.0,0.0,Midfielder,0.0,0.0
837,2022,Akram Hassan Afif,Qatar,3,0,2,0.03,166,141,5,1,0,17,1,2,1,0,7,3,282,Left Center Forward,0.0,0.6382978723404256,52.97872340425532,45.0,1.5957446808510638,0.3191489361702128,0.0,5.425531914893617,0.3191489361702128,0.6382978723404256,2.2340425531914896,0.9574468085106383,0.009574468085106383,1,0.8493975903614458,1,0.42857142857142855,1,0.0,-0.03,Forward,0.3191489361702128,0.0
838,2022,Ajdin Hrustic,Australia,3,0,1,0.03,23,18,0,2,0,4,0,1,0,0,4,1,285,Right Center Forward,0.0,0.31578947368421056,7.2631578947368425,5.684210526315789,0.0,0.6315789473684211,0.0,1.2631578947368423,0.0,0.31578947368421056,1.2631578947368423,0.31578947368421056,0.009473684210526316,1,0.782608695652174,1,0.25,1,0.0,-0.03,Forward,0.0,0.0
839,2022,Ahmed Alaa Eldin Abdelmotaal,Qatar,1,0,0,0.0,2,0,0,0,0,0,0,0,0,0,0,0,95,Left Center Forward,0.0,0.0,1.894736842105263,0.0,0.0,0.0,0.0,0.0,0.0,0.0,0.0,0.0,0.0,1,0.0,0,0.0,0,0.0,0.0,Forward,0.0,0.0
840,2022,Ahmad Nourollahi,Iran,3,0,5,0.08,55,39,0,4,5,17,1,3,0,0,4,2,223,Left Defensive Midfield,0.0,2.0179372197309418,22.19730941704036,15.739910313901344,0.0,1.6143497757847534,2.0179372197309418,6.860986547085202,0.40358744394618834,1.210762331838565,1.6143497757847534,0.8071748878923767,0.03228699551569507,1,0.7090909090909091,1,0.5,1,0.0,-0.08,Midfielder,0.0,0.0
841,2022,Agustín Canobbio Graviz,Uruguay,1,0,0,0.0,7,5,0,4,0,1,0,0,0,0,0,0,97,Right Midfield,0.0,0.0,6.494845360824742,4.639175257731959,0.0,3.711340206185567,0.0,0.9278350515463918,0.0,0.0,0.0,0.0,0.0,1,0.7142857142857143,0,0.0,0,0.0,0.0,Midfielder,0.0,0.0
842,2022,Abolfazl Jalali,Iran,1,0,0,0.0,29,21,0,0,0,6,1,1,1,0,2,1,98,Left Back,0.0,0.0,26.63265306122449,19.28571428571429,0.0,0.0,0.0,5.510204081632653,0.9183673469387756,0.9183673469387756,1.8367346938775513,0.9183673469387756,0.0,1,0.7241379310344828,1,0.5,0,0.0,0.0,Defender,0.9183673469387756,0.0
843,2022,Abdulrahman Al-Obood,Saudi Arabia,2,0,1,0.04,13,8,1,4,0,3,0,0,0,0,2,0,190,Right Wing,0.0,0.47368421052631576,6.157894736842105,3.789473684210526,0.47368421052631576,1.894736842105263,0.0,1.4210526315789473,0.0,0.0,0.9473684210526315,0.0,0.018947368421052633,1,0.6153846153846154,1,0.0,1,0.0,-0.04,Forward,0.0,0.0
844,2022,Abdullah Mohammed Madu,Saudi Arabia,1,0,0,0.0,11,4,0,2,1,2,0,1,1,0,0,0,95,Left Center Back,0.0,0.0,10.421052631578947,3.789473684210526,0.0,1.894736842105263,0.9473684210526315,1.894736842105263,0.0,0.9473684210526315,0.0,0.0,0.0,1,0.36363636363636365,0,0.0,0,0.0,0.0,Defender,0.9473684210526315,0.0
845,2022,Abdulelah Saad Hameed Al-Malki,Saudi Arabia,2,0,2,0.14,86,71,0,3,3,11,1,8,1,0,0,0,187,Left Defensive Midfield,0.0,0.9625668449197861,41.390374331550795,34.17112299465241,0.0,1.443850267379679,1.443850267379679,5.294117647058823,0.48128342245989303,3.8502673796791442,0.0,0.0,0.06737967914438503,1,0.8255813953488372,0,0.0,1,0.0,-0.14,Midfielder,0.48128342245989303,0.0
846,2022,Andreas Evald Cornelius,Denmark,3,0,5,0.8,32,21,3,9,0,3,0,4,1,0,1,1,238,Center Forward,0.0,1.8907563025210083,12.100840336134453,7.9411764705882355,1.134453781512605,3.403361344537815,0.0,1.134453781512605,0.0,1.5126050420168067,0.37815126050420167,0.37815126050420167,0.3025210084033614,1,0.65625,1,1.0,1,0.0,-0.8,Forward,0.37815126050420167,0.0
847,2022,Anass Zaroury,Morocco,1,0,0,0.0,12,10,1,0,0,1,0,0,0,0,1,0,95,Left Wing,0.0,0.0,11.368421052631579,9.473684210526315,0.9473684210526315,0.0,0.0,0.9473684210526315,0.0,0.0,0.9473684210526315,0.0,0.0,1,0.8333333333333334,1,0.0,0,0.0,0.0,Forward,0.0,0.0
848,2022,Amadou Onana,Belgium,2,0,2,0.29,63,57,0,7,0,1,0,4,2,0,1,1,152,Right Defensive Midfield,0.0,1.1842105263157894,37.30263157894737,33.75,0.0,4.144736842105263,0.0,0.5921052631578947,0.0,2.3684210526315788,0.5921052631578947,0.5921052631578947,0.17171052631578945,1,0.9047619047619048,1,1.0,1,0.0,-0.29,Midfielder,1.1842105263157894,0.0
849,2022,Almoez Ali Zainalabiddin Abdulla,Qatar,3,0,3,0.48,46,36,0,14,0,6,1,2,1,0,4,3,228,Right Center Forward,0.0,1.1842105263157896,18.157894736842106,14.210526315789474,0.0,5.526315789473684,0.0,2.368421052631579,0.39473684210526316,0.7894736842105263,1.5789473684210527,1.1842105263157896,0.18947368421052632,1,0.782608695652174,1,0.75,1,0.0,-0.48,Forward,0.39473684210526316,0.0
850,2022,Alistair Johnston,Canada,3,0,2,0.67,187,156,4,7,2,14,1,5,1,0,0,0,277,Right Back,0.0,0.6498194945848376,60.75812274368231,50.685920577617324,1.2996389891696751,2.2743682310469313,0.6498194945848376,4.548736462093863,0.3249097472924188,1.6245487364620939,0.0,0.0,0.2176895306859206,1,0.8342245989304813,0,0.0,1,0.0,-0.67,Defender,0.3249097472924188,0.0
851,2022,Alisson Ramsés Becker,Brazil,4,0,0,0.0,94,80,0,0,0,23,0,0,0,0,0,0,390,Goalkeeper,0.0,0.0,21.692307692307693,18.461538461538463,0.0,0.0,0.0,5.307692307692308,0.0,0.0,0.0,0.0,0.0,1,0.851063829787234,0,0.0,0,0.0,0.0,Goalkeeper,0.0,0.0
852,2022,Alireza Safar Beiranvand,Iran,2,0,0,0.0,31,21,0,0,0,1,0,0,0,0,0,0,118,Goalkeeper,0.0,0.0,23.64406779661017,16.016949152542374,0.0,0.0,0.0,0.7627118644067796,0.0,0.0,0.0,0.0,0.0,1,0.6774193548387096,0,0.0,0,0.0,0.0,Goalkeeper,0.0,0.0
853,2022,Alireza Jahanbakhsh,Iran,2,0,3,0.15,16,11,0,4,1,4,0,3,2,0,2,1,155,Right Wing,0.0,1.7419354838709677,9.29032258064516,6.387096774193548,0.0,2.32258064516129,0.5806451612903225,2.32258064516129,0.0,1.7419354838709677,1.161290322580645,0.5806451612903225,0.08709677419354837,1,0.6875,1,0.5,1,0.0,-0.15,Forward,1.161290322580645,0.0
854,2022,Alidu Seidu,Ghana,2,0,1,0.02,75,60,0,9,0,10,1,5,2,0,5,5,163,Right Back,0.0,0.5521472392638037,41.41104294478528,33.12883435582822,0.0,4.969325153374233,0.0,5.521472392638037,0.5521472392638037,2.7607361963190185,2.7607361963190185,2.7607361963190185,0.011042944785276074,1,0.8,1,1.0,1,0.0,-0.02,Defender,1.1042944785276074,0.0
855,2022,Ali Maâloul,Tunisia,1,0,0,0.0,61,39,0,4,2,2,0,0,0,0,0,0,97,Left Wing Back,0.0,0.0,56.5979381443299,36.18556701030928,0.0,3.711340206185567,1.8556701030927836,1.8556701030927836,0.0,0.0,0.0,0.0,0.0,1,0.639344262295082,0,0.0,0,0.0,0.0,Defender,0.0,0.0
856,2022,Ali Karimi,Iran,3,0,0,0.0,45,36,0,5,1,0,1,6,0,0,0,0,256,Right Defensive Midfield,0.0,0.0,15.8203125,12.65625,0.0,1.7578125,0.3515625,0.0,0.3515625,2.109375,0.0,0.0,0.0,1,0.8,0,0.0,0,0.0,0.0,Midfielder,0.0,0.0
857,2022,Ali Gholizadeh,Iran,3,0,1,0.04,73,47,1,4,5,15,0,3,0,0,7,4,248,Right Midfield,0.0,0.3629032258064516,26.491935483870968,17.056451612903224,0.3629032258064516,1.4516129032258065,1.814516129032258,5.443548387096774,0.0,1.0887096774193548,2.5403225806451615,1.4516129032258065,0.014516129032258065,1,0.6438356164383562,1,0.5714285714285714,1,0.0,-0.04,Midfielder,0.0,0.0
858,2022,Ali Assadalla Thaimn Qambar,Qatar,1,0,0,0.0,23,22,0,1,0,1,0,0,0,0,1,1,93,Left Center Midfield,0.0,0.0,22.25806451612903,21.29032258064516,0.0,0.9677419354838709,0.0,0.9677419354838709,0.0,0.0,0.9677419354838709,0.9677419354838709,0.0,1,0.9565217391304348,1,1.0,0,0.0,0.0,Midfielder,0.0,0.0
859,2022,Ali Albulayhi,Saudi Arabia,3,0,0,0.0,89,71,0,8,2,7,0,1,0,0,0,0,231,Left Center Back,0.0,0.0,34.675324675324674,27.66233766233766,0.0,3.1168831168831166,0.7792207792207791,2.727272727272727,0.0,0.3896103896103896,0.0,0.0,0.0,1,0.797752808988764,0,0.0,0,0.0,0.0,Defender,0.0,0.0
860,2022,Ali Abdi,Tunisia,3,0,0,0.0,109,72,1,17,5,14,1,5,1,0,3,1,292,Left Wing Back,0.0,0.0,33.5958904109589,22.191780821917806,0.3082191780821918,5.239726027397261,1.5410958904109588,4.315068493150685,0.3082191780821918,1.5410958904109588,0.9246575342465754,0.3082191780821918,0.0,1,0.6605504587155964,1,0.3333333333333333,0,0.0,0.0,Defender,0.3082191780821918,0.0
861,2022,Antony Matheus dos Santos,Brazil,4,0,6,0.15,113,91,3,6,3,12,1,2,0,0,15,5,390,Right Wing,0.0,1.3846153846153848,26.07692307692308,21.0,0.6923076923076924,1.3846153846153848,0.6923076923076924,2.7692307692307696,0.23076923076923078,0.46153846153846156,3.4615384615384617,1.153846153846154,0.03461538461538462,1,0.8053097345132744,1,0.3333333333333333,1,0.0,-0.15,Forward,0.0,0.0
862,2022,Antonio Rüdiger,Germany,3,0,6,0.66,247,227,0,4,0,16,0,0,0,0,0,0,288,Left Center Back,0.0,1.875,77.1875,70.9375,0.0,1.25,0.0,5.0,0.0,0.0,0.0,0.0,0.20625,1,0.9190283400809717,0,0.0,1,0.0,-0.66,Defender,0.0,0.0
863,2022,Antonee Robinson,United States,4,0,0,0.0,240,175,3,13,8,31,0,3,0,0,7,4,380,Left Back,0.0,0.0,56.84210526315789,41.44736842105263,0.7105263157894737,3.0789473684210527,1.894736842105263,7.342105263157895,0.0,0.7105263157894737,1.6578947368421053,0.9473684210526315,0.0,1,0.7291666666666666,1,0.5714285714285714,0,0.0,0.0,Defender,0.0,0.0
864,2022,Antoine Semenyo,Ghana,2,0,1,0.12,3,1,0,4,0,2,0,2,0,0,0,0,191,Center Forward,0.0,0.4712041884816754,1.4136125654450262,0.4712041884816754,0.0,1.8848167539267016,0.0,0.9424083769633508,0.0,0.9424083769633508,0.0,0.0,0.05654450261780104,1,0.3333333333333333,0,0.0,1,0.0,-0.12,Forward,0.0,0.0
865,2022,Antoine Griezmann,France,7,0,6,0.5,323,255,17,18,11,25,2,3,1,0,8,3,648,Center Attacking Midfield,0.0,0.8333333333333333,44.86111111111111,35.416666666666664,2.361111111111111,2.5,1.5277777777777777,3.4722222222222223,0.2777777777777778,0.41666666666666663,1.1111111111111112,0.41666666666666663,0.06944444444444445,1,0.7894736842105263,1,0.375,1,0.0,-0.5,Midfielder,0.1388888888888889,0.0
866,2022,Anthony Daniel Contreras Enríquez,Costa Rica,3,0,0,0.0,25,17,1,10,1,6,0,1,1,0,1,1,223,Center Forward,0.0,0.0,10.089686098654708,6.860986547085202,0.40358744394618834,4.0358744394618835,0.40358744394618834,2.42152466367713,0.0,0.40358744394618834,0.40358744394618834,0.40358744394618834,0.0,1,0.68,1,1.0,0,0.0,0.0,Forward,0.40358744394618834,0.0
867,2022,Ante Budimir,Croatia,2,0,1,0.1,6,4,0,5,0,1,0,4,0,0,0,0,224,Center Forward,0.0,0.4017857142857143,2.4107142857142856,1.6071428571428572,0.0,2.008928571428571,0.0,0.4017857142857143,0.0,1.6071428571428572,0.0,0.0,0.04017857142857143,1,0.6666666666666666,0,0.0,1,0.0,-0.1,Forward,0.0,0.0
868,2022,Anssumane Fati,Spain,2,0,0,0.0,28,24,0,4,0,2,0,0,0,0,2,0,217,Left Wing,0.0,0.0,11.612903225806452,9.953917050691246,0.0,1.6589861751152075,0.0,0.8294930875576038,0.0,0.0,0.8294930875576038,0.0,0.0,1,0.8571428571428571,1,0.0,0,0.0,0.0,Forward,0.0,0.0
869,2022,Anis Ben Slimane,Tunisia,2,0,1,0.1,49,35,2,7,1,8,2,1,0,0,1,1,148,Right Attacking Midfield,0.0,0.6081081081081081,29.7972972972973,21.283783783783786,1.2162162162162162,4.256756756756757,0.6081081081081081,4.864864864864865,1.2162162162162162,0.6081081081081081,0.6081081081081081,0.6081081081081081,0.060810810810810814,1,0.7142857142857143,1,1.0,1,0.0,-0.1,Midfielder,0.0,0.0
870,2022,Angelo Smit Preciado Quiñónez,Ecuador,3,0,4,0.07,129,97,2,13,5,18,0,8,0,0,1,0,272,Right Back,0.0,1.3235294117647058,42.68382352941177,32.095588235294116,0.6617647058823529,4.301470588235294,1.6544117647058825,5.955882352941177,0.0,2.6470588235294117,0.33088235294117646,0.0,0.023161764705882357,1,0.751937984496124,1,0.0,1,0.0,-0.07,Defender,0.0,0.0
871,2022,André-Frank Zambo Anguissa,Cameroon,3,0,1,0.05,134,115,0,7,6,10,2,6,0,0,3,3,268,Right Center Midfield,0.0,0.33582089552238803,45.0,38.61940298507463,0.0,2.3507462686567164,2.014925373134328,3.3582089552238803,0.6716417910447761,2.014925373134328,1.007462686567164,1.007462686567164,0.016791044776119403,1,0.8582089552238806,1,1.0,1,0.0,-0.05,Midfielder,0.0,0.0
872,2022,André Onana,Cameroon,1,0,0,0.0,60,44,0,0,0,3,0,0,0,0,0,0,95,Goalkeeper,0.0,0.0,56.84210526315789,41.68421052631579,0.0,0.0,0.0,2.8421052631578947,0.0,0.0,0.0,0.0,0.0,1,0.7333333333333333,0,0.0,0,0.0,0.0,Goalkeeper,0.0,0.0
873,2022,André Miguel Valente Silva,Portugal,1,0,0,0.0,11,10,2,3,0,1,0,0,0,0,1,0,96,Center Forward,0.0,0.0,10.3125,9.375,1.875,2.8125,0.0,0.9375,0.0,0.0,0.9375,0.0,0.0,1,0.9090909090909091,1,0.0,0,0.0,0.0,Forward,0.0,0.0
874,2022,Andrija Živković,Serbia,3,0,1,0.03,99,73,2,7,4,10,1,2,0,0,1,0,210,Right Wing Back,0.0,0.42857142857142855,42.42857142857142,31.285714285714285,0.8571428571428571,3.0,1.7142857142857142,4.285714285714286,0.42857142857142855,0.8571428571428571,0.42857142857142855,0.0,0.012857142857142855,1,0.7373737373737373,1,0.0,1,0.0,-0.03,Defender,0.0,0.0
875,2022,Andries Noppert,Netherlands,5,0,0,0.0,191,157,0,0,0,26,0,0,0,0,0,0,507,Goalkeeper,0.0,0.0,33.90532544378698,27.8698224852071,0.0,0.0,0.0,4.615384615384615,0.0,0.0,0.0,0.0,0.0,1,0.8219895287958116,0,0.0,0,0.0,0.0,Goalkeeper,0.0,0.0
876,2022,Andreas Skov Olsen,Denmark,2,0,4,0.31,62,44,1,5,1,2,0,2,0,0,1,1,132,Right Wing,0.0,2.7272727272727275,42.27272727272727,30.000000000000004,0.6818181818181819,3.409090909090909,0.6818181818181819,1.3636363636363638,0.0,1.3636363636363638,0.6818181818181819,0.6818181818181819,0.21136363636363636,1,0.7096774193548387,1,1.0,1,0.0,-0.31,Forward,0.0,0.0
877,2022,Badr Banoun,Morocco,3,0,1,0.78,21,21,0,1,1,1,0,2,0,0,0,0,309,Right Center Back,0.0,0.29126213592233013,6.116504854368932,6.116504854368932,0.0,0.29126213592233013,0.29126213592233013,0.29126213592233013,0.0,0.5825242718446603,0.0,0.0,0.2271844660194175,1,1.0,0,0.0,1,0.0,-0.78,Defender,0.0,0.0
878,2022,Aïssa Bilal Laïdouni,Tunisia,3,0,2,0.08,119,97,3,11,6,23,0,5,1,0,4,2,250,Left Defensive Midfield,0.0,0.72,42.84,34.92,1.08,3.96,2.16,8.280000000000001,0.0,1.8,1.44,0.72,0.028800000000000003,1,0.8151260504201681,1,0.5,1,0.0,-0.08,Midfielder,0.36,0.0
879,2022,Azzedine Ounahi,Morocco,7,0,6,0.24,267,221,6,14,11,34,1,3,0,0,12,10,637,Right Center Midfield,0.0,0.847723704866562,37.72370486656201,31.22448979591837,0.847723704866562,1.978021978021978,1.554160125588697,4.803767660910518,0.141287284144427,0.423861852433281,1.695447409733124,1.4128728414442702,0.03390894819466248,1,0.8277153558052435,1,0.8333333333333334,1,0.0,-0.24,Midfielder,0.0,0.0
880,2022,Aziz Eraltay Behich,Australia,4,0,2,0.13,204,154,0,6,6,16,1,4,1,0,10,8,383,Left Back,0.0,0.4699738903394256,47.93733681462141,36.18798955613577,0.0,1.4099216710182767,1.4099216710182767,3.759791122715405,0.2349869451697128,0.9399477806788512,2.349869451697128,1.8798955613577024,0.030548302872062665,1,0.7549019607843137,1,0.8,1,0.0,-0.13,Defender,0.2349869451697128,0.0
881,2022,Aymeric Laporte,Spain,3,0,1,0.04,429,404,1,4,4,5,0,3,1,0,1,1,306,Left Center Back,0.0,0.29411764705882354,126.1764705882353,118.82352941176471,0.29411764705882354,1.1764705882352942,1.1764705882352942,1.4705882352941178,0.0,0.8823529411764706,0.29411764705882354,0.29411764705882354,0.011764705882352941,1,0.9417249417249417,1,1.0,1,0.0,-0.04,Defender,0.29411764705882354,0.0
882,2022,Aymen Dahmen,Tunisia,3,0,0,0.0,77,48,0,0,0,7,0,0,0,0,0,0,292,Goalkeeper,0.0,0.0,23.732876712328768,14.794520547945206,0.0,0.0,0.0,2.1575342465753424,0.0,0.0,0.0,0.0,0.0,1,0.6233766233766234,0,0.0,0,0.0,0.0,Goalkeeper,0.0,0.0
883,2022,Axel Witsel,Belgium,3,0,1,0.03,176,169,1,7,3,10,2,6,0,0,0,0,281,Left Defensive Midfield,0.0,0.3202846975088968,56.370106761565836,54.12811387900356,0.3202846975088968,2.2419928825622777,0.9608540925266904,3.202846975088968,0.6405693950177936,1.9217081850533808,0.0,0.0,0.009608540925266904,1,0.9602272727272727,0,0.0,1,0.0,-0.03,Midfielder,0.0,0.0
884,2022,Axel Disasi,France,2,0,1,0.06,75,58,0,3,4,2,0,0,0,0,1,1,196,Right Back,0.0,0.4591836734693878,34.43877551020408,26.63265306122449,0.0,1.3775510204081634,1.8367346938775513,0.9183673469387756,0.0,0.0,0.4591836734693878,0.4591836734693878,0.027551020408163266,1,0.7733333333333333,1,1.0,1,0.0,-0.06,Defender,0.0,0.0
885,2022,Awer Denis Bul Mabil,Australia,2,0,0,0.0,14,10,0,2,1,0,1,0,0,0,1,0,191,Left Midfield,0.0,0.0,6.596858638743456,4.712041884816754,0.0,0.9424083769633508,0.4712041884816754,0.0,0.4712041884816754,0.0,0.4712041884816754,0.0,0.0,1,0.7142857142857143,1,0.0,0,0.0,0.0,Midfielder,0.0,0.0
886,2022,Atiba Hutchinson,Canada,3,0,2,0.13,112,103,0,6,4,5,0,2,0,0,1,1,219,Right Defensive Midfield,0.0,0.8219178082191781,46.02739726027398,42.328767123287676,0.0,2.4657534246575343,1.6438356164383563,2.0547945205479454,0.0,0.8219178082191781,0.4109589041095891,0.4109589041095891,0.053424657534246585,1,0.9196428571428571,1,1.0,1,0.0,-0.13,Midfielder,0.0,0.0
887,2022,Assim Omer Al Haj Madibo,Qatar,2,0,0,0.0,71,62,1,8,3,10,3,2,1,0,0,0,157,Center Defensive Midfield,0.0,0.0,40.70063694267516,35.54140127388535,0.5732484076433121,4.585987261146497,1.7197452229299364,5.732484076433121,1.7197452229299364,1.1464968152866242,0.0,0.0,0.0,1,0.8732394366197183,0,0.0,0,0.0,0.0,Midfielder,0.5732484076433121,0.0
888,2022,Artur Jędrzejczyk,Poland,1,0,0,0.0,5,4,0,0,0,0,0,0,0,0,0,0,95,Left Back,0.0,0.0,4.7368421052631575,3.789473684210526,0.0,0.0,0.0,0.0,0.0,0.0,0.0,0.0,0.0,1,0.8,0,0.0,0,0.0,0.0,Defender,0.0,0.0
889,2022,Arkadiusz Milik,Poland,3,0,1,0.14,33,24,0,7,0,2,0,1,1,0,1,1,260,Right Center Forward,0.0,0.34615384615384615,11.423076923076923,8.307692307692308,0.0,2.423076923076923,0.0,0.6923076923076923,0.0,0.34615384615384615,0.34615384615384615,0.34615384615384615,0.048461538461538466,1,0.7272727272727273,1,1.0,1,0.0,-0.14,Forward,0.34615384615384615,0.0
890,2022,Ardon Jashari,Switzerland,1,0,0,0.0,6,5,0,0,0,0,0,0,0,0,1,0,93,Left Center Forward,0.0,0.0,5.806451612903225,4.838709677419354,0.0,0.0,0.0,0.0,0.0,0.0,0.9677419354838709,0.0,0.0,1,0.8333333333333334,1,0.0,0,0.0,0.0,Forward,0.0,0.0
891,2022,António João Pereira Albuquerque Tavares Silva,Portugal,1,0,0,0.0,58,57,0,6,1,2,0,2,0,0,0,0,94,Left Center Back,0.0,0.0,55.53191489361702,54.57446808510638,0.0,5.74468085106383,0.9574468085106382,1.9148936170212765,0.0,1.9148936170212765,0.0,0.0,0.0,1,0.9827586206896551,0,0.0,0,0.0,0.0,Defender,0.0,0.0
892,1974,Berti Vogts,Germany,2,0,2,0.17,79,63,2,6,4,14,1,7,1,0,4,3,169,Right Center Back,0.0,1.0650887573964498,42.071005917159766,33.55029585798817,1.0650887573964498,3.195266272189349,2.1301775147928996,7.455621301775148,0.5325443786982249,3.727810650887574,2.1301775147928996,1.5976331360946745,0.09053254437869823,1,0.7974683544303798,1,0.75,1,0.0,-0.17,Defender,0.5325443786982249,0.0
893,1974,Bernd Bransch,German DR,2,0,3,0.08,104,80,1,6,2,11,0,2,0,0,0,0,171,Left Center Back,0.0,1.5789473684210527,54.73684210526316,42.10526315789474,0.5263157894736842,3.1578947368421053,1.0526315789473684,5.7894736842105265,0.0,1.0526315789473684,0.0,0.0,0.04210526315789474,1,0.7692307692307693,0,0.0,1,0.0,-0.08,Defender,0.0,0.0
894,1974,Augustin Alberto Balbuena,Argentina,1,0,0,0.0,24,14,0,4,4,9,0,1,0,0,3,3,92,Right Wing Back,0.0,0.0,23.47826086956522,13.695652173913045,0.0,3.91304347826087,3.91304347826087,8.804347826086957,0.0,0.9782608695652175,2.9347826086956523,2.9347826086956523,0.0,1,0.5833333333333334,1,1.0,0,0.0,0.0,Defender,0.0,0.0
895,1974,Arie Haan,Netherlands,5,0,2,0.06,321,271,4,16,6,29,2,5,0,0,7,4,443,Left Center Back,0.0,0.4063205417607223,65.21444695259594,55.056433408577874,0.8126410835214446,3.2505643340857784,1.218961625282167,5.891647855530474,0.4063205417607223,1.0158013544018059,1.4221218961625282,0.8126410835214446,0.012189616252821668,1,0.8442367601246106,1,0.5714285714285714,1,0.0,-0.06,Defender,0.0,0.0
896,2022,Boualem Khoukhi,Qatar,3,0,0,0.0,194,167,0,9,3,16,0,1,0,0,1,0,284,Center Back,0.0,0.0,61.47887323943662,52.92253521126761,0.0,2.852112676056338,0.9507042253521127,5.070422535211268,0.0,0.31690140845070425,0.31690140845070425,0.0,0.0,1,0.8608247422680413,1,0.0,0,0.0,0.0,Defender,0.0,0.0
897,2022,Borna Sosa,Croatia,5,0,2,0.05,276,222,2,17,4,14,0,4,0,0,7,3,439,Left Back,0.0,0.41002277904328016,56.58314350797266,45.512528473804096,0.41002277904328016,3.4851936218678814,0.8200455580865603,2.870159453302961,0.0,0.8200455580865603,1.4350797266514805,0.6150341685649202,0.010250569476082005,1,0.8043478260869565,1,0.42857142857142855,1,0.0,-0.05,Defender,0.0,0.0
898,2022,Borna Barišić,Croatia,1,0,1,0.02,67,50,0,5,1,3,0,5,1,0,0,0,119,Left Back,0.0,0.7563025210084033,50.67226890756303,37.81512605042017,0.0,3.7815126050420167,0.7563025210084033,2.26890756302521,0.0,3.7815126050420167,0.0,0.0,0.015126050420168067,1,0.746268656716418,0,0.0,1,0.0,-0.02,Defender,0.7563025210084033,0.0
899,2022,Bernardo Mota Veiga de Carvalho e Silva,Portugal,5,0,1,0.11,292,259,5,14,2,26,1,2,0,0,5,1,457,Right Center Midfield,0.0,0.19693654266958427,57.505470459518605,51.00656455142232,0.9846827133479212,2.7571115973741795,0.39387308533916854,5.12035010940919,0.19693654266958427,0.39387308533916854,0.9846827133479212,0.19693654266958427,0.021663019693654268,1,0.886986301369863,1,0.2,1,0.0,-0.11,Midfielder,0.0,0.0
900,2022,Ben Davies,Wales,3,0,3,0.38,160,121,0,8,2,18,0,1,0,0,3,2,253,Left Center Back,0.0,1.0671936758893281,56.916996047430835,43.04347826086957,0.0,2.8458498023715415,0.7114624505928854,6.403162055335969,0.0,0.3557312252964427,1.0671936758893281,0.7114624505928854,0.13517786561264825,1,0.75625,1,0.6666666666666666,1,0.0,-0.38,Defender,0.0,0.0
901,2022,Bassam Hisham Al Rawi,Qatar,1,0,0,0.0,57,48,1,0,2,0,0,2,0,0,0,0,94,Right Center Back,0.0,0.0,54.57446808510638,45.95744680851064,0.9574468085106382,0.0,1.9148936170212765,0.0,0.0,1.9148936170212765,0.0,0.0,0.0,1,0.8421052631578947,0,0.0,0,0.0,0.0,Defender,0.0,0.0
902,2022,Bartosz Bereszyński,Poland,4,0,0,0.0,150,121,0,9,4,15,0,5,1,0,7,3,350,Left Back,0.0,0.0,38.57142857142857,31.114285714285714,0.0,2.3142857142857145,1.0285714285714287,3.857142857142857,0.0,1.2857142857142858,1.8,0.7714285714285715,0.0,1,0.8066666666666666,1,0.42857142857142855,0,0.0,0.0,Defender,0.2571428571428572,0.0
903,2022,Bailey Wright,Australia,1,0,0,0.0,4,1,0,4,0,0,0,0,0,0,0,0,92,Right Center Back,0.0,0.0,3.91304347826087,0.9782608695652175,0.0,3.91304347826087,0.0,0.0,0.0,0.0,0.0,0.0,0.0,1,0.25,0,0.0,0,0.0,0.0,Defender,0.0,0.0
904,2022,Bryan Ruiz González,Costa Rica,1,0,0,0.0,13,8,0,4,0,1,0,0,0,0,1,1,97,Left Wing,0.0,0.0,12.061855670103093,7.422680412371134,0.0,3.711340206185567,0.0,0.9278350515463918,0.0,0.0,0.9278350515463918,0.9278350515463918,0.0,1,0.6153846153846154,1,1.0,0,0.0,0.0,Forward,0.0,0.0
905,2022,Bryan Oviedo,Costa Rica,3,0,0,0.0,89,68,0,8,4,7,0,3,0,0,0,0,268,Left Wing Back,0.0,0.0,29.888059701492537,22.83582089552239,0.0,2.6865671641791042,1.3432835820895521,2.3507462686567164,0.0,1.007462686567164,0.0,0.0,0.0,1,0.7640449438202247,0,0.0,0,0.0,0.0,Defender,0.0,0.0
906,2022,Bryan Mbeumo,Cameroon,3,0,2,0.13,81,52,5,14,1,10,0,1,0,0,7,2,223,Right Wing,0.0,0.8071748878923767,32.690582959641254,20.986547085201792,2.0179372197309418,5.650224215246636,0.40358744394618834,4.0358744394618835,0.0,0.40358744394618834,2.825112107623318,0.8071748878923767,0.05246636771300448,1,0.6419753086419753,1,0.2857142857142857,1,0.0,-0.13,Forward,0.0,0.0
907,2022,Bruno Guimarães Rodriguez Moura,Brazil,2,0,5,0.65,55,46,0,0,0,9,0,2,1,0,2,2,192,Right Defensive Midfield,0.0,2.34375,25.78125,21.5625,0.0,0.0,0.0,4.21875,0.0,0.9375,0.9375,0.9375,0.3046875,1,0.8363636363636363,1,1.0,1,0.0,-0.65,Midfielder,0.46875,0.0
908,2022,Brennan Johnson,Wales,3,0,3,0.12,18,12,0,2,0,8,1,2,0,0,5,1,287,Right Midfield,0.0,0.940766550522648,5.644599303135888,3.763066202090592,0.0,0.627177700348432,0.0,2.508710801393728,0.313588850174216,0.627177700348432,1.5679442508710801,0.313588850174216,0.03763066202090592,1,0.6666666666666666,1,0.2,1,0.0,-0.12,Midfielder,0.0,0.0
909,2022,Brenden Aaronson,United States,4,0,1,0.09,48,41,3,5,2,7,0,3,0,0,9,3,384,Right Center Midfield,0.0,0.234375,11.25,9.609375,0.703125,1.171875,0.46875,1.640625,0.0,0.703125,2.109375,0.703125,0.021093749999999998,1,0.8541666666666666,1,0.3333333333333333,1,0.0,-0.09,Midfielder,0.0,0.0
910,2022,Brandon Aguilera Zamora,Costa Rica,3,0,0,0.0,35,25,0,3,0,9,0,2,0,0,3,2,239,Left Wing,0.0,0.0,13.179916317991632,9.414225941422595,0.0,1.1297071129707112,0.0,3.389121338912134,0.0,0.7531380753138076,1.1297071129707112,0.7531380753138076,0.0,1,0.7142857142857143,1,0.6666666666666666,0,0.0,0.0,Forward,0.0,0.0
911,1974,Francisco Pedro Manuel Sá,Argentina,1,0,0,0.0,45,38,0,3,1,9,0,2,0,0,4,2,90,Left Wing Back,0.0,0.0,45.0,38.0,0.0,3.0,1.0,9.0,0.0,2.0,4.0,2.0,0.0,1,0.8444444444444444,1,0.5,0,0.0,0.0,Defender,0.0,0.0
912,1974,Daniel Alberto Carnevali,Argentina,1,0,0,0.0,46,38,0,0,0,6,0,0,0,0,0,0,91,Goalkeeper,0.0,0.0,45.494505494505496,37.582417582417584,0.0,0.0,0.0,5.934065934065934,0.0,0.0,0.0,0.0,0.0,1,0.8260869565217391,0,0.0,0,0.0,0.0,Goalkeeper,0.0,0.0
913,1974,Carlos Vicente Squeo,Argentina,1,0,0,0.0,27,18,0,2,0,5,0,1,0,0,0,0,92,Left Center Back,0.0,0.0,26.41304347826087,17.608695652173914,0.0,1.956521739130435,0.0,4.891304347826087,0.0,0.9782608695652175,0.0,0.0,0.0,1,0.6666666666666666,0,0.0,0,0.0,0.0,Defender,0.0,0.0
914,2022,Christopher Wooh,Cameroon,1,0,1,0.06,33,27,0,1,1,0,0,2,0,0,0,0,98,Right Center Back,0.0,0.9183673469387756,30.306122448979593,24.795918367346943,0.0,0.9183673469387756,0.9183673469387756,0.0,0.0,1.8367346938775513,0.0,0.0,0.05510204081632653,1,0.8181818181818182,0,0.0,1,0.0,-0.06,Defender,0.0,0.0
915,2022,Christian Nørgaard,Denmark,1,0,0,0.0,15,14,0,0,0,0,0,0,0,0,0,0,95,Center Defensive Midfield,0.0,0.0,14.210526315789473,13.263157894736842,0.0,0.0,0.0,0.0,0.0,0.0,0.0,0.0,0.0,1,0.9333333333333333,0,0.0,0,0.0,0.0,Midfielder,0.0,0.0
916,2022,Christian Mougang Bassogog,Cameroon,1,0,0,0.0,9,5,0,0,1,0,0,0,0,0,4,2,95,Right Wing,0.0,0.0,8.526315789473683,4.7368421052631575,0.0,0.0,0.9473684210526315,0.0,0.0,0.0,3.789473684210526,1.894736842105263,0.0,1,0.5555555555555556,1,0.5,0,0.0,0.0,Forward,0.0,0.0
917,2022,Christian Fassnacht,Switzerland,1,0,1,0.32,10,8,0,0,0,2,0,0,0,0,2,2,97,Left Wing,0.0,0.9278350515463918,9.278350515463918,7.422680412371134,0.0,0.0,0.0,1.8556701030927836,0.0,0.0,1.8556701030927836,1.8556701030927836,0.29690721649484536,1,0.8,1,1.0,1,0.0,-0.32,Forward,0.0,0.0
918,2022,Christian Dannemann Eriksen,Denmark,3,0,4,0.15,231,193,9,7,3,16,0,4,0,0,6,2,287,Left Center Midfield,0.0,1.254355400696864,72.4390243902439,60.522648083623686,2.822299651567944,2.195121951219512,0.940766550522648,5.017421602787456,0.0,1.254355400696864,1.881533101045296,0.627177700348432,0.0470383275261324,1,0.8354978354978355,1,0.3333333333333333,1,0.0,-0.15,Midfielder,0.0,0.0
919,2022,Chris Mepham,Wales,3,0,0,0.0,170,143,2,9,1,7,0,7,1,0,0,0,287,Right Center Back,0.0,0.0,53.31010452961672,44.843205574912886,0.627177700348432,2.822299651567944,0.313588850174216,2.195121951219512,0.0,2.195121951219512,0.0,0.0,0.0,1,0.8411764705882353,0,0.0,0,0.0,0.0,Defender,0.313588850174216,0.0
920,2022,Celso Borges Mora,Costa Rica,3,0,0,0.0,113,94,1,6,3,10,2,2,1,0,2,2,257,Right Defensive Midfield,0.0,0.0,39.57198443579767,32.91828793774319,0.35019455252918286,2.1011673151750974,1.0505836575875487,3.501945525291829,0.7003891050583657,0.7003891050583657,0.7003891050583657,0.7003891050583657,0.0,1,0.831858407079646,1,1.0,0,0.0,0.0,Midfielder,0.35019455252918286,0.0
921,2022,Carlos Uriel Antuna Romero,Mexico,3,0,2,0.31,18,9,1,4,0,2,0,0,0,0,1,1,284,Right Wing,0.0,0.6338028169014085,5.704225352112676,2.852112676056338,0.31690140845070425,1.267605633802817,0.0,0.6338028169014085,0.0,0.0,0.31690140845070425,0.31690140845070425,0.09823943661971832,1,0.5,1,1.0,1,0.0,-0.31,Forward,0.0,0.0
922,2022,Carlos Alberto Rodríguez Gómez,Mexico,2,0,0,0.0,29,20,0,2,1,4,0,1,0,0,3,3,192,Right Center Midfield,0.0,0.0,13.59375,9.375,0.0,0.9375,0.46875,1.875,0.0,0.46875,1.40625,1.40625,0.0,1,0.6896551724137931,1,1.0,0,0.0,0.0,Midfielder,0.0,0.0
923,2022,Cameron Carter-Vickers,United States,1,0,0,0.0,55,50,0,6,0,2,0,0,0,0,1,1,99,Right Center Back,0.0,0.0,49.99999999999999,45.45454545454545,0.0,5.454545454545454,0.0,1.8181818181818181,0.0,0.0,0.9090909090909091,0.9090909090909091,0.0,1,0.9090909090909091,1,1.0,0,0.0,0.0,Defender,0.0,0.0
924,2022,Callum Wilson,England,2,0,0,0.0,12,9,2,1,0,3,0,0,0,0,1,0,196,Center Forward,0.0,0.0,5.510204081632653,4.13265306122449,0.9183673469387756,0.4591836734693878,0.0,1.3775510204081634,0.0,0.0,0.4591836734693878,0.0,0.0,1,0.75,1,0.0,0,0.0,0.0,Forward,0.0,0.0
925,1970,Roberto Lopes de Miranda,Brazil,2,0,2,0.03,12,11,2,2,0,0,0,1,0,0,1,1,175,Center Forward,0.0,1.0285714285714287,6.171428571428572,5.6571428571428575,1.0285714285714287,1.0285714285714287,0.0,0.0,0.0,0.5142857142857143,0.5142857142857143,0.5142857142857143,0.015428571428571429,1,0.9166666666666666,1,1.0,1,0.0,-0.03,Forward,0.0,0.0
926,2022,Daniel Alves da Silva,Brazil,2,0,3,0.12,99,88,0,6,0,7,0,5,0,0,1,1,192,Right Back,0.0,1.40625,46.40625,41.25,0.0,2.8125,0.0,3.28125,0.0,2.34375,0.46875,0.46875,0.05625,1,0.8888888888888888,1,1.0,1,0.0,-0.12,Defender,0.0,0.0
927,2022,Daniel Alonso Chacón Salas,Costa Rica,1,0,0,0.0,1,1,0,0,0,0,0,0,0,0,0,0,96,Left Defensive Midfield,0.0,0.0,0.9375,0.9375,0.0,0.0,0.0,0.0,0.0,0.0,0.0,0.0,0.0,1,1.0,0,0.0,0,0.0,0.0,Midfielder,0.0,0.0
928,2022,Damián Emiliano Martínez,Argentina,7,0,0,0.0,186,123,0,0,0,30,0,0,0,0,0,0,718,Goalkeeper,0.0,0.0,23.314763231197773,15.417827298050138,0.0,0.0,0.0,3.7604456824512535,0.0,0.0,0.0,0.0,0.0,1,0.6612903225806451,0,0.0,0,0.0,0.0,Goalkeeper,0.0,0.0
929,2022,Damian Szymański,Poland,1,0,0,0.0,9,9,0,0,0,0,0,1,0,0,0,0,93,Right Defensive Midfield,0.0,0.0,8.709677419354838,8.709677419354838,0.0,0.0,0.0,0.0,0.0,0.9677419354838709,0.0,0.0,0.0,1,1.0,0,0.0,0,0.0,0.0,Midfielder,0.0,0.0
930,2022,Daichi Kamada,Japan,4,0,6,0.42,104,83,1,9,1,7,1,2,0,0,7,5,325,Left Wing,0.0,1.6615384615384614,28.8,22.984615384615385,0.27692307692307694,2.4923076923076923,0.27692307692307694,1.9384615384615385,0.27692307692307694,0.5538461538461539,1.9384615384615385,1.3846153846153846,0.1163076923076923,1,0.7980769230769231,1,0.7142857142857143,1,0.0,-0.42,Forward,0.0,0.0
931,2022,César Jasib Montes Castro,Mexico,3,0,1,0.1,192,163,1,12,1,6,0,4,0,0,2,2,288,Right Center Back,0.0,0.3125,60.0,50.9375,0.3125,3.75,0.3125,1.875,0.0,1.25,0.625,0.625,0.03125,1,0.8489583333333334,1,1.0,1,0.0,-0.1,Defender,0.0,0.0
932,2022,César Azpilicueta Tanco,Spain,2,0,0,0.0,179,169,3,3,2,2,0,2,0,0,2,2,143,Right Back,0.0,0.0,112.65734265734267,106.36363636363637,1.8881118881118881,1.8881118881118881,1.2587412587412588,1.2587412587412588,0.0,1.2587412587412588,1.2587412587412588,1.2587412587412588,0.0,1,0.9441340782122905,1,1.0,0,0.0,0.0,Defender,0.0,0.0
933,2022,Cyle Larin,Canada,3,0,3,0.25,31,21,2,2,0,4,0,2,0,0,3,1,198,Center Forward,0.0,1.3636363636363635,14.09090909090909,9.545454545454545,0.9090909090909091,0.9090909090909091,0.0,1.8181818181818181,0.0,0.9090909090909091,1.3636363636363635,0.45454545454545453,0.11363636363636363,1,0.6774193548387096,1,0.3333333333333333,1,0.0,-0.25,Forward,0.0,0.0
934,2022,Cristian Gabriel Romero,Argentina,7,0,0,0.0,372,330,0,16,9,19,0,13,2,0,2,2,632,Right Center Back,0.0,0.0,52.9746835443038,46.99367088607595,0.0,2.278481012658228,1.2816455696202531,2.7056962025316458,0.0,1.8512658227848102,0.2848101265822785,0.2848101265822785,0.0,1,0.8870967741935484,1,1.0,0,0.0,0.0,Defender,0.2848101265822785,0.0
935,2022,Connor Roberts,Wales,3,0,0,0.0,119,92,1,7,2,7,0,0,0,0,1,1,248,Right Wing Back,0.0,0.0,43.185483870967744,33.38709677419355,0.3629032258064516,2.5403225806451615,0.7258064516129032,2.5403225806451615,0.0,0.0,0.3629032258064516,0.3629032258064516,0.0,1,0.773109243697479,1,1.0,0,0.0,0.0,Defender,0.0,0.0
936,2022,Darko Lazović,Serbia,1,0,1,0.02,11,7,0,0,0,1,1,0,0,0,0,0,92,Right Wing Back,0.0,0.9782608695652175,10.760869565217392,6.847826086956522,0.0,0.0,0.0,0.9782608695652175,0.9782608695652175,0.0,0.0,0.0,0.01956521739130435,1,0.6363636363636364,0,0.0,1,0.0,-0.02,Defender,0.0,0.0
937,2022,Danilo Luís Hélio Pereira,Portugal,1,0,0,0.0,80,72,0,4,1,6,0,1,1,0,1,1,99,Left Center Back,0.0,0.0,72.72727272727272,65.45454545454545,0.0,3.6363636363636362,0.9090909090909091,5.454545454545454,0.0,0.9090909090909091,0.9090909090909091,0.9090909090909091,0.0,1,0.9,1,1.0,0,0.0,0.0,Defender,0.9090909090909091,0.0
938,2022,Danilo Luiz da Silva,Brazil,3,0,2,0.03,267,232,0,8,1,11,0,3,1,0,1,1,285,Left Back,0.0,0.6315789473684211,84.31578947368422,73.26315789473685,0.0,2.5263157894736845,0.31578947368421056,3.473684210526316,0.0,0.9473684210526316,0.31578947368421056,0.31578947368421056,0.009473684210526316,1,0.8689138576779026,1,1.0,1,0.0,-0.03,Defender,0.31578947368421056,0.0
939,2022,Daniel-Kofi Kyereh,Ghana,3,0,0,0.0,24,18,0,5,0,2,0,0,0,0,2,2,294,Left Defensive Midfield,0.0,0.0,7.346938775510204,5.510204081632653,0.0,1.530612244897959,0.0,0.6122448979591837,0.0,0.0,0.6122448979591837,0.6122448979591837,0.0,1,0.75,1,1.0,0,0.0,0.0,Midfielder,0.0,0.0
940,2022,Daniel Ward,Wales,2,0,0,0.0,39,24,0,0,0,3,0,0,0,0,0,0,193,Goalkeeper,0.0,0.0,18.186528497409327,11.191709844559586,0.0,0.0,0.0,1.3989637305699483,0.0,0.0,0.0,0.0,0.0,1,0.6153846153846154,0,0.0,0,0.0,0.0,Goalkeeper,0.0,0.0
941,2022,Daniel James,Wales,3,0,0,0.0,34,23,1,4,1,4,0,1,1,0,2,0,219,Left Wing,0.0,0.0,13.972602739726028,9.45205479452055,0.4109589041095891,1.6438356164383563,0.4109589041095891,1.6438356164383563,0.0,0.4109589041095891,0.8219178082191781,0.0,0.0,1,0.6764705882352942,1,0.0,0,0.0,0.0,Forward,0.4109589041095891,0.0
942,2022,Daniel Carvajal Ramos,Spain,2,0,0,0.0,135,122,0,2,1,9,0,0,0,0,1,0,189,Right Back,0.0,0.0,64.28571428571428,58.095238095238095,0.0,0.9523809523809523,0.47619047619047616,4.285714285714286,0.0,0.0,0.47619047619047616,0.0,0.0,1,0.9037037037037037,1,0.0,0,0.0,0.0,Defender,0.0,0.0
943,2022,Daniel Amartey,Ghana,3,0,0,0.0,140,129,3,12,2,12,0,4,1,0,1,1,288,Right Center Back,0.0,0.0,43.75,40.3125,0.9375,3.75,0.625,3.75,0.0,1.25,0.3125,0.3125,0.0,1,0.9214285714285714,1,1.0,0,0.0,0.0,Defender,0.3125,0.0
944,1970,Wilson da Silva Piazza,Brazil,6,0,0,0.0,195,183,0,14,7,21,1,6,0,0,4,4,534,Left Center Back,0.0,0.0,32.86516853932584,30.84269662921348,0.0,2.359550561797753,1.1797752808988764,3.539325842696629,0.16853932584269662,1.0112359550561798,0.6741573033707865,0.6741573033707865,0.0,1,0.9384615384615385,1,1.0,0,0.0,0.0,Defender,0.0,0.0
945,1970,Vladimir Hagara,Czechoslovakia,1,0,4,0.1,45,41,6,5,1,9,0,0,0,0,1,0,90,Left Back,0.0,4.0,45.0,41.0,6.0,5.0,1.0,9.0,0.0,0.0,1.0,0.0,0.1,1,0.9111111111111111,1,0.0,1,0.0,-0.1,Defender,0.0,0.0
946,1970,Vaclav Migas,Czechoslovakia,1,0,2,0.06,23,20,0,4,2,4,0,4,0,0,0,0,90,Left Center Back,0.0,2.0,23.0,20.0,0.0,4.0,2.0,4.0,0.0,4.0,0.0,0.0,0.06,1,0.8695652173913043,0,0.0,1,0.0,-0.06,Defender,0.0,0.0
947,1970,Terence Cooper,England,1,0,1,0.01,54,40,0,4,1,8,1,6,0,0,5,2,90,Left Back,0.0,1.0,54.0,40.0,0.0,4.0,1.0,8.0,1.0,6.0,5.0,2.0,0.01,1,0.7407407407407407,1,0.4,1,0.0,-0.01,Defender,0.0,0.0
948,2022,Djorkaeff Neicer Reasco González,Ecuador,1,0,0,0.0,3,3,0,1,0,0,0,1,0,0,0,0,90,Right Center Forward,0.0,0.0,3.0,3.0,0.0,1.0,0.0,0.0,0.0,1.0,0.0,0.0,0.0,1,1.0,0,0.0,0,0.0,0.0,Forward,0.0,0.0
949,2022,Djibril Sow,Switzerland,4,0,2,0.15,97,88,2,6,2,10,0,3,0,0,1,0,264,Center Attacking Midfield,0.0,0.6818181818181819,33.06818181818182,30.000000000000004,0.6818181818181819,2.0454545454545454,0.6818181818181819,3.409090909090909,0.0,1.0227272727272727,0.34090909090909094,0.0,0.05113636363636364,1,0.9072164948453608,1,0.0,1,0.0,-0.15,Midfielder,0.0,0.0
950,2022,Diogo Meireles Costa,Portugal,5,0,0,0.0,159,111,1,0,0,16,0,0,0,0,0,0,477,Goalkeeper,0.0,0.0,30.0,20.943396226415096,0.18867924528301888,0.0,0.0,3.018867924528302,0.0,0.0,0.0,0.0,0.0,1,0.6981132075471698,0,0.0,0,0.0,0.0,Goalkeeper,0.0,0.0
951,2022,Diego Roberto Godín Leal,Uruguay,2,0,1,0.05,98,85,0,3,1,3,0,0,0,0,0,0,157,Right Center Back,0.0,0.5732484076433121,56.17834394904459,48.72611464968153,0.0,1.7197452229299364,0.5732484076433121,1.7197452229299364,0.0,0.0,0.0,0.0,0.028662420382165606,1,0.8673469387755102,0,0.0,1,0.0,-0.05,Defender,0.0,0.0
952,2022,Diego Nicolás De La Cruz Arcosa,Uruguay,2,0,1,0.04,24,20,0,1,0,3,0,0,0,0,1,0,195,Left Midfield,0.0,0.46153846153846156,11.076923076923078,9.230769230769232,0.0,0.46153846153846156,0.0,1.3846153846153848,0.0,0.0,0.46153846153846156,0.0,0.018461538461538463,1,0.8333333333333334,1,0.0,1,0.0,-0.04,Midfielder,0.0,0.0
953,2022,Devis Rogers Epassy Mboka,Cameroon,2,0,0,0.0,84,56,0,0,0,13,0,0,0,0,0,0,193,Goalkeeper,0.0,0.0,39.17098445595855,26.1139896373057,0.0,0.0,0.0,6.062176165803109,0.0,0.0,0.0,0.0,0.0,1,0.6666666666666666,0,0.0,0,0.0,0.0,Goalkeeper,0.0,0.0
954,2022,Denis Odoi,Ghana,1,0,0,0.0,2,2,0,4,0,0,0,0,0,0,0,0,99,Right Wing Back,0.0,0.0,1.8181818181818181,1.8181818181818181,0.0,3.6363636363636362,0.0,0.0,0.0,0.0,0.0,0.0,0.0,1,1.0,0,0.0,0,0.0,0.0,Defender,0.0,0.0
955,2022,Denis Lemi Zakaria Lako Lado,Switzerland,2,0,1,0.04,22,19,0,1,5,4,0,1,0,0,2,1,185,Right Defensive Midfield,0.0,0.4864864864864865,10.702702702702704,9.243243243243244,0.0,0.4864864864864865,2.4324324324324325,1.945945945945946,0.0,0.4864864864864865,0.972972972972973,0.4864864864864865,0.019459459459459462,1,0.8636363636363636,1,0.5,1,0.0,-0.04,Midfielder,0.0,0.0
956,2022,Dejan Lovren,Croatia,6,0,4,0.38,454,407,0,16,7,11,1,3,1,0,0,0,616,Right Center Back,0.0,0.5844155844155845,66.33116883116884,59.464285714285715,0.0,2.337662337662338,1.0227272727272727,1.6071428571428572,0.14610389610389612,0.4383116883116883,0.0,0.0,0.055519480519480524,1,0.8964757709251101,0,0.0,1,0.0,-0.38,Defender,0.14610389610389612,0.0
957,2022,Declan Rice,England,5,0,0,0.0,327,306,1,11,12,20,1,3,0,0,3,0,436,Center Defensive Midfield,0.0,0.0,67.5,63.165137614678905,0.20642201834862386,2.2706422018348627,2.4770642201834865,4.128440366972478,0.20642201834862386,0.6192660550458716,0.6192660550458716,0.0,0.0,1,0.9357798165137615,1,0.0,0,0.0,0.0,Midfielder,0.0,0.0
958,2022,DeAndre Yedlin,United States,2,0,0,0.0,30,20,0,2,0,1,0,2,0,0,0,0,193,Right Back,0.0,0.0,13.989637305699482,9.326424870466322,0.0,0.9326424870466321,0.0,0.46632124352331605,0.0,0.9326424870466321,0.0,0.0,0.0,1,0.6666666666666666,0,0.0,0,0.0,0.0,Defender,0.0,0.0
959,2022,Dayotchanculle Upamecano,France,5,0,0,0.0,345,305,1,25,13,17,1,4,0,0,1,0,503,Left Center Back,0.0,0.0,61.72962226640159,54.57256461232605,0.17892644135188868,4.473161033797217,2.326043737574553,3.0417495029821073,0.17892644135188868,0.7157057654075547,0.17892644135188868,0.0,0.0,1,0.8840579710144928,1,0.0,0,0.0,0.0,Defender,0.0,0.0
960,2022,David Raum,Germany,3,0,0,0.0,193,151,7,11,6,10,0,5,0,0,3,2,246,Left Back,0.0,0.0,70.60975609756098,55.24390243902439,2.5609756097560976,4.024390243902439,2.1951219512195124,3.658536585365854,0.0,1.829268292682927,1.0975609756097562,0.7317073170731707,0.0,1,0.7823834196891192,1,0.6666666666666666,0,0.0,0.0,Defender,0.0,0.0
961,2022,David Junior Hoilett,Canada,3,0,4,0.12,55,40,4,7,2,12,1,1,1,0,6,4,227,Center Attacking Midfield,0.0,1.5859030837004406,21.80616740088106,15.859030837004406,1.5859030837004406,2.775330396475771,0.7929515418502203,4.757709251101322,0.39647577092511016,0.39647577092511016,2.378854625550661,1.5859030837004406,0.04757709251101321,1,0.7272727272727273,1,0.6666666666666666,1,0.0,-0.12,Midfielder,0.39647577092511016,0.0
962,2022,Darwin Gabriel Núñez Ribeiro,Uruguay,3,0,3,0.22,54,36,1,14,1,8,0,2,0,0,4,3,244,Left Center Forward,0.0,1.1065573770491803,19.918032786885245,13.278688524590164,0.3688524590163934,5.163934426229508,0.3688524590163934,2.9508196721311473,0.0,0.7377049180327868,1.4754098360655736,1.1065573770491803,0.08114754098360655,1,0.6666666666666666,1,0.75,1,0.0,-0.22,Forward,0.0,0.0
963,2022,Eric Dier,England,2,0,0,0.0,42,40,0,1,0,3,0,1,0,0,0,0,185,Left Center Back,0.0,0.0,20.432432432432435,19.45945945945946,0.0,0.4864864864864865,0.0,1.4594594594594597,0.0,0.4864864864864865,0.0,0.0,0.0,1,0.9523809523809523,0,0.0,0,0.0,0.0,Defender,0.0,0.0
964,2022,Eray Ervin Cömert,Switzerland,2,0,0,0.0,41,37,0,0,4,3,0,4,1,0,0,0,186,Left Center Back,0.0,0.0,19.838709677419352,17.903225806451612,0.0,0.0,1.9354838709677418,1.4516129032258063,0.0,1.9354838709677418,0.0,0.0,0.0,1,0.9024390243902439,0,0.0,0,0.0,0.0,Defender,0.48387096774193544,0.0
965,2022,Enzo Ebosse,Cameroon,1,0,0,0.0,39,34,0,3,0,1,0,1,0,0,0,0,93,Left Center Back,0.0,0.0,37.74193548387096,32.90322580645161,0.0,2.9032258064516125,0.0,0.9677419354838709,0.0,0.9677419354838709,0.0,0.0,0.0,1,0.8717948717948718,0,0.0,0,0.0,0.0,Defender,0.0,0.0
966,2022,Ellyes Joris Skhiri,Tunisia,3,0,2,0.1,128,109,2,13,5,24,0,4,0,0,4,2,288,Right Defensive Midfield,0.0,0.625,40.0,34.0625,0.625,4.0625,1.5625,7.5,0.0,1.25,1.25,0.625,0.03125,1,0.8515625,1,0.5,1,0.0,-0.1,Midfielder,0.0,0.0
967,2022,Ehsan Hajsafi,Iran,3,0,1,0.07,99,64,2,7,2,8,1,2,0,0,2,0,245,Left Midfield,0.0,0.36734693877551017,36.36734693877551,23.51020408163265,0.7346938775510203,2.571428571428571,0.7346938775510203,2.9387755102040813,0.36734693877551017,0.7346938775510203,0.7346938775510203,0.0,0.025714285714285717,1,0.6464646464646465,1,0.0,1,0.0,-0.07,Midfielder,0.0,0.0
968,2022,Eduardo Camavinga,France,2,0,0,0.0,103,91,2,15,2,12,1,2,0,0,4,2,224,Left Back,0.0,0.0,41.38392857142857,36.5625,0.8035714285714286,6.026785714285714,0.8035714285714286,4.821428571428571,0.4017857142857143,0.8035714285714286,1.6071428571428572,0.8035714285714286,0.0,1,0.883495145631068,1,0.5,0,0.0,0.0,Defender,0.0,0.0
969,2022,Edson Omar Álvarez Velázquez,Mexico,2,0,1,0.01,109,85,1,9,4,8,0,4,1,0,1,1,182,Center Defensive Midfield,0.0,0.4945054945054945,53.901098901098905,42.032967032967036,0.4945054945054945,4.450549450549451,1.978021978021978,3.956043956043956,0.0,1.978021978021978,0.4945054945054945,0.4945054945054945,0.004945054945054946,1,0.7798165137614679,1,1.0,1,0.0,-0.01,Midfielder,0.4945054945054945,0.0
970,2022,Edouard Mendy,Senegal,4,0,0,0.0,117,90,0,0,0,16,0,0,0,0,0,0,378,Goalkeeper,0.0,0.0,27.857142857142858,21.428571428571427,0.0,0.0,0.0,3.8095238095238093,0.0,0.0,0.0,0.0,0.0,1,0.7692307692307693,0,0.0,0,0.0,0.0,Goalkeeper,0.0,0.0
971,2022,Edinson Roberto Cavani Gómez,Uruguay,3,0,3,0.18,39,29,4,4,1,4,0,0,0,0,1,1,268,Right Center Forward,0.0,1.007462686567164,13.097014925373134,9.738805970149253,1.3432835820895521,1.3432835820895521,0.33582089552238803,1.3432835820895521,0.0,0.0,0.33582089552238803,0.33582089552238803,0.06044776119402985,1,0.7435897435897436,1,1.0,1,0.0,-0.18,Forward,0.0,0.0
972,2022,Edimilson Fernandes,Switzerland,3,0,1,0.03,81,66,3,3,1,10,0,1,0,0,2,2,287,Right Back,0.0,0.313588850174216,25.400696864111495,20.696864111498257,0.940766550522648,0.940766550522648,0.313588850174216,3.1358885017421603,0.0,0.313588850174216,0.627177700348432,0.627177700348432,0.00940766550522648,1,0.8148148148148148,1,1.0,1,0.0,-0.03,Defender,0.0,0.0
973,2022,Ederson Santana de Moraes,Brazil,1,0,0,0.0,30,28,0,0,0,10,0,0,0,0,0,0,91,Goalkeeper,0.0,0.0,29.67032967032967,27.692307692307693,0.0,0.0,0.0,9.89010989010989,0.0,0.0,0.0,0.0,0.0,1,0.9333333333333333,0,0.0,0,0.0,0.0,Goalkeeper,0.0,0.0
974,2022,Eden Hazard,Belgium,3,0,1,0.01,59,46,1,2,1,12,1,0,0,0,8,5,212,Center Attacking Midfield,0.0,0.4245283018867924,25.047169811320753,19.528301886792452,0.4245283018867924,0.8490566037735848,0.4245283018867924,5.09433962264151,0.4245283018867924,0.0,3.3962264150943393,2.1226415094339623,0.0042452830188679245,1,0.7796610169491526,1,0.625,1,0.0,-0.01,Midfielder,0.0,0.0
975,2022,Dylan Daniel Mahmoud Bronn,Tunisia,2,0,1,0.06,95,71,0,8,1,9,0,1,0,0,1,0,166,Right Center Back,0.0,0.5421686746987951,51.50602409638554,38.493975903614455,0.0,4.337349397590361,0.5421686746987951,4.879518072289156,0.0,0.5421686746987951,0.5421686746987951,0.0,0.03253012048192771,1,0.7473684210526316,1,0.0,1,0.0,-0.06,Defender,0.0,0.0
976,2022,Dušan Tadić,Serbia,3,0,1,0.06,125,88,7,6,2,8,0,7,0,0,8,4,267,Right Attacking Midfield,0.0,0.33707865168539325,42.13483146067416,29.662921348314605,2.359550561797753,2.0224719101123596,0.6741573033707865,2.696629213483146,0.0,2.359550561797753,2.696629213483146,1.348314606741573,0.020224719101123594,1,0.704,1,0.5,1,0.0,-0.06,Midfielder,0.0,0.0
977,2022,Dries Mertens,Belgium,2,0,3,0.37,36,24,3,3,0,0,0,0,0,0,1,1,140,Center Attacking Midfield,0.0,1.9285714285714286,23.142857142857142,15.428571428571429,1.9285714285714286,1.9285714285714286,0.0,0.0,0.0,0.0,0.6428571428571428,0.6428571428571428,0.23785714285714285,1,0.6666666666666666,1,1.0,1,0.0,-0.37,Midfielder,0.0,0.0
978,2022,Dominik Livaković,Croatia,7,0,0,0.0,228,189,0,0,0,33,0,1,1,0,0,0,714,Goalkeeper,0.0,0.0,28.739495798319325,23.823529411764707,0.0,0.0,0.0,4.159663865546218,0.0,0.12605042016806722,0.0,0.0,0.0,1,0.8289473684210527,0,0.0,0,0.0,0.0,Goalkeeper,0.12605042016806722,0.0
979,2022,Fran Karačić,Australia,2,0,3,0.06,55,35,1,8,1,10,0,3,0,0,1,0,171,Right Back,0.0,1.5789473684210527,28.947368421052634,18.42105263157895,0.5263157894736842,4.2105263157894735,0.5263157894736842,5.2631578947368425,0.0,1.5789473684210527,0.5263157894736842,0.0,0.031578947368421054,1,0.6363636363636364,1,0.0,1,0.0,-0.06,Defender,0.0,0.0
980,2022,Fodé Ballo Touré,Senegal,1,0,0,0.0,8,6,0,0,1,0,0,0,0,0,1,1,94,Left Back,0.0,0.0,7.659574468085106,5.74468085106383,0.0,0.0,0.9574468085106382,0.0,0.0,0.0,0.9574468085106382,0.9574468085106382,0.0,1,0.75,1,1.0,0,0.0,0.0,Defender,0.0,0.0
981,2022,Firas Tariq Nasser Al Albirakan,Saudi Arabia,3,0,2,0.12,69,46,0,13,2,11,3,2,0,0,5,2,279,Right Midfield,0.0,0.6451612903225806,22.258064516129032,14.838709677419354,0.0,4.193548387096774,0.6451612903225806,3.5483870967741935,0.9677419354838709,0.6451612903225806,1.6129032258064515,0.6451612903225806,0.038709677419354833,1,0.6666666666666666,1,0.4,1,0.0,-0.12,Midfielder,0.0,0.0
982,2022,Filip Đuričić,Serbia,2,0,0,0.0,6,5,1,2,0,0,0,0,0,0,0,0,193,Center Attacking Midfield,0.0,0.0,2.7979274611398965,2.3316062176165806,0.46632124352331605,0.9326424870466321,0.0,0.0,0.0,0.0,0.0,0.0,0.0,1,0.8333333333333334,0,0.0,0,0.0,0.0,Midfielder,0.0,0.0
983,2022,Filip Kostić,Serbia,2,0,1,0.01,112,73,1,3,1,11,1,4,0,0,1,0,189,Left Wing Back,0.0,0.47619047619047616,53.33333333333333,34.76190476190476,0.47619047619047616,1.4285714285714286,0.47619047619047616,5.238095238095238,0.47619047619047616,1.9047619047619047,0.47619047619047616,0.0,0.0047619047619047615,1,0.6517857142857143,1,0.0,1,0.0,-0.01,Defender,0.0,0.0
984,2022,Ferjani Sassi,Tunisia,2,0,1,0.02,34,25,0,2,0,5,0,1,1,0,2,1,189,Right Defensive Midfield,0.0,0.47619047619047616,16.19047619047619,11.904761904761905,0.0,0.9523809523809523,0.0,2.380952380952381,0.0,0.47619047619047616,0.9523809523809523,0.47619047619047616,0.009523809523809523,1,0.7352941176470589,1,0.5,1,0.0,-0.02,Midfielder,0.47619047619047616,0.0
985,2022,Felix Eduardo Torres Caicedo,Ecuador,3,0,1,0.15,199,159,0,4,3,6,0,1,0,0,1,0,284,Right Center Back,0.0,0.31690140845070425,63.063380281690144,50.387323943661976,0.0,1.267605633802817,0.9507042253521127,1.9014084507042255,0.0,0.31690140845070425,0.31690140845070425,0.0,0.04753521126760563,1,0.7989949748743719,1,0.0,1,0.0,-0.15,Defender,0.0,0.0
986,2022,Federico Santiago Valverde Dipetta,Uruguay,3,0,7,0.12,186,152,4,9,5,14,1,6,0,0,3,2,293,Right Defensive Midfield,0.0,2.150170648464164,57.13310580204778,46.689419795221845,1.2286689419795223,2.7645051194539247,1.5358361774744027,4.300341296928328,0.30716723549488056,1.8430034129692834,0.9215017064846417,0.6143344709897611,0.03686006825938566,1,0.8172043010752689,1,0.6666666666666666,1,0.0,-0.12,Midfielder,0.0,0.0
987,2022,Facundo Pellistri Rebollo,Uruguay,3,0,1,0.1,45,35,3,12,1,6,0,2,0,0,6,0,251,Right Midfield,0.0,0.35856573705179284,16.13545816733068,12.54980079681275,1.0756972111553786,4.302788844621515,0.35856573705179284,2.1513944223107573,0.0,0.7171314741035857,2.1513944223107573,0.0,0.035856573705179286,1,0.7777777777777778,1,0.0,1,0.0,-0.1,Midfielder,0.0,0.0
988,2022,Fabian Rieder,Switzerland,2,0,0,0.0,27,14,1,4,1,5,0,4,1,0,1,1,153,Right Wing,0.0,0.0,15.882352941176471,8.23529411764706,0.5882352941176471,2.3529411764705883,0.5882352941176471,2.9411764705882355,0.0,2.3529411764705883,0.5882352941176471,0.5882352941176471,0.0,1,0.5185185185185185,1,1.0,0,0.0,0.0,Forward,0.5882352941176471,0.0
989,2022,Fabian Lukas Schär,Switzerland,2,0,2,0.1,80,64,0,7,3,4,0,2,2,0,0,0,145,Right Center Back,0.0,1.2413793103448276,49.6551724137931,39.724137931034484,0.0,4.344827586206897,1.8620689655172413,2.4827586206896552,0.0,1.2413793103448276,0.0,0.0,0.06206896551724138,1,0.8,0,0.0,1,0.0,-0.1,Defender,1.2413793103448276,0.0
990,2022,Fabian Frei,Switzerland,2,0,0,0.0,13,9,0,2,1,1,0,1,0,0,0,0,187,Center Attacking Midfield,0.0,0.0,6.256684491978609,4.331550802139037,0.0,0.9625668449197861,0.48128342245989303,0.48128342245989303,0.0,0.48128342245989303,0.0,0.0,0.0,1,0.6923076923076923,0,0.0,0,0.0,0.0,Midfielder,0.0,0.0
991,2022,Exequiel Alejandro Palacios,Argentina,3,0,1,0.05,28,24,1,3,2,4,0,3,0,0,0,0,284,Left Center Midfield,0.0,0.31690140845070425,8.873239436619718,7.605633802816902,0.31690140845070425,0.9507042253521127,0.6338028169014085,1.267605633802817,0.0,0.9507042253521127,0.0,0.0,0.01584507042253521,1,0.8571428571428571,0,0.0,1,0.0,-0.05,Midfielder,0.0,0.0
992,2022,Ethan Ampadu,Wales,3,0,1,0.01,144,110,2,12,5,13,1,5,0,0,4,3,262,Center Defensive Midfield,0.0,0.3435114503816794,49.465648854961835,37.786259541984734,0.6870229007633588,4.122137404580153,1.717557251908397,4.465648854961832,0.3435114503816794,1.717557251908397,1.3740458015267176,1.0305343511450382,0.0034351145038167942,1,0.7638888888888888,1,0.75,1,0.0,-0.01,Midfielder,0.0,0.0
993,2022,Ernesto Alexis Vega Rojas,Mexico,3,0,9,0.69,54,38,1,9,3,16,1,2,0,0,3,1,198,Left Wing,0.0,4.090909090909091,24.545454545454543,17.27272727272727,0.45454545454545453,4.090909090909091,1.3636363636363635,7.2727272727272725,0.45454545454545453,0.9090909090909091,1.3636363636363635,0.45454545454545453,0.3136363636363636,1,0.7037037037037037,1,0.3333333333333333,1,0.0,-0.69,Forward,0.0,0.0
994,1970,Luigi Riva,Italy,1,0,6,0.25,12,9,2,1,1,2,0,1,0,0,3,2,90,Left Center Forward,0.0,6.0,12.0,9.0,2.0,1.0,1.0,2.0,0.0,1.0,3.0,2.0,0.25,1,0.75,1,0.6666666666666666,1,0.0,-0.25,Forward,0.0,0.0
995,2022,Ghilane Chalali,Tunisia,1,0,0,0.0,5,4,0,0,1,1,0,1,0,0,0,0,97,Right Attacking Midfield,0.0,0.0,4.639175257731959,3.711340206185567,0.0,0.0,0.9278350515463918,0.9278350515463918,0.0,0.9278350515463918,0.0,0.0,0.0,1,0.8,0,0.0,0,0.0,0.0,Midfielder,0.0,0.0
996,2022,Germán Alejandro Pezzella,Argentina,3,0,1,0.04,49,47,0,6,0,2,0,2,1,0,0,0,337,Right Center Back,0.0,0.26706231454005935,13.086053412462908,12.55192878338279,0.0,1.6023738872403561,0.0,0.5341246290801187,0.0,0.5341246290801187,0.0,0.0,0.010682492581602374,1,0.9591836734693877,0,0.0,1,0.0,-0.04,Defender,0.26706231454005935,0.0
997,2022,Georges-Kévin Nkoudou Mbida,Cameroon,2,0,1,0.01,11,9,0,2,0,3,0,1,0,0,3,1,190,Left Wing,0.0,0.47368421052631576,5.2105263157894735,4.263157894736842,0.0,0.9473684210526315,0.0,1.4210526315789473,0.0,0.47368421052631576,1.4210526315789473,0.47368421052631576,0.004736842105263158,1,0.8181818181818182,1,0.3333333333333333,1,0.0,-0.01,Forward,0.0,0.0
998,2022,Gaël Ondoua,Cameroon,2,0,0,0.0,19,17,0,3,2,7,1,2,0,0,0,0,183,Right Defensive Midfield,0.0,0.0,9.344262295081968,8.360655737704919,0.0,1.4754098360655739,0.9836065573770493,3.4426229508196724,0.49180327868852464,0.9836065573770493,0.0,0.0,0.0,1,0.8947368421052632,0,0.0,0,0.0,0.0,Midfielder,0.0,0.0
999,2022,Garang Kuol,Australia,2,0,1,0.23,4,3,0,2,1,0,0,1,0,0,2,1,186,Left Center Forward,0.0,0.48387096774193544,1.9354838709677418,1.4516129032258063,0.0,0.9677419354838709,0.48387096774193544,0.0,0.0,0.48387096774193544,0.9677419354838709,0.48387096774193544,0.11129032258064515,1,0.75,1,0.5,1,0.0,-0.23,Forward,0.0,0.0
1000,2022,Gabriel Teodoro Martinelli Silva,Brazil,3,0,4,0.41,46,34,3,4,0,6,1,2,0,0,6,4,286,Left Wing,0.0,1.2587412587412588,14.475524475524477,10.6993006993007,0.9440559440559441,1.2587412587412588,0.0,1.8881118881118881,0.3146853146853147,0.6293706293706294,1.8881118881118881,1.2587412587412588,0.12902097902097903,1,0.7391304347826086,1,0.6666666666666666,1,0.0,-0.41,Forward,0.0,0.0
1001,2022,Gabriel Fernando de Jesus,Brazil,3,0,2,0.32,27,23,4,5,1,8,0,1,0,0,1,1,254,Center Forward,0.0,0.7086614173228346,9.566929133858267,8.149606299212598,1.4173228346456692,1.7716535433070866,0.3543307086614173,2.8346456692913384,0.0,0.3543307086614173,0.3543307086614173,0.3543307086614173,0.11338582677165354,1,0.8518518518518519,1,1.0,1,0.0,-0.32,Forward,0.0,0.0
1002,2022,Fábio Henrique Tavares,Brazil,1,0,0,0.0,56,50,0,10,2,2,0,2,0,0,0,0,99,Left Defensive Midfield,0.0,0.0,50.90909090909091,45.45454545454545,0.0,9.09090909090909,1.8181818181818181,1.8181818181818181,0.0,1.8181818181818181,0.0,0.0,0.0,1,0.8928571428571429,0,0.0,0,0.0,0.0,Midfielder,0.0,0.0
1003,2022,Frederico Rodrigues Santos,Brazil,4,0,3,0.47,80,68,4,4,1,8,0,4,1,0,1,0,325,Right Defensive Midfield,0.0,0.8307692307692307,22.153846153846153,18.83076923076923,1.1076923076923078,1.1076923076923078,0.27692307692307694,2.2153846153846155,0.0,1.1076923076923078,0.27692307692307694,0.0,0.13015384615384615,1,0.85,1,0.0,1,0.0,-0.47,Midfielder,0.27692307692307694,0.0
1004,2022,Francisco Javier Calvo Quesada,Costa Rica,2,0,1,0.01,101,85,0,9,4,10,1,6,2,0,4,4,189,Left Center Back,0.0,0.47619047619047616,48.095238095238095,40.476190476190474,0.0,4.285714285714286,1.9047619047619047,4.761904761904762,0.47619047619047616,2.857142857142857,1.9047619047619047,1.9047619047619047,0.0047619047619047615,1,0.8415841584158416,1,1.0,1,0.0,-0.01,Defender,0.9523809523809523,0.0
1005,2022,Francisco Guillermo Ochoa Magaña,Mexico,3,0,0,0.0,108,90,0,0,0,17,0,0,0,0,0,0,285,Goalkeeper,0.0,0.0,34.10526315789474,28.42105263157895,0.0,0.0,0.0,5.368421052631579,0.0,0.0,0.0,0.0,0.0,1,0.8333333333333334,0,0.0,0,0.0,0.0,Goalkeeper,0.0,0.0
1006,2022,Granit Xhaka,Switzerland,4,0,6,0.3,240,211,2,14,4,9,0,5,0,0,1,1,379,Left Defensive Midfield,0.0,1.4248021108179418,56.992084432717675,50.105540897097626,0.47493403693931396,3.3245382585751977,0.9498680738786279,2.1372031662269126,0.0,1.1873350923482848,0.23746701846965698,0.23746701846965698,0.07124010554089709,1,0.8791666666666667,1,1.0,1,0.0,-0.3,Midfielder,0.0,0.0
1007,2022,Gonzalo Jordy Plata Jiménez,Ecuador,3,0,2,0.11,104,78,2,11,3,8,0,4,0,0,10,5,277,Right Midfield,0.0,0.6498194945848376,33.79061371841155,25.342960288808662,0.6498194945848376,3.574007220216606,0.9747292418772563,2.5992779783393503,0.0,1.2996389891696751,3.2490974729241877,1.6245487364620939,0.035740072202166066,1,0.75,1,0.5,1,0.0,-0.11,Midfielder,0.0,0.0
1008,2022,Gleison Bremer Silva Nascimento,Brazil,2,0,1,0.34,85,79,0,1,0,7,0,2,0,0,0,0,189,Left Center Back,0.0,0.47619047619047616,40.476190476190474,37.61904761904762,0.0,0.47619047619047616,0.0,3.333333333333333,0.0,0.9523809523809523,0.0,0.0,0.1619047619047619,1,0.9294117647058824,0,0.0,1,0.0,-0.34,Defender,0.0,0.0
1009,2022,Giovanni Reyna,United States,2,0,2,0.09,35,26,3,0,0,3,0,0,0,0,1,1,188,Right Wing,0.0,0.9574468085106382,16.75531914893617,12.446808510638297,1.4361702127659575,0.0,0.0,1.4361702127659575,0.0,0.0,0.4787234042553191,0.4787234042553191,0.043085106382978716,1,0.7428571428571429,1,1.0,1,0.0,-0.09,Forward,0.0,0.0
1010,1970,Ramón Antonio Mifflin Páez,Peru,1,0,3,0.06,68,56,3,3,3,7,0,1,0,0,2,1,90,Left Defensive Midfield,0.0,3.0,68.0,56.0,3.0,3.0,3.0,7.0,0.0,1.0,2.0,1.0,0.06,1,0.8235294117647058,1,0.5,1,0.0,-0.06,Midfielder,0.0,0.0
1011,1970,Paulo Cézar Lima,Brazil,4,0,13,0.31,112,87,4,4,0,10,0,4,0,0,9,7,358,Left Midfield,0.0,3.2681564245810053,28.156424581005584,21.87150837988827,1.005586592178771,1.005586592178771,0.0,2.5139664804469275,0.0,1.005586592178771,2.2625698324022347,1.759776536312849,0.07793296089385475,1,0.7767857142857143,1,0.7777777777777778,1,0.0,-0.31,Midfielder,0.0,0.0
1012,1970,Martin Stanford Peters,England,1,0,4,0.14,43,33,1,1,0,4,0,5,0,0,1,0,90,Left Center Midfield,0.0,4.0,43.0,33.0,1.0,1.0,0.0,4.0,0.0,5.0,1.0,0.0,0.14,1,0.7674418604651163,1,0.0,1,0.0,-0.14,Midfielder,0.0,0.0
1013,1970,Marco Antônio Feliciano,Brazil,2,0,0,0.0,53,48,0,3,2,8,0,1,0,0,0,0,178,Left Back,0.0,0.0,26.79775280898876,24.269662921348313,0.0,1.5168539325842696,1.0112359550561798,4.044943820224719,0.0,0.5056179775280899,0.0,0.0,0.0,1,0.9056603773584906,0,0.0,0,0.0,0.0,Defender,0.0,0.0
1014,2022,Hidemasa Morita,Japan,3,0,3,0.19,161,128,3,7,3,20,1,4,0,0,3,0,291,Left Defensive Midfield,0.0,0.9278350515463918,49.79381443298969,39.58762886597938,0.9278350515463918,2.1649484536082473,0.9278350515463918,6.185567010309279,0.30927835051546393,1.2371134020618557,0.9278350515463918,0.0,0.058762886597938144,1,0.7950310559006211,1,0.0,1,0.0,-0.19,Midfielder,0.0,0.0
1015,2022,Heung-Min Son,South Korea,4,0,9,0.45,122,84,5,10,1,14,2,1,0,0,9,4,383,Left Wing,0.0,2.1148825065274153,28.66840731070496,19.738903394255875,1.174934725848564,2.349869451697128,0.2349869451697128,3.289817232375979,0.4699738903394256,0.2349869451697128,2.1148825065274153,0.9399477806788512,0.10574412532637076,1,0.6885245901639344,1,0.4444444444444444,1,0.0,-0.45,Forward,0.0,0.0
1016,2022,Hernán Ismael Galíndez,Ecuador,3,0,0,0.0,77,44,0,0,0,13,0,0,0,0,0,0,270,Goalkeeper,0.0,0.0,25.666666666666668,14.666666666666666,0.0,0.0,0.0,4.333333333333333,0.0,0.0,0.0,0.0,0.0,1,0.5714285714285714,0,0.0,0,0.0,0.0,Goalkeeper,0.0,0.0
1017,2022,Hattan Babhir,Saudi Arabia,2,0,0,0.0,5,3,0,1,0,1,0,2,1,0,0,0,192,Right Wing,0.0,0.0,2.34375,1.40625,0.0,0.46875,0.0,0.46875,0.0,0.9375,0.0,0.0,0.0,1,0.6,0,0.0,0,0.0,0.0,Forward,0.46875,0.0
1018,2022,Hassan Mohammed Al-Tambakti,Saudi Arabia,2,0,0,0.0,49,37,0,9,6,4,0,2,1,0,0,0,198,Right Center Back,0.0,0.0,22.27272727272727,16.818181818181817,0.0,4.090909090909091,2.727272727272727,1.8181818181818181,0.0,0.9090909090909091,0.0,0.0,0.0,1,0.7551020408163265,0,0.0,0,0.0,0.0,Defender,0.45454545454545453,0.0
1019,2022,Hassan Khalid Al Heidos,Qatar,3,0,1,0.02,77,63,2,6,1,12,0,4,0,0,6,2,208,Left Center Midfield,0.0,0.4326923076923077,33.31730769230769,27.259615384615387,0.8653846153846154,2.5961538461538463,0.4326923076923077,5.1923076923076925,0.0,1.7307692307692308,2.5961538461538463,0.8653846153846154,0.008653846153846154,1,0.8181818181818182,1,0.3333333333333333,1,0.0,-0.02,Midfielder,0.0,0.0
1020,2022,Harry Wilson,Wales,3,0,2,0.06,62,48,3,4,1,6,0,1,0,0,0,0,241,Left Center Midfield,0.0,0.7468879668049793,23.15352697095436,17.925311203319502,1.120331950207469,1.4937759336099585,0.37344398340248963,2.240663900414938,0.0,0.37344398340248963,0.0,0.0,0.022406639004149378,1,0.7741935483870968,0,0.0,1,0.0,-0.06,Midfielder,0.0,0.0
1021,2022,Harry Souttar,Australia,4,0,1,0.07,163,135,1,15,3,10,0,1,0,0,0,0,379,Right Center Back,0.0,0.23746701846965698,38.70712401055409,32.05804749340369,0.23746701846965698,3.5620052770448547,0.7124010554089709,2.3746701846965697,0.0,0.23746701846965698,0.0,0.0,0.01662269129287599,1,0.8282208588957055,0,0.0,1,0.0,-0.07,Defender,0.0,0.0
1022,2022,Harry Maguire,England,5,0,6,0.49,408,353,0,13,5,15,0,6,1,0,3,3,446,Left Center Back,0.0,1.210762331838565,82.33183856502242,71.23318385650224,0.0,2.623318385650224,1.0089686098654709,3.0269058295964126,0.0,1.210762331838565,0.6053811659192825,0.6053811659192825,0.09887892376681613,1,0.8651960784313726,1,1.0,1,0.0,-0.49,Defender,0.20179372197309417,0.0
1023,2022,Haris Seferović,Switzerland,3,0,1,0.27,14,10,1,3,0,0,0,1,0,0,0,0,282,Center Forward,0.0,0.3191489361702128,4.468085106382979,3.1914893617021276,0.3191489361702128,0.9574468085106383,0.0,0.0,0.0,0.3191489361702128,0.0,0.0,0.08617021276595746,1,0.7142857142857143,0,0.0,1,0.0,-0.27,Forward,0.0,0.0
1024,2022,Haitham Mohammed Asiri,Saudi Arabia,1,0,0,0.0,2,1,0,2,0,0,1,1,0,0,0,0,102,Center Forward,0.0,0.0,1.7647058823529411,0.8823529411764706,0.0,1.7647058823529411,0.0,0.0,0.8823529411764706,0.8823529411764706,0.0,0.0,0.0,1,0.5,0,0.0,0,0.0,0.0,Forward,0.0,0.0
1025,2022,Guillermo Varela Olivera,Uruguay,3,0,0,0.0,91,62,1,5,1,2,0,3,0,0,2,0,292,Right Back,0.0,0.0,28.04794520547945,19.10958904109589,0.3082191780821918,1.5410958904109588,0.3082191780821918,0.6164383561643836,0.0,0.9246575342465754,0.6164383561643836,0.0,0.0,1,0.6813186813186813,1,0.0,0,0.0,0.0,Defender,0.0,0.0
1026,2022,Grzegorz Krychowiak,Poland,4,0,1,0.02,127,97,2,9,7,19,0,9,1,0,1,1,339,Left Defensive Midfield,0.0,0.26548672566371684,33.716814159292035,25.75221238938053,0.5309734513274337,2.3893805309734515,1.8584070796460177,5.04424778761062,0.0,2.3893805309734515,0.26548672566371684,0.26548672566371684,0.005309734513274336,1,0.7637795275590551,1,1.0,1,0.0,-0.02,Midfielder,0.26548672566371684,0.0
1027,2022,Gregor Kobel,Switzerland,1,0,0,0.0,29,19,0,0,0,5,0,0,0,0,0,0,99,Goalkeeper,0.0,0.0,26.36363636363636,17.27272727272727,0.0,0.0,0.0,4.545454545454545,0.0,0.0,0.0,0.0,0.0,1,0.6551724137931034,0,0.0,0,0.0,0.0,Goalkeeper,0.0,0.0
1028,2022,Ismail Jakobs,Senegal,4,0,1,0.01,157,105,4,8,3,10,0,2,1,0,1,1,353,Left Back,0.0,0.254957507082153,40.02832861189802,26.770538243626063,1.019830028328612,2.039660056657224,0.764872521246459,2.54957507082153,0.0,0.509915014164306,0.254957507082153,0.254957507082153,0.0025495750708215297,1,0.6687898089171974,1,1.0,1,0.0,-0.01,Defender,0.254957507082153,0.0
1029,2022,Ismael Koné,Canada,3,0,0,0.0,102,96,1,2,0,7,0,0,0,0,1,1,283,Right Defensive Midfield,0.0,0.0,32.438162544169614,30.530035335689046,0.31802120141342755,0.6360424028268551,0.0,2.2261484098939928,0.0,0.0,0.31802120141342755,0.31802120141342755,0.0,1,0.9411764705882353,1,1.0,0,0.0,0.0,Midfielder,0.0,0.0
1030,2022,Ismaeel Mohammad Mohammad,Qatar,2,0,2,0.36,67,53,0,7,3,4,0,1,1,0,1,1,177,Right Wing Back,0.0,1.0169491525423728,34.067796610169495,26.949152542372882,0.0,3.5593220338983054,1.5254237288135595,2.0338983050847457,0.0,0.5084745762711864,0.5084745762711864,0.5084745762711864,0.18305084745762712,1,0.7910447761194029,1,1.0,1,0.0,-0.36,Defender,0.5084745762711864,0.0
1031,2022,In-Beom Hwang,South Korea,4,0,6,0.2,247,199,3,9,3,27,0,7,0,0,4,1,356,Left Defensive Midfield,0.0,1.5168539325842696,62.4438202247191,50.30898876404494,0.7584269662921348,2.2752808988764044,0.7584269662921348,6.825842696629214,0.0,1.7696629213483146,1.0112359550561798,0.25280898876404495,0.05056179775280899,1,0.805668016194332,1,0.25,1,0.0,-0.2,Midfielder,0.0,0.0
1032,2022,Iliman Ndiaye,Senegal,3,0,2,0.07,35,28,0,3,1,4,0,0,0,0,9,7,213,Right Wing,0.0,0.8450704225352113,14.788732394366196,11.830985915492958,0.0,1.267605633802817,0.4225352112676056,1.6901408450704225,0.0,0.0,3.8028169014084505,2.9577464788732395,0.029577464788732397,1,0.8,1,0.7777777777777778,1,0.0,-0.07,Forward,0.0,0.0
1033,2022,Ilias Chair,Morocco,1,0,0,0.0,15,13,0,1,1,0,0,0,0,0,1,0,92,Right Center Midfield,0.0,0.0,14.673913043478262,12.717391304347828,0.0,0.9782608695652175,0.9782608695652175,0.0,0.0,0.0,0.9782608695652175,0.0,0.0,1,0.8666666666666667,1,0.0,0,0.0,0.0,Midfielder,0.0,0.0
1034,2022,Ikoma Loïs Openda,Belgium,1,0,0,0.0,5,3,0,2,0,2,0,0,0,0,1,1,94,Center Forward,0.0,0.0,4.787234042553191,2.872340425531915,0.0,1.9148936170212765,0.0,1.9148936170212765,0.0,0.0,0.9574468085106382,0.9574468085106382,0.0,1,0.6,1,1.0,0,0.0,0.0,Forward,0.0,0.0
1035,2022,Idrissa Gana Gueye,Senegal,3,0,4,0.33,131,106,1,7,4,18,0,3,2,0,2,1,289,Center Attacking Midfield,0.0,1.245674740484429,40.79584775086505,33.01038062283737,0.31141868512110726,2.179930795847751,1.245674740484429,5.6055363321799305,0.0,0.9342560553633218,0.6228373702422145,0.31141868512110726,0.1027681660899654,1,0.8091603053435115,1,0.5,1,0.0,-0.33,Midfielder,0.6228373702422145,0.0
1036,2022,Ibrahima Konaté,France,5,0,2,0.18,228,209,2,14,9,15,1,2,0,0,0,0,498,Left Center Back,0.0,0.3614457831325301,41.204819277108435,37.7710843373494,0.3614457831325301,2.5301204819277108,1.6265060240963856,2.710843373493976,0.18072289156626506,0.3614457831325301,0.0,0.0,0.03253012048192771,1,0.9166666666666666,0,0.0,1,0.0,-0.18,Defender,0.0,0.0
1037,2022,Héctor Miguel Herrera López,Mexico,2,0,0,0.0,75,63,1,7,2,8,0,5,1,0,2,0,166,Right Center Midfield,0.0,0.0,40.662650602409634,34.1566265060241,0.5421686746987951,3.795180722891566,1.0843373493975903,4.337349397590361,0.0,2.710843373493976,1.0843373493975903,0.0,0.0,1,0.84,1,0.0,0,0.0,0.0,Midfielder,0.5421686746987951,0.0
1038,2022,Héctor Alfredo Moreno Herrera,Mexico,3,0,1,0.18,191,166,1,8,2,12,0,3,1,0,0,0,285,Left Center Back,0.0,0.31578947368421056,60.31578947368421,52.42105263157895,0.31578947368421056,2.5263157894736845,0.6315789473684211,3.7894736842105265,0.0,0.9473684210526316,0.0,0.0,0.056842105263157895,1,0.8691099476439791,0,0.0,1,0.0,-0.18,Defender,0.31578947368421056,0.0
1039,2022,Hugo Lloris,France,6,0,0,0.0,182,111,0,0,0,16,0,0,0,0,0,0,610,Goalkeeper,0.0,0.0,26.852459016393443,16.37704918032787,0.0,0.0,0.0,2.360655737704918,0.0,0.0,0.0,0.0,0.0,1,0.6098901098901099,0,0.0,0,0.0,0.0,Goalkeeper,0.0,0.0
1040,2022,Homam Alamin Ahmed,Qatar,3,0,0,0.0,103,77,2,5,2,9,2,5,1,0,6,3,270,Left Wing Back,0.0,0.0,34.333333333333336,25.666666666666668,0.6666666666666666,1.6666666666666667,0.6666666666666666,3.0,0.6666666666666666,1.6666666666666667,2.0,1.0,0.0,1,0.7475728155339806,1,0.5,0,0.0,0.0,Defender,0.3333333333333333,0.0
1041,2022,Hirving Rodrigo Lozano Bahena,Mexico,3,0,6,0.24,74,41,8,21,1,17,0,7,0,0,6,5,264,Right Wing,0.0,2.0454545454545454,25.22727272727273,13.977272727272728,2.7272727272727275,7.159090909090909,0.34090909090909094,5.795454545454546,0.0,2.3863636363636367,2.0454545454545454,1.7045454545454546,0.08181818181818182,1,0.5540540540540541,1,0.8333333333333334,1,0.0,-0.24,Forward,0.0,0.0
1042,2022,Hiroki Sakai,Japan,2,0,1,0.29,46,31,1,15,1,4,1,3,0,0,2,1,193,Right Wing Back,0.0,0.46632124352331605,21.45077720207254,14.455958549222798,0.46632124352331605,6.994818652849741,0.46632124352331605,1.8652849740932642,0.46632124352331605,1.3989637305699483,0.9326424870466321,0.46632124352331605,0.13523316062176166,1,0.6739130434782609,1,0.5,1,0.0,-0.29,Defender,0.0,0.0
1043,2022,Hiroki Ito,Japan,1,0,0,0.0,63,58,1,0,0,1,0,3,0,0,0,0,94,Left Center Back,0.0,0.0,60.31914893617021,55.53191489361702,0.9574468085106382,0.0,0.0,0.9574468085106382,0.0,2.872340425531915,0.0,0.0,0.0,1,0.9206349206349206,0,0.0,0,0.0,0.0,Defender,0.0,0.0
1044,2022,Jeremy Leonel Sarmiento Morante,Ecuador,3,0,1,0.03,33,24,2,7,1,3,1,2,0,0,3,3,283,Left Midfield,0.0,0.31802120141342755,10.49469964664311,7.6325088339222615,0.6360424028268551,2.2261484098939928,0.31802120141342755,0.9540636042402827,0.31802120141342755,0.6360424028268551,0.9540636042402827,0.9540636042402827,0.009540636042402826,1,0.7272727272727273,1,1.0,1,0.0,-0.03,Midfielder,0.0,0.0
1045,2022,Jeremy Doku,Belgium,1,0,0,0.0,14,8,0,0,0,3,0,0,0,0,3,2,91,Left Wing,0.0,0.0,13.846153846153847,7.912087912087912,0.0,0.0,0.0,2.967032967032967,0.0,0.0,2.967032967032967,1.978021978021978,0.0,1,0.5714285714285714,1,0.6666666666666666,0,0.0,0.0,Forward,0.0,0.0
1046,2022,Jawad El Yamiq,Morocco,6,0,1,0.06,160,143,0,4,5,13,0,2,0,0,0,0,557,Left Center Back,0.0,0.1615798922800718,25.85278276481149,23.10592459605027,0.0,0.6463195691202872,0.8078994614003591,2.1005385996409336,0.0,0.3231597845601436,0.0,0.0,0.009694793536804308,1,0.89375,0,0.0,1,0.0,-0.06,Defender,0.0,0.0
1047,2022,Jason Cummings,Australia,1,0,0,0.0,6,4,0,2,0,1,0,0,0,0,0,0,96,Center Forward,0.0,0.0,5.625,3.75,0.0,1.875,0.0,0.9375,0.0,0.0,0.0,0.0,0.0,1,0.6666666666666666,0,0.0,0,0.0,0.0,Forward,0.0,0.0
1048,2022,Jan Vertonghen,Belgium,3,0,2,0.11,264,237,0,4,3,10,0,0,0,0,0,0,280,Left Center Back,0.0,0.6428571428571428,84.85714285714286,76.17857142857143,0.0,1.2857142857142856,0.9642857142857143,3.2142857142857144,0.0,0.0,0.0,0.0,0.03535714285714286,1,0.8977272727272727,0,0.0,1,0.0,-0.11,Defender,0.0,0.0
1049,2022,Jan Bednarek,Poland,1,0,0,0.0,6,6,0,0,0,2,0,0,0,0,0,0,94,Left Center Back,0.0,0.0,5.74468085106383,5.74468085106383,0.0,0.0,0.0,1.9148936170212765,0.0,0.0,0.0,0.0,0.0,1,1.0,0,0.0,0,0.0,0.0,Defender,0.0,0.0
1050,2022,Jamie MacLaren,Australia,3,0,0,0.0,16,7,1,4,1,0,0,1,0,0,0,0,286,Left Center Forward,0.0,0.0,5.034965034965035,2.202797202797203,0.3146853146853147,1.2587412587412588,0.3146853146853147,0.0,0.0,0.3146853146853147,0.0,0.0,0.0,1,0.4375,0,0.0,0,0.0,0.0,Forward,0.0,0.0
1051,2022,Jamal Musiala,Germany,3,0,11,1.15,117,94,7,6,3,22,1,1,0,0,33,22,271,Left Wing,0.0,3.653136531365314,38.85608856088561,31.217712177121772,2.3247232472324724,1.992619926199262,0.996309963099631,7.306273062730628,0.33210332103321033,0.33210332103321033,10.959409594095941,7.306273062730628,0.38191881918819187,1,0.8034188034188035,1,0.6666666666666666,1,0.0,-1.15,Forward,0.0,0.0
1052,2022,Jakub Piotr Kiwior,Poland,4,0,1,0.12,201,169,0,6,4,8,0,1,1,0,0,0,367,Left Center Back,0.0,0.2452316076294278,49.29155313351499,41.444141689373296,0.0,1.471389645776567,0.9809264305177112,1.9618528610354224,0.0,0.2452316076294278,0.0,0.0,0.029427792915531336,1,0.8407960199004975,0,0.0,1,0.0,-0.12,Defender,0.2452316076294278,0.0
1053,2022,Jakub Kamiński,Poland,4,0,4,0.26,59,35,2,7,1,16,0,5,0,0,6,4,356,Right Midfield,0.0,1.0112359550561798,14.915730337078651,8.848314606741573,0.5056179775280899,1.7696629213483146,0.25280898876404495,4.044943820224719,0.0,1.2640449438202246,1.5168539325842696,1.0112359550561798,0.06573033707865168,1,0.5932203389830508,1,0.6666666666666666,1,0.0,-0.26,Midfielder,0.0,0.0
1054,2022,Jae-Sung Lee,South Korea,3,0,1,0.02,96,84,2,13,3,8,0,2,0,0,2,2,211,Center Attacking Midfield,0.0,0.42654028436018954,40.947867298578196,35.829383886255926,0.8530805687203791,5.545023696682464,1.2796208530805686,3.4123222748815163,0.0,0.8530805687203791,0.8530805687203791,0.8530805687203791,0.008530805687203791,1,0.875,1,1.0,1,0.0,-0.02,Midfielder,0.0,0.0
1055,2022,Jackson Irvine,Australia,4,0,3,0.33,129,107,1,14,7,11,3,9,2,0,2,0,365,Right Defensive Midfield,0.0,0.7397260273972603,31.808219178082194,26.383561643835616,0.24657534246575344,3.452054794520548,1.726027397260274,2.712328767123288,0.7397260273972603,2.219178082191781,0.4931506849315069,0.0,0.08136986301369864,1,0.8294573643410853,1,0.0,1,0.0,-0.33,Midfielder,0.4931506849315069,0.0
1056,2022,Jackson Gabriel Porozo Vernaza,Ecuador,2,0,1,0.05,42,37,0,2,5,4,0,1,0,0,0,0,190,Right Center Back,0.0,0.47368421052631576,19.894736842105264,17.526315789473685,0.0,0.9473684210526315,2.3684210526315788,1.894736842105263,0.0,0.47368421052631576,0.0,0.0,0.02368421052631579,1,0.8809523809523809,0,0.0,1,0.0,-0.05,Defender,0.0,0.0
1057,2022,Iñaki Williams Arthuer,Ghana,3,0,2,0.13,44,33,1,12,0,11,0,4,0,0,4,4,270,Center Forward,0.0,0.6666666666666666,14.666666666666666,11.0,0.3333333333333333,4.0,0.0,3.6666666666666665,0.0,1.3333333333333333,1.3333333333333333,1.3333333333333333,0.043333333333333335,1,0.75,1,1.0,1,0.0,-0.13,Forward,0.0,0.0
1058,2022,Ivan Ilić,Serbia,1,0,0,0.0,20,19,1,1,1,2,0,0,0,0,0,0,96,Right Defensive Midfield,0.0,0.0,18.75,17.8125,0.9375,0.9375,0.9375,1.875,0.0,0.0,0.0,0.0,0.0,1,0.95,0,0.0,0,0.0,0.0,Midfielder,0.0,0.0
1059,2022,Issam Jebali,Tunisia,3,0,3,0.59,37,29,2,17,0,8,1,7,0,0,4,2,254,Center Forward,0.0,1.0629921259842519,13.11023622047244,10.275590551181102,0.7086614173228346,6.0236220472440944,0.0,2.8346456692913384,0.3543307086614173,2.4803149606299213,1.4173228346456692,0.7086614173228346,0.2090551181102362,1,0.7837837837837838,1,0.5,1,0.0,-0.59,Forward,0.0,0.0
1060,2022,Jonathan David,Canada,3,0,8,0.81,59,43,0,3,0,9,0,1,0,0,4,1,257,Center Forward,0.0,2.801556420233463,20.66147859922179,15.058365758754864,0.0,1.0505836575875487,0.0,3.151750972762646,0.0,0.35019455252918286,1.4007782101167314,0.35019455252918286,0.2836575875486381,1,0.7288135593220338,1,0.25,1,0.0,-0.81,Forward,0.0,0.0
1061,2022,Jonas Hofmann,Germany,2,0,1,0.33,20,16,1,1,0,1,0,0,0,0,1,1,192,Right Wing,0.0,0.46875,9.375,7.5,0.46875,0.46875,0.0,0.46875,0.0,0.0,0.46875,0.46875,0.1546875,1,0.8,1,1.0,1,0.0,-0.33,Forward,0.0,0.0
1062,2022,John Stones,England,5,0,4,0.59,450,430,1,7,2,10,0,4,0,0,1,1,457,Right Center Back,0.0,0.7877461706783371,88.62144420131291,84.68271334792124,0.19693654266958427,1.3785557986870898,0.39387308533916854,1.9693654266958425,0.0,0.7877461706783371,0.19693654266958427,0.19693654266958427,0.11619256017505471,1,0.9555555555555556,1,1.0,1,0.0,-0.59,Defender,0.0,0.0
1063,2022,Joel Nathaniel Campbell Samuels,Costa Rica,3,0,1,0.05,137,105,1,13,0,16,0,3,1,0,13,7,289,Center Forward,0.0,0.31141868512110726,42.66435986159169,32.69896193771626,0.31141868512110726,4.048442906574394,0.0,4.982698961937716,0.0,0.9342560553633218,4.048442906574394,2.179930795847751,0.015570934256055364,1,0.7664233576642335,1,0.5384615384615384,1,0.0,-0.05,Forward,0.31141868512110726,0.0
1064,2022,Joe Rodon,Wales,3,0,0,0.0,162,147,0,9,3,5,0,3,1,0,0,0,288,Center Back,0.0,0.0,50.625,45.9375,0.0,2.8125,0.9375,1.5625,0.0,0.9375,0.0,0.0,0.0,1,0.9074074074074074,0,0.0,0,0.0,0.0,Defender,0.3125,0.0
1065,2022,Joe Allen,Wales,2,0,2,0.06,36,30,1,2,1,9,2,1,0,0,0,0,180,Right Defensive Midfield,0.0,1.0,18.0,15.0,0.5,1.0,0.5,4.5,1.0,0.5,0.0,0.0,0.03,1,0.8333333333333334,0,0.0,1,0.0,-0.06,Midfielder,0.0,0.0
1066,2022,Joakim Mæhle,Denmark,3,0,2,0.04,145,120,1,20,3,11,1,1,0,0,6,0,260,Left Wing Back,0.0,0.6923076923076923,50.19230769230769,41.53846153846154,0.34615384615384615,6.923076923076923,1.0384615384615385,3.807692307692308,0.34615384615384615,0.34615384615384615,2.076923076923077,0.0,0.013846153846153847,1,0.8275862068965517,1,0.0,1,0.0,-0.04,Defender,0.0,0.0
1067,2022,Joachim Andersen,Denmark,3,0,4,0.14,245,199,0,13,4,13,0,5,0,0,1,0,286,Right Center Back,0.0,1.2587412587412588,77.09790209790211,62.62237762237763,0.0,4.090909090909091,1.2587412587412588,4.090909090909091,0.0,1.5734265734265735,0.3146853146853147,0.0,0.04405594405594406,1,0.8122448979591836,1,0.0,1,0.0,-0.14,Defender,0.0,0.0
1068,2022,Jin-Su Kim,South Korea,4,0,3,0.29,141,102,4,17,7,12,0,1,0,0,2,1,338,Left Back,0.0,0.7988165680473372,37.544378698224854,27.159763313609467,1.0650887573964498,4.5266272189349115,1.863905325443787,3.195266272189349,0.0,0.26627218934911245,0.5325443786982249,0.26627218934911245,0.0772189349112426,1,0.723404255319149,1,0.5,1,0.0,-0.29,Defender,0.0,0.0
1069,2022,Jhegson Sebastián Méndez Carabalí,Ecuador,2,0,0,0.0,141,130,2,5,1,13,0,4,2,0,1,0,188,Right Defensive Midfield,0.0,0.0,67.5,62.234042553191486,0.9574468085106382,2.3936170212765955,0.4787234042553191,6.223404255319148,0.0,1.9148936170212765,0.4787234042553191,0.0,0.0,1,0.9219858156028369,1,0.0,0,0.0,0.0,Midfielder,0.9574468085106382,0.0
1070,2022,Jewison Bennette,Costa Rica,3,0,1,0.04,15,11,0,5,0,6,0,0,0,0,4,1,255,Left Wing,0.0,0.3529411764705882,5.294117647058823,3.8823529411764706,0.0,1.7647058823529411,0.0,2.1176470588235294,0.0,0.0,1.4117647058823528,0.3529411764705882,0.014117647058823528,1,0.7333333333333333,1,0.25,1,0.0,-0.04,Forward,0.0,0.0
1071,2022,Jesús Daniel Gallardo Vasconcelos,Mexico,3,0,1,0.06,138,97,2,11,4,14,1,4,0,0,2,2,287,Left Back,0.0,0.313588850174216,43.27526132404181,30.418118466898953,0.627177700348432,3.449477351916376,1.254355400696864,4.390243902439024,0.313588850174216,1.254355400696864,0.627177700348432,0.627177700348432,0.01881533101045296,1,0.7028985507246377,1,1.0,1,0.0,-0.06,Defender,0.0,0.0
1072,2022,Jesper Lindstrøm,Denmark,3,0,3,0.33,54,38,0,7,5,6,0,4,0,0,13,6,272,Right Wing,0.0,0.9926470588235294,17.86764705882353,12.573529411764707,0.0,2.3161764705882355,1.6544117647058825,1.9852941176470589,0.0,1.3235294117647058,4.301470588235294,1.9852941176470589,0.10919117647058825,1,0.7037037037037037,1,0.46153846153846156,1,0.0,-0.33,Forward,0.0,0.0
1073,2022,Jerome Ngom Mbekeli,Cameroon,1,0,0,0.0,2,1,0,0,0,0,0,0,0,0,1,0,98,Right Midfield,0.0,0.0,1.8367346938775513,0.9183673469387756,0.0,0.0,0.0,0.0,0.0,0.0,0.9183673469387756,0.0,0.0,1,0.5,1,0.0,0,0.0,0.0,Midfielder,0.0,0.0
1074,2022,José Adoni Cifuentes Charcopa,Ecuador,2,0,1,0.03,43,33,0,1,0,2,0,3,0,0,1,0,187,Right Defensive Midfield,0.0,0.48128342245989303,20.695187165775398,15.88235294117647,0.0,0.48128342245989303,0.0,0.9625668449197861,0.0,1.443850267379679,0.48128342245989303,0.0,0.01443850267379679,1,0.7674418604651163,1,0.0,1,0.0,-0.03,Midfielder,0.0,0.0
1075,2022,Josip Stanišić,Croatia,1,0,1,0.04,49,36,0,4,1,3,0,1,0,0,0,0,92,Right Back,0.0,0.9782608695652175,47.934782608695656,35.21739130434783,0.0,3.91304347826087,0.9782608695652175,2.9347826086956523,0.0,0.9782608695652175,0.0,0.0,0.0391304347826087,1,0.7346938775510204,0,0.0,1,0.0,-0.04,Defender,0.0,0.0
1076,2022,Josip Juranović,Croatia,6,0,1,0.04,406,326,6,19,6,32,1,1,0,0,4,2,607,Right Back,0.0,0.14827018121911037,60.19769357495881,48.336079077429986,0.8896210873146623,2.817133443163097,0.8896210873146623,4.744645799011532,0.14827018121911037,0.14827018121911037,0.5930807248764415,0.29654036243822074,0.005930807248764415,1,0.8029556650246306,1,0.5,1,0.0,-0.04,Defender,0.0,0.0
1077,2022,Joshua Sargent,United States,3,0,4,0.36,34,30,1,7,1,3,0,3,0,0,1,1,242,Center Forward,0.0,1.487603305785124,12.644628099173552,11.157024793388429,0.371900826446281,2.603305785123967,0.371900826446281,1.1157024793388428,0.0,1.1157024793388428,0.371900826446281,0.371900826446281,0.13388429752066114,1,0.8823529411764706,1,1.0,1,0.0,-0.36,Forward,0.0,0.0
1078,2022,Joshua Kimmich,Germany,3,0,7,0.33,271,229,8,6,7,17,1,3,1,0,3,1,291,Right Defensive Midfield,0.0,2.1649484536082473,83.81443298969072,70.82474226804123,2.4742268041237114,1.8556701030927836,2.1649484536082473,5.257731958762887,0.30927835051546393,0.9278350515463918,0.9278350515463918,0.30927835051546393,0.10206185567010309,1,0.8450184501845018,1,0.3333333333333333,1,0.0,-0.33,Midfielder,0.30927835051546393,0.0
1079,2022,Joseff Morrell,Wales,2,0,0,0.0,13,12,0,7,1,5,0,2,0,0,0,0,192,Left Defensive Midfield,0.0,0.0,6.09375,5.625,0.0,3.28125,0.46875,2.34375,0.0,0.9375,0.0,0.0,0.0,1,0.9230769230769231,0,0.0,0,0.0,0.0,Midfielder,0.0,0.0
1080,2022,Jorge Resurrección Merodio,Spain,2,0,0,0.0,63,56,0,1,2,0,0,0,0,0,0,0,189,Center Defensive Midfield,0.0,0.0,30.0,26.666666666666664,0.0,0.47619047619047616,0.9523809523809523,0.0,0.0,0.0,0.0,0.0,0.0,1,0.8888888888888888,0,0.0,0,0.0,0.0,Midfielder,0.0,0.0
1081,2022,Jorge Eduardo Sánchez Ramos,Mexico,2,0,1,0.01,86,72,0,3,5,5,2,5,1,0,4,2,181,Right Back,0.0,0.4972375690607735,42.76243093922652,35.80110497237569,0.0,1.4917127071823204,2.4861878453038675,2.4861878453038675,0.994475138121547,2.4861878453038675,1.988950276243094,0.994475138121547,0.004972375690607735,1,0.8372093023255814,1,0.5,1,0.0,-0.01,Defender,0.4972375690607735,0.0
1082,2022,Jordi Alba Ramos,Spain,4,0,2,0.05,371,329,3,8,5,15,0,4,0,0,4,4,337,Left Back,0.0,0.5341246290801187,99.08011869436201,87.86350148367953,0.8011869436201781,2.136498516320475,1.3353115727002967,4.00593471810089,0.0,1.0682492581602374,1.0682492581602374,1.0682492581602374,0.013353115727002969,1,0.8867924528301887,1,1.0,1,0.0,-0.05,Defender,0.0,0.0
1083,2022,Jordan Pickford,England,5,0,0,0.0,161,126,0,0,0,16,0,0,0,0,0,0,471,Goalkeeper,0.0,0.0,30.76433121019108,24.076433121019107,0.0,0.0,0.0,3.057324840764331,0.0,0.0,0.0,0.0,0.0,1,0.782608695652174,0,0.0,0,0.0,0.0,Goalkeeper,0.0,0.0
1084,2022,Jordan Morris,United States,2,0,0,0.0,4,2,0,2,0,1,0,0,0,0,0,0,195,Right Wing,0.0,0.0,1.8461538461538463,0.9230769230769231,0.0,0.9230769230769231,0.0,0.46153846153846156,0.0,0.0,0.0,0.0,0.0,1,0.5,0,0.0,0,0.0,0.0,Forward,0.0,0.0
1085,2022,Jordan Ayew,Ghana,3,0,1,0.07,44,34,2,10,1,6,1,2,0,0,7,2,225,Left Wing,0.0,0.4,17.6,13.6,0.8,4.0,0.4,2.4,0.4,0.8,2.8,0.8,0.028000000000000004,1,0.7727272727272727,1,0.2857142857142857,1,0.0,-0.07,Forward,0.0,0.0
1086,2022,Jonathan Osorio,Canada,3,0,1,0.04,60,54,0,1,0,5,0,2,1,0,3,2,255,Right Defensive Midfield,0.0,0.3529411764705882,21.176470588235293,19.058823529411764,0.0,0.3529411764705882,0.0,1.7647058823529411,0.0,0.7058823529411764,1.0588235294117647,0.7058823529411764,0.014117647058823528,1,0.9,1,0.6666666666666666,1,0.0,-0.04,Midfielder,0.3529411764705882,0.0
1087,2022,Jules Olivier Ntcham,Cameroon,1,0,1,0.03,12,11,1,0,0,2,0,0,0,0,1,1,91,Right Defensive Midfield,0.0,0.989010989010989,11.868131868131869,10.87912087912088,0.989010989010989,0.0,0.0,1.978021978021978,0.0,0.0,0.989010989010989,0.989010989010989,0.02967032967032967,1,0.9166666666666666,1,1.0,1,0.0,-0.03,Midfielder,0.0,0.0
1088,2022,Jules Koundé,France,6,0,4,0.17,308,258,2,16,3,15,0,5,1,0,4,3,590,Right Back,0.0,0.6101694915254238,46.983050847457626,39.355932203389834,0.3050847457627119,2.440677966101695,0.4576271186440678,2.288135593220339,0.0,0.7627118644067797,0.6101694915254238,0.4576271186440678,0.025932203389830513,1,0.8376623376623377,1,0.75,1,0.0,-0.17,Defender,0.15254237288135594,0.0
1089,2022,Juan Pablo Vargas Campos,Costa Rica,1,0,1,0.18,28,22,0,4,4,4,0,0,0,0,0,0,100,Left Center Back,0.0,0.8999999999999999,25.2,19.8,0.0,3.5999999999999996,3.5999999999999996,3.5999999999999996,0.0,0.0,0.0,0.0,0.16199999999999998,1,0.7857142857142857,0,0.0,1,0.0,-0.18,Defender,0.0,0.0
1090,2022,Juan Marcos Foyth,Argentina,1,0,0,0.0,4,3,0,0,0,0,0,0,0,0,1,1,94,Right Wing Back,0.0,0.0,3.829787234042553,2.872340425531915,0.0,0.0,0.0,0.0,0.0,0.0,0.9574468085106382,0.9574468085106382,0.0,1,0.75,1,1.0,0,0.0,0.0,Defender,0.0,0.0
1091,2022,João Pedro Cavaco Cancelo,Portugal,4,0,2,0.05,269,224,1,10,3,25,0,2,0,0,12,6,386,Left Back,0.0,0.46632124352331605,62.72020725388601,52.2279792746114,0.23316062176165803,2.3316062176165806,0.6994818652849741,5.829015544041451,0.0,0.46632124352331605,2.7979274611398965,1.3989637305699483,0.011658031088082903,1,0.8327137546468402,1,0.5,1,0.0,-0.05,Defender,0.0,0.0
1092,2022,João Mário Naval da Costa Eduardo,Portugal,2,0,0,0.0,40,37,0,5,1,6,0,0,0,0,3,0,180,Left Wing,0.0,0.0,20.0,18.5,0.0,2.5,0.5,3.0,0.0,0.0,1.5,0.0,0.0,1,0.925,1,0.0,0,0.0,0.0,Forward,0.0,0.0
1093,2022,João Maria Lobo Alves Palhinha Gonçalves,Portugal,3,0,1,0.02,30,26,2,5,1,3,0,2,0,0,3,2,292,Center Defensive Midfield,0.0,0.3082191780821918,9.246575342465754,8.013698630136986,0.6164383561643836,1.5410958904109588,0.3082191780821918,0.9246575342465754,0.0,0.6164383561643836,0.9246575342465754,0.6164383561643836,0.0061643835616438354,1,0.8666666666666667,1,0.6666666666666666,1,0.0,-0.02,Midfielder,0.0,0.0
1094,2022,José María Giménez de Vargas,Uruguay,3,0,3,0.13,167,140,1,6,6,6,0,4,0,0,2,1,294,Right Center Back,0.0,0.9183673469387755,51.12244897959184,42.85714285714286,0.30612244897959184,1.836734693877551,1.836734693877551,1.836734693877551,0.0,1.2244897959183674,0.6122448979591837,0.30612244897959184,0.039795918367346944,1,0.8383233532934131,1,0.5,1,0.0,-0.13,Defender,0.0,0.0
1095,2022,José Martín Cáceres Silva,Uruguay,1,0,0,0.0,81,68,0,2,2,3,0,1,1,0,1,1,94,Right Back,0.0,0.0,77.5531914893617,65.1063829787234,0.0,1.9148936170212765,1.9148936170212765,2.872340425531915,0.0,0.9574468085106382,0.9574468085106382,0.9574468085106382,0.0,1,0.8395061728395061,1,1.0,0,0.0,0.0,Defender,0.9574468085106382,0.0
1096,2022,José Diogo Dalot Teixeira,Portugal,3,0,1,0.04,142,115,3,12,3,6,0,1,0,0,4,2,266,Right Back,0.0,0.3383458646616541,48.045112781954884,38.909774436090224,1.0150375939849623,4.060150375939849,1.0150375939849623,2.0300751879699246,0.0,0.3383458646616541,1.3533834586466165,0.6766917293233082,0.013533834586466165,1,0.8098591549295775,1,0.5,1,0.0,-0.04,Defender,0.0,0.0
1097,2022,Kamil Grosicki,Poland,1,0,0,0.0,6,4,1,0,0,0,0,0,0,0,1,1,95,Left Wing,0.0,0.0,5.684210526315789,3.789473684210526,0.9473684210526315,0.0,0.0,0.0,0.0,0.0,0.9473684210526315,0.9473684210526315,0.0,1,0.6666666666666666,1,1.0,0,0.0,0.0,Forward,0.0,0.0
1098,2022,Kamil Glik,Poland,4,0,3,0.15,130,122,0,7,4,7,0,2,0,0,0,0,375,Right Center Back,0.0,0.72,31.2,29.279999999999998,0.0,1.68,0.96,1.68,0.0,0.48,0.0,0.0,0.036,1,0.9384615384615385,0,0.0,1,0.0,-0.15,Defender,0.0,0.0
1099,2022,Kamaldeen Sulemana,Ghana,2,0,1,0.08,20,11,0,1,0,0,0,2,1,0,4,3,197,Left Wing,0.0,0.45685279187817257,9.137055837563452,5.025380710659898,0.0,0.45685279187817257,0.0,0.0,0.0,0.9137055837563451,1.8274111675126903,1.3705583756345177,0.0365482233502538,1,0.55,1,0.75,1,0.0,-0.08,Forward,0.45685279187817257,0.0
1100,2022,Kamal Miller,Canada,3,0,0,0.0,199,184,0,11,8,11,0,0,0,0,2,2,281,Left Center Back,0.0,0.0,63.736654804270465,58.93238434163701,0.0,3.5231316725978647,2.5622775800711746,3.5231316725978647,0.0,0.0,0.6405693950177936,0.6405693950177936,0.0,1,0.9246231155778895,1,1.0,0,0.0,0.0,Defender,0.0,0.0
1101,2022,Kalvin Phillips,England,2,0,0,0.0,19,18,0,2,1,0,0,1,0,0,0,0,183,Center Defensive Midfield,0.0,0.0,9.344262295081968,8.852459016393443,0.0,0.9836065573770493,0.49180327868852464,0.0,0.0,0.49180327868852464,0.0,0.0,0.0,1,0.9473684210526315,0,0.0,0,0.0,0.0,Midfielder,0.0,0.0
1102,2022,Jurriën David Norman Timber,Netherlands,4,0,0,0.0,316,286,0,21,5,15,3,16,0,0,5,4,403,Right Center Back,0.0,0.0,70.57071960297766,63.87096774193548,0.0,4.689826302729529,1.1166253101736971,3.3498759305210917,0.6699751861042184,3.5732009925558312,1.1166253101736971,0.8933002481389578,0.0,1,0.9050632911392406,1,0.8,0,0.0,0.0,Defender,0.0,0.0
1103,2022,Junya Ito,Japan,4,0,2,0.11,98,63,3,12,5,15,1,1,0,0,6,3,403,Right Wing Back,0.0,0.4466501240694789,21.885856079404466,14.069478908188586,0.6699751861042184,2.6799007444168734,1.1166253101736971,3.3498759305210917,0.22332506203473945,0.22332506203473945,1.3399503722084367,0.6699751861042184,0.02456575682382134,1,0.6428571428571429,1,0.5,1,0.0,-0.11,Defender,0.0,0.0
1104,2022,Jun-Ho Son,South Korea,3,0,0,0.0,61,56,0,3,2,3,0,4,0,0,0,0,277,Center Defensive Midfield,0.0,0.0,19.819494584837543,18.19494584837545,0.0,0.9747292418772563,0.6498194945848376,0.9747292418772563,0.0,1.2996389891696751,0.0,0.0,0.0,1,0.9180327868852459,0,0.0,0,0.0,0.0,Midfielder,0.0,0.0
1105,1970,Ladislav Kuna,Czechoslovakia,1,0,4,0.57,57,49,4,3,4,12,0,0,0,0,5,2,91,Right Defensive Midfield,0.0,3.956043956043956,56.37362637362637,48.46153846153846,3.956043956043956,2.967032967032967,3.956043956043956,11.868131868131869,0.0,0.0,4.945054945054945,1.978021978021978,0.5637362637362637,1,0.8596491228070176,1,0.4,1,0.0,-0.57,Midfielder,0.0,0.0
1106,1970,Karol Jokl,Czechoslovakia,1,0,6,0.07,32,23,0,0,2,4,1,0,0,0,3,2,91,Left Midfield,0.0,5.934065934065934,31.64835164835165,22.747252747252748,0.0,0.0,1.978021978021978,3.956043956043956,0.989010989010989,0.0,2.967032967032967,1.978021978021978,0.06923076923076923,1,0.71875,1,0.6666666666666666,1,0.0,-0.07,Midfielder,0.0,0.0
1107,1970,Karol Dobiaš,Czechoslovakia,1,0,4,0.05,70,60,4,0,0,7,0,0,0,0,0,0,91,Right Back,0.0,3.956043956043956,69.23076923076923,59.34065934065934,3.956043956043956,0.0,0.0,6.923076923076923,0.0,0.0,0.0,0.0,0.049450549450549455,1,0.8571428571428571,0,0.0,1,0.0,-0.05,Defender,0.0,0.0
1108,2022,Keylor Navas Gamboa,Costa Rica,3,0,0,0.0,101,55,0,0,0,19,0,0,0,0,0,0,290,Goalkeeper,0.0,0.0,31.344827586206897,17.068965517241377,0.0,0.0,0.0,5.896551724137931,0.0,0.0,0.0,0.0,0.0,1,0.5445544554455446,0,0.0,0,0.0,0.0,Goalkeeper,0.0,0.0
1109,2022,Kevin Nahin Álvarez Campos,Mexico,2,0,0,0.0,24,18,0,3,4,2,1,0,0,0,2,0,161,Right Wing Back,0.0,0.0,13.41614906832298,10.062111801242235,0.0,1.6770186335403725,2.2360248447204967,1.1180124223602483,0.5590062111801242,0.0,1.1180124223602483,0.0,0.0,1,0.75,1,0.0,0,0.0,0.0,Defender,0.0,0.0
1110,2022,Kevin José Rodríguez Cortez,Ecuador,2,0,1,0.14,1,0,0,3,0,0,0,1,0,0,0,0,189,Center Forward,0.0,0.47619047619047616,0.47619047619047616,0.0,0.0,1.4285714285714286,0.0,0.0,0.0,0.47619047619047616,0.0,0.0,0.06666666666666667,1,0.0,0,0.0,1,0.0,-0.14,Forward,0.0,0.0
1111,2022,Kevin De Bruyne,Belgium,3,0,7,0.18,140,100,8,5,1,15,2,0,0,0,7,5,276,Right Wing,0.0,2.282608695652174,45.65217391304348,32.608695652173914,2.608695652173913,1.6304347826086956,0.32608695652173914,4.891304347826087,0.6521739130434783,0.0,2.282608695652174,1.6304347826086956,0.05869565217391304,1,0.7142857142857143,1,0.7142857142857143,1,0.0,-0.18,Forward,0.0,0.0
1112,2022,Kenneth Taylor,Netherlands,1,0,0,0.0,9,9,0,0,0,0,0,0,0,0,0,0,95,Left Defensive Midfield,0.0,0.0,8.526315789473683,8.526315789473683,0.0,0.0,0.0,0.0,0.0,0.0,0.0,0.0,0.0,1,1.0,0,0.0,0,0.0,0.0,Midfielder,0.0,0.0
1113,2022,Kendall Jamaal Waston Manley,Costa Rica,3,0,1,0.1,77,65,0,9,5,2,0,2,0,0,0,0,281,Center Back,0.0,0.3202846975088968,24.661921708185055,20.818505338078293,0.0,2.882562277580071,1.601423487544484,0.6405693950177936,0.0,0.6405693950177936,0.0,0.0,0.03202846975088968,1,0.8441558441558441,0,0.0,1,0.0,-0.1,Defender,0.0,0.0
1114,2022,Kellyn Kai Perry-Acosta,United States,2,0,0,0.0,12,10,0,2,0,1,0,1,1,0,0,0,195,Left Center Midfield,0.0,0.0,5.538461538461539,4.615384615384616,0.0,0.9230769230769231,0.0,0.46153846153846156,0.0,0.46153846153846156,0.0,0.0,0.0,1,0.8333333333333334,0,0.0,0,0.0,0.0,Midfielder,0.46153846153846156,0.0
1115,2022,Keanu Baccus,Australia,4,0,1,0.04,40,26,0,5,2,7,1,5,0,0,1,0,343,Right Defensive Midfield,0.0,0.2623906705539359,10.495626822157435,6.822157434402333,0.0,1.3119533527696794,0.5247813411078718,1.836734693877551,0.2623906705539359,1.3119533527696794,0.2623906705539359,0.0,0.010495626822157435,1,0.65,1,0.0,1,0.0,-0.04,Midfielder,0.0,0.0
1116,2022,Kasper Schmeichel,Denmark,3,0,0,0.0,87,72,0,0,0,15,0,0,0,0,0,0,280,Goalkeeper,0.0,0.0,27.964285714285715,23.142857142857142,0.0,0.0,0.0,4.821428571428571,0.0,0.0,0.0,0.0,0.0,1,0.8275862068965517,0,0.0,0,0.0,0.0,Goalkeeper,0.0,0.0
1117,2022,Kasper Dolberg,Denmark,3,0,4,0.51,18,17,1,3,0,4,0,2,0,0,4,2,252,Left Center Forward,0.0,1.4285714285714286,6.428571428571429,6.071428571428572,0.35714285714285715,1.0714285714285714,0.0,1.4285714285714286,0.0,0.7142857142857143,1.4285714285714286,0.7142857142857143,0.18214285714285716,1,0.9444444444444444,1,0.5,1,0.0,-0.51,Forward,0.0,0.0
1118,2022,Karl Brillant Toko Ekambi,Cameroon,3,0,2,0.18,52,42,3,8,2,13,0,0,0,0,2,1,237,Left Wing,0.0,0.759493670886076,19.746835443037973,15.949367088607595,1.139240506329114,3.037974683544304,0.759493670886076,4.936708860759493,0.0,0.0,0.759493670886076,0.379746835443038,0.06835443037974684,1,0.8076923076923077,1,0.5,1,0.0,-0.18,Forward,0.0,0.0
1119,2022,Karim Boudiaf,Qatar,3,0,0,0.0,107,94,0,5,0,7,1,3,1,0,2,1,256,Center Defensive Midfield,0.0,0.0,37.6171875,33.046875,0.0,1.7578125,0.0,2.4609375,0.3515625,1.0546875,0.703125,0.3515625,0.0,1,0.8785046728971962,1,0.5,0,0.0,0.0,Midfielder,0.3515625,0.0
1120,2022,Karim Ansarifard,Iran,2,0,1,0.06,6,5,1,1,1,2,0,0,0,0,0,0,193,Center Attacking Midfield,0.0,0.46632124352331605,2.7979274611398965,2.3316062176165806,0.46632124352331605,0.46632124352331605,0.46632124352331605,0.9326424870466321,0.0,0.0,0.0,0.0,0.027979274611398965,1,0.8333333333333334,0,0.0,1,0.0,-0.06,Midfielder,0.0,0.0
1121,2022,Kaoru Mitoma,Japan,4,0,2,0.84,73,54,2,8,2,9,0,3,0,0,4,2,405,Left Wing Back,0.0,0.4444444444444444,16.22222222222222,12.0,0.4444444444444444,1.7777777777777777,0.4444444444444444,2.0,0.0,0.6666666666666666,0.8888888888888888,0.4444444444444444,0.18666666666666665,1,0.7397260273972602,1,0.5,1,0.0,-0.84,Defender,0.0,0.0
1122,2022,Kang-In Lee,South Korea,4,0,5,0.12,77,61,3,3,0,9,0,3,1,0,1,1,370,Left Center Midfield,0.0,1.2162162162162162,18.72972972972973,14.837837837837839,0.7297297297297298,0.7297297297297298,0.0,2.1891891891891895,0.0,0.7297297297297298,0.24324324324324326,0.24324324324324326,0.02918918918918919,1,0.7922077922077922,1,1.0,1,0.0,-0.12,Midfielder,0.24324324324324326,0.0
1123,2022,Liam Millar,Canada,1,0,0,0.0,9,5,0,0,0,0,0,1,0,0,0,0,92,Left Midfield,0.0,0.0,8.804347826086957,4.891304347826087,0.0,0.0,0.0,0.0,0.0,0.9782608695652175,0.0,0.0,0.0,1,0.5555555555555556,0,0.0,0,0.0,0.0,Midfielder,0.0,0.0
1124,2022,Leroy Sané,Germany,2,0,3,0.18,56,48,4,5,1,4,0,0,0,0,4,2,193,Right Wing,0.0,1.3989637305699483,26.1139896373057,22.383419689119172,1.8652849740932642,2.3316062176165806,0.46632124352331605,1.8652849740932642,0.0,0.0,1.8652849740932642,0.9326424870466321,0.08393782383419689,1,0.8571428571428571,1,0.5,1,0.0,-0.18,Forward,0.0,0.0
1125,2022,Leon Goretzka,Germany,3,0,4,0.46,59,46,1,5,2,6,0,5,1,0,1,0,235,Left Defensive Midfield,0.0,1.5319148936170213,22.595744680851062,17.617021276595743,0.3829787234042553,1.9148936170212765,0.7659574468085106,2.2978723404255317,0.0,1.9148936170212765,0.3829787234042553,0.0,0.17617021276595746,1,0.7796610169491526,1,0.0,1,0.0,-0.46,Midfielder,0.3829787234042553,0.0
1126,2022,Leandro Trossard,Belgium,3,0,0,0.0,57,43,2,2,0,7,0,0,0,0,4,1,240,Center Forward,0.0,0.0,21.375,16.125,0.75,0.75,0.0,2.625,0.0,0.0,1.5,0.375,0.0,1,0.7543859649122807,1,0.25,0,0.0,0.0,Forward,0.0,0.0
1127,2022,Leander Dendoncker,Belgium,2,0,1,0.09,119,117,1,6,2,5,0,3,1,0,1,0,163,Right Center Back,0.0,0.5521472392638037,65.70552147239263,64.60122699386503,0.5521472392638037,3.312883435582822,1.1042944785276074,2.7607361963190185,0.0,1.656441717791411,0.5521472392638037,0.0,0.04969325153374233,1,0.9831932773109243,1,0.0,1,0.0,-0.09,Defender,0.5521472392638037,0.0
1128,2022,Lawrence Ati-Zigi,Ghana,3,0,0,0.0,76,51,0,0,0,8,0,0,0,0,0,0,297,Goalkeeper,0.0,0.0,23.03030303030303,15.454545454545455,0.0,0.0,0.0,2.4242424242424243,0.0,0.0,0.0,0.0,0.0,1,0.6710526315789473,0,0.0,0,0.0,0.0,Goalkeeper,0.0,0.0
1129,2022,Kyung-Won Kwon,South Korea,2,0,1,0.01,43,40,0,1,3,3,0,0,0,0,0,0,193,Right Center Back,0.0,0.46632124352331605,20.05181347150259,18.652849740932645,0.0,0.46632124352331605,1.3989637305699483,1.3989637305699483,0.0,0.0,0.0,0.0,0.004663212435233161,1,0.9302325581395349,0,0.0,1,0.0,-0.01,Defender,0.0,0.0
1130,2022,Kyle Walker,England,3,0,0,0.0,177,159,0,5,7,8,0,3,0,0,3,2,242,Right Back,0.0,0.0,65.82644628099173,59.132231404958674,0.0,1.8595041322314048,2.603305785123967,2.975206611570248,0.0,1.1157024793388428,1.1157024793388428,0.743801652892562,0.0,1,0.8983050847457628,1,0.6666666666666666,0,0.0,0.0,Defender,0.0,0.0
1131,2022,Kye Rowles,Australia,4,0,0,0.0,195,170,0,9,5,4,0,1,0,0,0,0,369,Left Center Back,0.0,0.0,47.5609756097561,41.463414634146346,0.0,2.1951219512195124,1.2195121951219514,0.9756097560975611,0.0,0.24390243902439027,0.0,0.0,0.0,1,0.8717948717948718,0,0.0,0,0.0,0.0,Defender,0.0,0.0
1132,2022,Krépin Diatta,Senegal,3,0,3,0.13,76,62,3,3,1,12,0,4,0,0,5,1,181,Right Wing,0.0,1.4917127071823204,37.790055248618785,30.828729281767956,1.4917127071823204,1.4917127071823204,0.4972375690607735,5.966850828729282,0.0,1.988950276243094,2.4861878453038675,0.4972375690607735,0.06464088397790056,1,0.8157894736842105,1,0.2,1,0.0,-0.13,Forward,0.0,0.0
1133,2022,Krzysztof Piątek,Poland,2,0,1,0.03,6,3,0,8,0,1,0,0,0,0,0,0,189,Left Center Forward,0.0,0.47619047619047616,2.857142857142857,1.4285714285714286,0.0,3.8095238095238093,0.0,0.47619047619047616,0.0,0.0,0.0,0.0,0.014285714285714285,1,0.5,0,0.0,1,0.0,-0.03,Forward,0.0,0.0
1134,2022,Krystian Bielik,Poland,4,0,2,0.14,98,90,0,10,5,7,1,6,0,0,4,1,346,Right Defensive Midfield,0.0,0.5202312138728323,25.491329479768787,23.410404624277454,0.0,2.601156069364162,1.300578034682081,1.8208092485549132,0.26011560693641617,1.560693641618497,1.0404624277456647,0.26011560693641617,0.03641618497109827,1,0.9183673469387755,1,0.25,1,0.0,-0.14,Midfielder,0.0,0.0
1135,2022,Ko Itakura,Japan,3,0,3,0.16,111,102,0,13,4,6,0,5,2,0,3,0,283,Right Center Back,0.0,0.9540636042402827,35.30035335689046,32.438162544169614,0.0,4.134275618374558,1.2720848056537102,1.9081272084805654,0.0,1.5901060070671378,0.9540636042402827,0.0,0.05088339222614841,1,0.918918918918919,1,0.0,1,0.0,-0.16,Defender,0.6360424028268551,0.0
1136,2022,Kingsley Coman,France,6,0,2,0.87,70,54,1,9,3,9,2,1,0,0,12,11,563,Right Wing,0.0,0.3197158081705151,11.190053285968029,8.632326820603907,0.15985790408525755,1.438721136767318,0.47957371225577267,1.438721136767318,0.3197158081705151,0.15985790408525755,1.9182948490230907,1.758436944937833,0.13907637655417407,1,0.7714285714285715,1,0.9166666666666666,1,0.0,-0.87,Forward,0.0,0.0
1137,2022,Kieran Trippier,England,3,0,1,0.04,195,165,3,8,1,9,0,2,0,0,1,1,279,Right Back,0.0,0.3225806451612903,62.90322580645161,53.225806451612904,0.9677419354838709,2.5806451612903225,0.3225806451612903,2.903225806451613,0.0,0.6451612903225806,0.3225806451612903,0.3225806451612903,0.012903225806451613,1,0.8461538461538461,1,1.0,1,0.0,-0.04,Defender,0.0,0.0
1138,2022,Kieffer Roberto Francisco Moore,Wales,3,0,6,0.64,60,41,4,12,1,4,0,5,0,0,0,0,290,Left Center Forward,0.0,1.8620689655172413,18.620689655172413,12.724137931034482,1.2413793103448276,3.7241379310344827,0.3103448275862069,1.2413793103448276,0.0,1.5517241379310345,0.0,0.0,0.1986206896551724,1,0.6833333333333333,0,0.0,1,0.0,-0.64,Forward,0.0,0.0
1139,2022,Lisandro Martínez,Argentina,5,0,1,0.33,154,132,0,13,3,6,1,2,0,0,0,0,487,Left Center Back,0.0,0.18480492813141683,28.45995893223819,24.39425051334702,0.0,2.402464065708419,0.5544147843942505,1.108829568788501,0.18480492813141683,0.36960985626283366,0.0,0.0,0.06098562628336755,1,0.8571428571428571,0,0.0,1,0.0,-0.33,Defender,0.0,0.0
1140,1970,Hercules Brito Ruas,Brazil,6,0,0,0.0,124,115,0,18,7,14,0,12,0,0,1,1,532,Right Center Back,0.0,0.0,20.977443609022554,19.454887218045112,0.0,3.045112781954887,1.1842105263157894,2.3684210526315788,0.0,2.0300751879699246,0.16917293233082706,0.16917293233082706,0.0,1,0.9274193548387096,1,1.0,0,0.0,0.0,Defender,0.0,0.0
1141,1970,Gianni Rivera,Italy,1,0,1,0.02,3,2,0,0,0,0,0,0,0,0,0,0,91,Right Center Forward,0.0,0.989010989010989,2.967032967032967,1.978021978021978,0.0,0.0,0.0,0.0,0.0,0.0,0.0,0.0,0.019780219780219783,1,0.6666666666666666,0,0.0,1,0.0,-0.02,Forward,0.0,0.0
1142,1970,Félix Miéli Venerando,Brazil,6,0,0,0.0,209,188,0,0,0,29,0,0,0,0,0,0,526,Goalkeeper,0.0,0.0,35.76045627376426,32.16730038022814,0.0,0.0,0.0,4.961977186311787,0.0,0.0,0.0,0.0,0.0,1,0.8995215311004785,0,0.0,0,0.0,0.0,Goalkeeper,0.0,0.0
1143,2022,Martin Braithwaite Christensen,Denmark,2,0,1,0.24,19,13,2,4,0,2,0,0,0,0,3,1,149,Center Forward,0.0,0.6040268456375839,11.476510067114095,7.852348993288591,1.2080536912751678,2.4161073825503356,0.0,1.2080536912751678,0.0,0.0,1.8120805369127517,0.6040268456375839,0.14496644295302014,1,0.6842105263157895,1,0.3333333333333333,1,0.0,-0.24,Forward,0.0,0.0
1144,2022,Marten de Roon,Netherlands,5,0,0,0.0,122,99,0,11,1,3,0,3,0,0,0,0,370,Right Defensive Midfield,0.0,0.0,29.675675675675677,24.081081081081084,0.0,2.675675675675676,0.24324324324324326,0.7297297297297298,0.0,0.7297297297297298,0.0,0.0,0.0,1,0.8114754098360656,0,0.0,0,0.0,0.0,Midfielder,0.0,0.0
1145,2022,Marko Grujić,Serbia,1,0,1,0.03,17,14,0,1,0,1,0,1,0,0,1,0,95,Right Center Midfield,0.0,0.9473684210526315,16.105263157894736,13.263157894736842,0.0,0.9473684210526315,0.0,0.9473684210526315,0.0,0.9473684210526315,0.9473684210526315,0.0,0.028421052631578944,1,0.8235294117647058,1,0.0,1,0.0,-0.03,Midfielder,0.0,0.0
1146,2022,Mario Götze,Germany,2,0,1,0.07,16,15,2,3,0,2,0,0,0,0,3,1,196,Right Center Midfield,0.0,0.4591836734693878,7.346938775510205,6.887755102040817,0.9183673469387756,1.3775510204081634,0.0,0.9183673469387756,0.0,0.0,1.3775510204081634,0.4591836734693878,0.03214285714285715,1,0.9375,1,0.3333333333333333,1,0.0,-0.07,Midfielder,0.0,0.0
1147,2022,Marcus Thuram,France,5,0,1,0.12,45,32,2,13,2,8,0,3,1,0,7,4,497,Left Wing,0.0,0.18108651911468812,8.148893360160965,5.79476861167002,0.36217303822937624,2.3541247484909458,0.36217303822937624,1.448692152917505,0.0,0.5432595573440644,1.267605633802817,0.7243460764587525,0.021730382293762576,1,0.7111111111111111,1,0.5714285714285714,1,0.0,-0.12,Forward,0.18108651911468812,0.0
1148,2022,Marcos Llorente Moreno,Spain,1,0,1,0.02,104,94,0,3,1,10,0,1,0,0,0,0,122,Right Back,0.0,0.7377049180327868,76.72131147540983,69.34426229508196,0.0,2.2131147540983607,0.7377049180327868,7.377049180327869,0.0,0.7377049180327868,0.0,0.0,0.014754098360655738,1,0.9038461538461539,0,0.0,1,0.0,-0.02,Defender,0.0,0.0
1149,2022,Marcos Javier Acuña,Argentina,6,0,2,0.08,217,170,5,19,3,19,1,9,3,0,5,1,528,Left Back,0.0,0.34090909090909094,36.98863636363637,28.97727272727273,0.8522727272727273,3.2386363636363638,0.5113636363636364,3.2386363636363638,0.17045454545454547,1.5340909090909092,0.8522727272727273,0.17045454545454547,0.013636363636363637,1,0.783410138248848,1,0.2,1,0.0,-0.08,Defender,0.5113636363636364,0.0
1150,2022,Marcos Aoás Corrêa,Brazil,5,0,2,0.86,359,345,5,12,3,15,1,1,1,0,2,0,505,Right Center Back,0.0,0.3564356435643565,63.98019801980198,61.48514851485149,0.8910891089108911,2.1386138613861387,0.5346534653465347,2.6732673267326734,0.17821782178217824,0.17821782178217824,0.3564356435643565,0.0,0.15326732673267326,1,0.9610027855153204,1,0.0,1,0.0,-0.86,Defender,0.17821782178217824,0.0
1151,2022,Manuel Neuer,Germany,3,0,0,0.0,123,111,0,0,0,9,0,0,0,0,0,0,278,Goalkeeper,0.0,0.0,39.82014388489208,35.93525179856115,0.0,0.0,0.0,2.9136690647482015,0.0,0.0,0.0,0.0,0.0,1,0.9024390243902439,0,0.0,0,0.0,0.0,Goalkeeper,0.0,0.0
1152,2022,Luke Shaw,England,5,0,3,0.08,402,339,7,10,3,15,0,5,0,0,1,1,438,Left Back,0.0,0.6164383561643836,82.60273972602741,69.65753424657535,1.4383561643835618,2.0547945205479454,0.6164383561643836,3.082191780821918,0.0,1.0273972602739727,0.20547945205479454,0.20547945205479454,0.016438356164383564,1,0.8432835820895522,1,1.0,1,0.0,-0.08,Defender,0.0,0.0
1153,2022,Lukas Klostermann,Germany,2,0,0,0.0,47,46,0,3,1,1,0,1,0,0,0,0,192,Right Back,0.0,0.0,22.03125,21.5625,0.0,1.40625,0.46875,0.46875,0.0,0.46875,0.0,0.0,0.0,1,0.9787234042553191,0,0.0,0,0.0,0.0,Defender,0.0,0.0
1154,2022,Luka Jović,Serbia,2,0,2,0.06,10,7,1,2,1,0,0,1,0,0,0,0,147,Right Center Forward,0.0,1.2244897959183674,6.122448979591836,4.285714285714286,0.6122448979591837,1.2244897959183674,0.6122448979591837,0.0,0.0,0.6122448979591837,0.0,0.0,0.03673469387755102,1,0.7,0,0.0,1,0.0,-0.06,Forward,0.0,0.0
1155,2022,Luis Alberto Suárez Díaz,Uruguay,3,0,2,0.36,40,26,0,5,0,3,0,0,0,0,2,2,228,Right Center Forward,0.0,0.7894736842105263,15.789473684210527,10.263157894736842,0.0,1.973684210526316,0.0,1.1842105263157896,0.0,0.0,0.7894736842105263,0.7894736842105263,0.14210526315789473,1,0.65,1,1.0,1,0.0,-0.36,Forward,0.0,0.0
1156,2022,Lucas Daniel Cavallini,Canada,1,0,0,0.0,3,3,0,0,0,0,0,1,0,0,0,0,95,Left Center Forward,0.0,0.0,2.8421052631578947,2.8421052631578947,0.0,0.0,0.0,0.0,0.0,0.9473684210526315,0.0,0.0,0.0,1,1.0,0,0.0,0,0.0,0.0,Forward,0.0,0.0
1157,2022,Maya Yoshida,Japan,4,0,1,0.78,227,201,0,12,9,9,0,4,1,0,3,2,409,Center Back,0.0,0.22004889975550124,49.95110024449878,44.229828850855746,0.0,2.640586797066015,1.9804400977995111,1.9804400977995111,0.0,0.880195599022005,0.6601466992665037,0.4400977995110025,0.17163814180929096,1,0.8854625550660793,1,0.6666666666666666,1,0.0,-0.78,Defender,0.22004889975550124,0.0
1158,2022,Maximiliano Gómez González,Uruguay,2,0,2,0.08,7,4,0,1,0,1,0,1,0,0,0,0,196,Left Center Forward,0.0,0.9183673469387756,3.2142857142857144,1.8367346938775513,0.0,0.4591836734693878,0.0,0.4591836734693878,0.0,0.4591836734693878,0.0,0.0,0.036734693877551024,1,0.5714285714285714,0,0.0,1,0.0,-0.08,Forward,0.0,0.0
1159,2022,Matías Vecino Falero,Uruguay,3,0,1,0.05,103,82,1,9,5,10,0,4,0,0,2,0,235,Left Center Midfield,0.0,0.3829787234042553,39.4468085106383,31.404255319148934,0.3829787234042553,3.4468085106382977,1.9148936170212765,3.829787234042553,0.0,1.5319148936170213,0.7659574468085106,0.0,0.019148936170212766,1,0.7961165048543689,1,0.0,1,0.0,-0.05,Midfielder,0.0,0.0
1160,2022,Matías Nicolás Viña Susperreguy,Uruguay,2,0,0,0.0,20,12,0,4,0,2,0,1,0,0,1,1,195,Left Back,0.0,0.0,9.230769230769232,5.538461538461539,0.0,1.8461538461538463,0.0,0.9230769230769231,0.0,0.46153846153846156,0.46153846153846156,0.46153846153846156,0.0,1,0.6,1,1.0,0,0.0,0.0,Defender,0.0,0.0
1161,2022,Matty Cash,Poland,4,0,1,0.02,156,121,2,10,2,8,0,7,2,0,1,0,366,Right Back,0.0,0.24590163934426232,38.36065573770492,29.75409836065574,0.49180327868852464,2.459016393442623,0.49180327868852464,1.9672131147540985,0.0,1.7213114754098362,0.24590163934426232,0.0,0.004918032786885246,1,0.7756410256410257,1,0.0,1,0.0,-0.02,Defender,0.49180327868852464,0.0
1162,2022,Matthijs de Ligt,Netherlands,2,0,0,0.0,45,40,0,2,1,2,0,5,1,0,0,0,191,Right Center Back,0.0,0.0,21.20418848167539,18.848167539267017,0.0,0.9424083769633508,0.4712041884816754,0.9424083769633508,0.0,2.356020942408377,0.0,0.0,0.0,1,0.8888888888888888,0,0.0,0,0.0,0.0,Defender,0.4712041884816754,0.0
1163,2022,Matthias Ginter,Germany,1,0,0,0.0,3,3,0,1,0,0,0,0,0,0,0,0,99,Center Back,0.0,0.0,2.727272727272727,2.727272727272727,0.0,0.9090909090909091,0.0,0.0,0.0,0.0,0.0,0.0,0.0,1,1.0,0,0.0,0,0.0,0.0,Defender,0.0,0.0
1164,2022,Matthew Charles Turner,United States,4,0,0,0.0,126,98,0,0,0,17,0,0,0,0,0,0,386,Goalkeeper,0.0,0.0,29.378238341968913,22.849740932642487,0.0,0.0,0.0,3.963730569948187,0.0,0.0,0.0,0.0,0.0,1,0.7777777777777778,0,0.0,0,0.0,0.0,Goalkeeper,0.0,0.0
1165,2022,Mathías Olivera Miramontes,Uruguay,3,0,2,0.08,133,108,6,14,4,16,0,2,0,0,2,0,261,Left Back,0.0,0.6896551724137931,45.862068965517246,37.241379310344826,2.0689655172413794,4.827586206896552,1.3793103448275863,5.517241379310345,0.0,0.6896551724137931,0.6896551724137931,0.0,0.027586206896551727,1,0.8120300751879699,1,0.0,1,0.0,-0.08,Defender,0.0,0.0
1166,2022,Mathias Jensen,Denmark,2,0,2,0.05,68,53,4,3,0,0,0,2,1,0,1,1,153,Right Center Midfield,0.0,1.1764705882352942,40.0,31.176470588235293,2.3529411764705883,1.7647058823529411,0.0,0.0,0.0,1.1764705882352942,0.5882352941176471,0.5882352941176471,0.029411764705882356,1,0.7794117647058824,1,1.0,1,0.0,-0.05,Midfielder,0.5882352941176471,0.0
1167,2022,Mathew Ryan,Australia,4,0,0,0.0,163,112,0,0,0,20,0,0,0,0,1,1,381,Goalkeeper,0.0,0.0,38.503937007874015,26.456692913385826,0.0,0.0,0.0,4.724409448818897,0.0,0.0,0.23622047244094488,0.23622047244094488,0.0,1,0.6871165644171779,1,1.0,0,0.0,0.0,Goalkeeper,0.0,0.0
1168,2022,Matheus Luiz Nunes,Portugal,2,0,1,0.01,33,25,0,0,0,1,0,2,0,0,1,1,163,Right Center Midfield,0.0,0.5521472392638037,18.220858895705522,13.803680981595091,0.0,0.0,0.0,0.5521472392638037,0.0,1.1042944785276074,0.5521472392638037,0.5521472392638037,0.005521472392638037,1,0.7575757575757576,1,1.0,1,0.0,-0.01,Midfielder,0.0,0.0
1169,2022,Mateo Kovačić,Croatia,7,0,3,0.35,456,416,9,27,8,32,4,3,1,0,14,10,647,Left Center Midfield,0.0,0.41731066460587324,63.431221020092735,57.867078825347754,1.2519319938176197,3.7557959814528594,1.1128284389489953,4.451313755795981,0.5564142194744977,0.41731066460587324,1.947449768160742,1.3910355486862442,0.04868624420401854,1,0.9122807017543859,1,0.7142857142857143,1,0.0,-0.35,Midfielder,0.1391035548686244,0.0
1170,2022,Mason Mount,England,4,0,4,0.18,74,64,1,8,1,7,0,8,0,0,4,3,347,Center Attacking Midfield,0.0,1.037463976945245,19.19308357348703,16.59942363112392,0.25936599423631124,2.07492795389049,0.25936599423631124,1.8155619596541785,0.0,2.07492795389049,1.037463976945245,0.7780979827089337,0.04668587896253602,1,0.8648648648648649,1,0.75,1,0.0,-0.18,Midfielder,0.0,0.0
1171,2022,Martin Hongla Yma II,Cameroon,2,0,1,0.08,64,52,2,0,3,3,0,1,0,0,2,2,121,Left Center Midfield,0.0,0.743801652892562,47.603305785123965,38.67768595041322,1.487603305785124,0.0,2.2314049586776856,2.2314049586776856,0.0,0.743801652892562,1.487603305785124,1.487603305785124,0.05950413223140495,1,0.8125,1,1.0,1,0.0,-0.08,Midfielder,0.0,0.0
1172,2022,Mohamed Dräger,Tunisia,2,0,4,0.3,51,35,1,5,3,4,1,3,0,0,4,2,136,Right Wing Back,0.0,2.6470588235294117,33.75,23.161764705882355,0.6617647058823529,3.308823529411765,1.9852941176470589,2.6470588235294117,0.6617647058823529,1.9852941176470589,2.6470588235294117,1.3235294117647058,0.19852941176470587,1,0.6862745098039216,1,0.5,1,0.0,-0.3,Defender,0.0,0.0
1173,2022,Min Jae Kim,South Korea,3,0,2,0.11,187,165,0,5,4,12,0,0,0,0,1,1,280,Right Center Back,0.0,0.6428571428571428,60.107142857142854,53.035714285714285,0.0,1.6071428571428572,1.2857142857142856,3.857142857142857,0.0,0.0,0.3214285714285714,0.3214285714285714,0.03535714285714286,1,0.8823529411764706,1,1.0,1,0.0,-0.11,Defender,0.0,0.0
1174,2022,Miloš Degenek,Australia,4,0,0,0.0,97,69,0,10,0,7,0,2,2,0,3,1,356,Right Back,0.0,0.0,24.52247191011236,17.4438202247191,0.0,2.528089887640449,0.0,1.7696629213483146,0.0,0.5056179775280899,0.7584269662921348,0.25280898876404495,0.0,1,0.711340206185567,1,0.3333333333333333,0,0.0,0.0,Defender,0.5056179775280899,0.0
1175,2022,Milos Veljkovic,Serbia,3,0,0,0.0,112,99,0,6,0,4,0,1,0,0,0,0,227,Center Back,0.0,0.0,44.40528634361234,39.25110132158591,0.0,2.378854625550661,0.0,1.5859030837004406,0.0,0.39647577092511016,0.0,0.0,0.0,1,0.8839285714285714,0,0.0,0,0.0,0.0,Defender,0.0,0.0
1176,2022,Milan Borjan,Canada,3,0,0,0.0,96,75,0,0,0,19,0,0,0,0,0,0,280,Goalkeeper,0.0,0.0,30.857142857142858,24.107142857142858,0.0,0.0,0.0,6.107142857142857,0.0,0.0,0.0,0.0,0.0,1,0.78125,0,0.0,0,0.0,0.0,Goalkeeper,0.0,0.0
1177,2022,Milad Mohammadi,Iran,3,0,0,0.0,66,45,0,10,3,4,1,3,0,0,3,1,208,Left Back,0.0,0.0,28.55769230769231,19.471153846153847,0.0,4.3269230769230775,1.2980769230769231,1.7307692307692308,0.4326923076923077,1.2980769230769231,1.2980769230769231,0.4326923076923077,0.0,1,0.6818181818181818,1,0.3333333333333333,0,0.0,0.0,Defender,0.0,0.0
1178,2022,Mikkel Damsgaard,Denmark,3,0,0,0.0,71,57,3,5,2,7,0,2,0,0,0,0,261,Left Wing,0.0,0.0,24.482758620689655,19.655172413793103,1.0344827586206897,1.7241379310344829,0.6896551724137931,2.413793103448276,0.0,0.6896551724137931,0.0,0.0,0.0,1,0.8028169014084507,0,0.0,0,0.0,0.0,Forward,0.0,0.0
1179,2022,Michel Aebischer,Switzerland,1,0,0,0.0,4,2,0,0,0,0,0,1,0,0,0,0,94,Center Attacking Midfield,0.0,0.0,3.829787234042553,1.9148936170212765,0.0,0.0,0.0,0.0,0.0,0.9574468085106382,0.0,0.0,0.0,1,0.5,0,0.0,0,0.0,0.0,Midfielder,0.0,0.0
1180,2022,Michał Skóraś,Poland,1,0,1,0.03,9,8,0,0,1,0,0,1,0,0,0,0,93,Right Midfield,0.0,0.9677419354838709,8.709677419354838,7.741935483870967,0.0,0.0,0.9677419354838709,0.0,0.0,0.9677419354838709,0.0,0.0,0.029032258064516123,1,0.8888888888888888,0,0.0,1,0.0,-0.03,Midfielder,0.0,0.0
1181,2022,Michael Steveen Estrada Martínez,Ecuador,3,0,3,0.25,43,30,1,20,0,4,0,6,0,0,2,2,225,Center Forward,0.0,1.2,17.2,12.0,0.4,8.0,0.0,1.6,0.0,2.4,0.8,0.8,0.1,1,0.6976744186046512,1,1.0,1,0.0,-0.25,Forward,0.0,0.0
1182,2022,Meshaal Aissa Barsham,Qatar,2,0,0,0.0,63,44,1,0,0,8,0,0,0,0,0,0,185,Goalkeeper,0.0,0.0,30.648648648648653,21.405405405405407,0.4864864864864865,0.0,0.0,3.891891891891892,0.0,0.0,0.0,0.0,0.0,1,0.6984126984126984,0,0.0,0,0.0,0.0,Goalkeeper,0.0,0.0
1183,2022,Mehdi Torabi,Iran,3,0,2,0.1,37,31,2,1,3,6,0,0,0,0,2,1,290,Left Midfield,0.0,0.6206896551724138,11.482758620689655,9.620689655172413,0.6206896551724138,0.3103448275862069,0.9310344827586207,1.8620689655172413,0.0,0.0,0.6206896551724138,0.3103448275862069,0.03103448275862069,1,0.8378378378378378,1,0.5,1,0.0,-0.1,Midfielder,0.0,0.0
1184,2022,Moon-Hwan Kim,South Korea,4,0,0,0.0,242,205,2,11,9,19,1,1,0,0,3,2,385,Right Back,0.0,0.0,56.57142857142857,47.922077922077925,0.4675324675324675,2.5714285714285716,2.103896103896104,4.441558441558442,0.23376623376623376,0.23376623376623376,0.7012987012987013,0.4675324675324675,0.0,1,0.8471074380165289,1,0.6666666666666666,0,0.0,0.0,Defender,0.0,0.0
1185,2022,Montassar Omar Talbi,Tunisia,3,0,1,0.01,133,115,0,11,3,16,1,3,0,0,1,1,290,Left Center Back,0.0,0.3103448275862069,41.275862068965516,35.689655172413794,0.0,3.413793103448276,0.9310344827586207,4.9655172413793105,0.3103448275862069,0.9310344827586207,0.3103448275862069,0.3103448275862069,0.003103448275862069,1,0.8646616541353384,1,1.0,1,0.0,-0.01,Defender,0.0,0.0
1186,2022,Mohammed Waed Abdulwahhab Al Bayati,Qatar,2,0,0,0.0,12,9,0,2,1,0,0,1,0,0,0,0,188,Left Center Back,0.0,0.0,5.74468085106383,4.308510638297872,0.0,0.9574468085106382,0.4787234042553191,0.0,0.0,0.4787234042553191,0.0,0.0,0.0,1,0.75,0,0.0,0,0.0,0.0,Defender,0.0,0.0
1187,2022,Mohammed Khalil Al Owais,Saudi Arabia,3,0,0,0.0,98,53,0,0,0,15,0,0,0,0,0,0,290,Goalkeeper,0.0,0.0,30.413793103448274,16.448275862068964,0.0,0.0,0.0,4.655172413793103,0.0,0.0,0.0,0.0,0.0,1,0.5408163265306123,0,0.0,0,0.0,0.0,Goalkeeper,0.0,0.0
1188,2022,Mohammed Kanoo,Saudi Arabia,3,0,6,0.32,145,118,0,13,2,18,2,8,0,0,8,5,294,Right Defensive Midfield,0.0,1.836734693877551,44.38775510204082,36.12244897959184,0.0,3.979591836734694,0.6122448979591837,5.510204081632653,0.6122448979591837,2.4489795918367347,2.4489795918367347,1.530612244897959,0.0979591836734694,1,0.8137931034482758,1,0.625,1,0.0,-0.32,Midfielder,0.0,0.0
1189,2022,Mohammed Al Burayk,Saudi Arabia,2,0,2,0.37,48,39,1,6,1,5,0,0,0,0,1,1,167,Left Back,0.0,1.0778443113772456,25.86826347305389,21.017964071856287,0.5389221556886228,3.2335329341317363,0.5389221556886228,2.6946107784431135,0.0,0.0,0.5389221556886228,0.5389221556886228,0.19940119760479041,1,0.8125,1,1.0,1,0.0,-0.37,Defender,0.0,0.0
1190,2022,Mohammad Hossein Kanani Zadegan,Iran,2,0,0,0.0,11,8,0,0,2,0,0,0,0,0,0,0,177,Right Center Back,0.0,0.0,5.593220338983051,4.067796610169491,0.0,0.0,1.0169491525423728,0.0,0.0,0.0,0.0,0.0,0.0,1,0.7272727272727273,0,0.0,0,0.0,0.0,Defender,0.0,0.0
1191,1970,Everaldo Marques da Silva,Brazil,5,0,5,0.09,222,185,5,13,11,27,0,8,0,0,7,7,412,Left Back,0.0,1.0922330097087378,48.49514563106796,40.4126213592233,1.0922330097087378,2.8398058252427187,2.4029126213592233,5.898058252427185,0.0,1.7475728155339807,1.529126213592233,1.529126213592233,0.01966019417475728,1,0.8333333333333334,1,1.0,1,0.0,-0.09,Defender,0.0,0.0
1192,2022,Ngoran Suiru Fai Collins,Cameroon,3,0,1,0.01,152,103,2,8,7,10,0,6,2,0,0,0,278,Right Back,0.0,0.3237410071942446,49.20863309352518,33.34532374100719,0.6474820143884892,2.5899280575539567,2.2661870503597124,3.237410071942446,0.0,1.9424460431654675,0.0,0.0,0.003237410071942446,1,0.6776315789473685,0,0.0,1,0.0,-0.01,Defender,0.6474820143884892,0.0
1193,2022,Nemanja Radonjić,Serbia,3,0,2,0.05,23,16,2,1,0,2,0,0,0,0,2,0,291,Right Wing Back,0.0,0.6185567010309279,7.11340206185567,4.948453608247423,0.6185567010309279,0.30927835051546393,0.0,0.6185567010309279,0.0,0.0,0.6185567010309279,0.0,0.015463917525773196,1,0.6956521739130435,1,0.0,1,0.0,-0.05,Defender,0.0,0.0
1194,2022,Nemanja Maksimović,Serbia,3,0,0,0.0,57,51,2,7,2,5,0,0,0,0,0,0,286,Right Defensive Midfield,0.0,0.0,17.937062937062937,16.04895104895105,0.6293706293706294,2.202797202797203,0.6293706293706294,1.5734265734265735,0.0,0.0,0.0,0.0,0.0,1,0.8947368421052632,0,0.0,0,0.0,0.0,Midfielder,0.0,0.0
1195,2022,Nemanja Gudelj,Serbia,2,0,0,0.0,55,46,0,3,1,3,0,3,2,0,0,0,153,Left Defensive Midfield,0.0,0.0,32.35294117647059,27.058823529411764,0.0,1.7647058823529411,0.5882352941176471,1.7647058823529411,0.0,1.7647058823529411,0.0,0.0,0.0,1,0.8363636363636363,0,0.0,0,0.0,0.0,Midfielder,1.1764705882352942,0.0
1196,2022,Neco Williams,Wales,3,0,3,0.08,97,71,0,7,4,19,2,4,0,0,7,1,213,Left Wing Back,0.0,1.267605633802817,40.985915492957744,30.0,0.0,2.9577464788732395,1.6901408450704225,8.028169014084506,0.8450704225352113,1.6901408450704225,2.9577464788732395,0.4225352112676056,0.033802816901408454,1,0.7319587628865979,1,0.14285714285714285,1,0.0,-0.08,Defender,0.0,0.0
1197,2022,Naïm Sliti,Tunisia,2,0,1,0.14,50,29,2,3,1,7,1,0,0,0,6,4,190,Right Wing,0.0,0.47368421052631576,23.684210526315788,13.736842105263158,0.9473684210526315,1.4210526315789473,0.47368421052631576,3.3157894736842106,0.47368421052631576,0.0,2.8421052631578947,1.894736842105263,0.06631578947368422,1,0.58,1,0.6666666666666666,1,0.0,-0.14,Forward,0.0,0.0
1198,2022,Nayef Aguerd,Morocco,4,0,1,0.25,154,133,1,8,4,6,1,2,0,0,0,0,354,Right Center Back,0.0,0.2542372881355932,39.152542372881356,33.8135593220339,0.2542372881355932,2.0338983050847457,1.0169491525423728,1.5254237288135595,0.2542372881355932,0.5084745762711864,0.0,0.0,0.0635593220338983,1,0.8636363636363636,0,0.0,1,0.0,-0.25,Defender,0.0,0.0
1199,2022,Nawaf Shaker Al Abid,Saudi Arabia,2,0,2,0.11,38,34,1,3,1,4,0,2,0,0,3,1,181,Center Attacking Midfield,0.0,0.994475138121547,18.895027624309392,16.906077348066297,0.4972375690607735,1.4917127071823204,0.4972375690607735,1.988950276243094,0.0,0.994475138121547,1.4917127071823204,0.4972375690607735,0.054696132596685085,1,0.8947368421052632,1,0.3333333333333333,1,0.0,-0.11,Midfielder,0.0,0.0
1200,2022,Nathan Aké,Netherlands,5,0,0,0.0,352,319,0,17,10,12,0,5,1,0,0,0,492,Left Center Back,0.0,0.0,64.39024390243902,58.353658536585364,0.0,3.1097560975609757,1.829268292682927,2.1951219512195124,0.0,0.9146341463414634,0.0,0.0,0.0,1,0.90625,0,0.0,0,0.0,0.0,Defender,0.18292682926829268,0.0
1201,2022,Nasser Al Dawsari,Saudi Arabia,1,0,0,0.0,10,10,1,2,0,1,0,1,0,0,0,0,97,Left Defensive Midfield,0.0,0.0,9.278350515463918,9.278350515463918,0.9278350515463918,1.8556701030927836,0.0,0.9278350515463918,0.0,0.9278350515463918,0.0,0.0,0.0,1,1.0,0,0.0,0,0.0,0.0,Midfielder,0.0,0.0
1202,2022,Nampalys Mendy,Senegal,4,0,2,0.09,162,145,1,6,1,19,1,5,1,0,3,2,363,Left Defensive Midfield,0.0,0.49586776859504134,40.16528925619835,35.950413223140494,0.24793388429752067,1.4876033057851241,0.24793388429752067,4.710743801652892,0.24793388429752067,1.2396694214876034,0.7438016528925621,0.49586776859504134,0.02231404958677686,1,0.8950617283950617,1,0.6666666666666666,1,0.0,-0.09,Midfielder,0.24793388429752067,0.0
1203,2022,Nader Ghandri,Tunisia,1,0,0,0.0,30,27,0,3,1,2,0,0,0,0,0,0,97,Center Back,0.0,0.0,27.835051546391753,25.051546391752577,0.0,2.7835051546391756,0.9278350515463918,1.8556701030927836,0.0,0.0,0.0,0.0,0.0,1,0.9,0,0.0,0,0.0,0.0,Defender,0.0,0.0
1204,2022,Munir Mohand Mohamedi,Morocco,1,0,0,0.0,27,18,0,0,0,5,0,0,0,0,0,0,94,Goalkeeper,0.0,0.0,25.851063829787233,17.23404255319149,0.0,0.0,0.0,4.787234042553191,0.0,0.0,0.0,0.0,0.0,1,0.6666666666666666,0,0.0,0,0.0,0.0,Goalkeeper,0.0,0.0
1205,2022,Mosaab Khoder Jibril,Qatar,1,0,0,0.0,3,3,0,1,0,0,0,0,0,0,0,0,95,Right Wing Back,0.0,0.0,2.8421052631578947,2.8421052631578947,0.0,0.9473684210526315,0.0,0.0,0.0,0.0,0.0,0.0,0.0,1,1.0,0,0.0,0,0.0,0.0,Defender,0.0,0.0
1206,2022,Morteza Pouraliganji,Iran,3,0,2,0.27,128,93,2,6,8,8,0,6,1,0,0,0,293,Left Center Back,0.0,0.6143344709897611,39.31740614334471,28.56655290102389,0.6143344709897611,1.8430034129692834,2.4573378839590445,2.4573378839590445,0.0,1.8430034129692834,0.0,0.0,0.08293515358361775,1,0.7265625,0,0.0,1,0.0,-0.27,Defender,0.30716723549488056,0.0
1207,2022,Noussair Mazraoui,Morocco,5,0,4,0.15,121,103,1,18,1,14,0,3,0,0,2,0,363,Left Back,0.0,0.9917355371900827,30.0,25.537190082644628,0.24793388429752067,4.462809917355372,0.24793388429752067,3.4710743801652892,0.0,0.7438016528925621,0.49586776859504134,0.0,0.0371900826446281,1,0.8512396694214877,1,0.0,1,0.0,-0.15,Defender,0.0,0.0
1208,2022,Nouhou Tolo,Cameroon,3,0,0,0.0,106,81,0,12,9,8,2,3,1,0,2,1,281,Left Back,0.0,0.0,33.95017793594306,25.94306049822064,0.0,3.8434163701067616,2.882562277580071,2.5622775800711746,0.6405693950177936,0.9608540925266904,0.6405693950177936,0.3202846975088968,0.0,1,0.7641509433962265,1,0.5,0,0.0,0.0,Defender,0.3202846975088968,0.0
1209,2022,Noah Okafor,Switzerland,3,0,1,0.03,21,17,1,0,0,3,1,2,0,0,0,0,286,Right Wing,0.0,0.3146853146853147,6.608391608391609,5.34965034965035,0.3146853146853147,0.0,0.0,0.9440559440559441,0.3146853146853147,0.6293706293706294,0.0,0.0,0.00944055944055944,1,0.8095238095238095,0,0.0,1,0.0,-0.03,Forward,0.0,0.0
1210,2022,Noa Lang,Netherlands,1,0,0,0.0,3,0,0,0,1,1,0,0,0,0,0,0,127,Left Midfield,0.0,0.0,2.1259842519685037,0.0,0.0,0.0,0.7086614173228346,0.7086614173228346,0.0,0.0,0.0,0.0,0.0,1,0.0,0,0.0,0,0.0,0.0,Midfielder,0.0,0.0
1211,2022,Nikola Milenković,Serbia,3,0,3,0.12,157,136,0,12,6,6,1,9,1,0,0,0,284,Right Center Back,0.0,0.9507042253521127,49.75352112676057,43.098591549295776,0.0,3.802816901408451,1.9014084507042255,1.9014084507042255,0.31690140845070425,2.852112676056338,0.0,0.0,0.038028169014084505,1,0.8662420382165605,0,0.0,1,0.0,-0.12,Defender,0.31690140845070425,0.0
1212,2022,Niklas Süle,Germany,3,0,1,0.08,252,233,0,6,1,13,0,0,0,0,0,0,282,Right Center Back,0.0,0.3191489361702128,80.42553191489361,74.36170212765957,0.0,1.9148936170212767,0.3191489361702128,4.148936170212766,0.0,0.0,0.0,0.0,0.025531914893617023,1,0.9246031746031746,0,0.0,1,0.0,-0.08,Defender,0.0,0.0
1213,2022,Nicolás Hernán Otamendi,Argentina,7,0,1,0.05,565,528,1,26,10,28,0,13,0,0,0,0,724,Left Center Back,0.0,0.12430939226519337,70.23480662983425,65.6353591160221,0.12430939226519337,3.2320441988950277,1.2430939226519337,3.4806629834254146,0.0,1.6160220994475138,0.0,0.0,0.006215469613259669,1,0.9345132743362832,0,0.0,1,0.0,-0.05,Defender,0.0,0.0
1214,2022,Nicolás Alejandro Tagliafico,Argentina,6,0,3,0.91,182,153,2,12,4,13,4,7,0,0,3,1,592,Left Back,0.0,0.4560810810810811,27.66891891891892,23.260135135135137,0.30405405405405406,1.8243243243243243,0.6081081081081081,1.9763513513513515,0.6081081081081081,1.0641891891891893,0.4560810810810811,0.15202702702702703,0.1383445945945946,1,0.8406593406593407,1,0.3333333333333333,1,0.0,-0.91,Defender,0.0,0.0
1215,2022,Nicolas Moumi Ngamaleu,Cameroon,2,0,0,0.0,24,21,1,4,1,5,0,3,0,0,3,3,175,Left Midfield,0.0,0.0,12.342857142857143,10.8,0.5142857142857143,2.0571428571428574,0.5142857142857143,2.5714285714285716,0.0,1.542857142857143,1.542857142857143,1.542857142857143,0.0,1,0.875,1,1.0,0,0.0,0.0,Midfielder,0.0,0.0
1216,2022,Nicolas Jackson,Senegal,1,0,0,0.0,10,9,0,2,0,2,0,1,0,0,0,0,97,Right Wing,0.0,0.0,9.278350515463918,8.350515463917526,0.0,1.8556701030927836,0.0,1.8556701030927836,0.0,0.9278350515463918,0.0,0.0,0.0,1,0.9,0,0.0,0,0.0,0.0,Forward,0.0,0.0
1217,2022,Nicolas Alexis Julio N'Koulou Ndoubena,Cameroon,2,0,3,0.38,93,79,0,4,3,12,0,2,1,0,1,1,183,Left Center Back,0.0,1.4754098360655739,45.73770491803279,38.852459016393446,0.0,1.9672131147540985,1.4754098360655739,5.901639344262295,0.0,0.9836065573770493,0.49180327868852464,0.49180327868852464,0.18688524590163935,1,0.8494623655913979,1,1.0,1,0.0,-0.38,Defender,0.49180327868852464,0.0
1218,2022,Nicola Zalewski,Poland,2,0,0,0.0,18,16,0,5,0,2,1,1,0,0,0,0,135,Left Midfield,0.0,0.0,12.0,10.666666666666666,0.0,3.3333333333333335,0.0,1.3333333333333333,0.6666666666666666,0.6666666666666666,0.0,0.0,0.0,1,0.8888888888888888,0,0.0,0,0.0,0.0,Midfielder,0.0,0.0
1219,2022,Nico Schlotterbeck,Germany,2,0,0,0.0,123,112,2,4,2,8,0,3,0,0,2,0,192,Left Center Back,0.0,0.0,57.65625,52.5,0.9375,1.875,0.9375,3.75,0.0,1.40625,0.9375,0.0,0.0,1,0.9105691056910569,1,0.0,0,0.0,0.0,Defender,0.0,0.0
1220,2022,Nico Elvedi,Switzerland,2,0,1,0.19,141,132,0,6,3,6,0,3,1,0,0,0,187,Left Center Back,0.0,0.48128342245989303,67.86096256684492,63.52941176470588,0.0,2.887700534759358,1.443850267379679,2.887700534759358,0.0,1.443850267379679,0.0,0.0,0.09144385026737967,1,0.9361702127659575,0,0.0,1,0.0,-0.19,Defender,0.48128342245989303,0.0
1221,2022,Nicholas Williams Arthuer,Spain,4,0,0,0.0,62,52,0,6,1,7,1,0,0,0,13,7,361,Right Wing,0.0,0.0,15.457063711911358,12.96398891966759,0.0,1.4958448753462603,0.24930747922437674,1.745152354570637,0.24930747922437674,0.0,3.2409972299168976,1.745152354570637,0.0,1,0.8387096774193549,1,0.5384615384615384,0,0.0,0.0,Forward,0.0,0.0
1222,2022,Pedro Miguel Correia,Qatar,3,0,2,0.04,115,83,0,9,6,10,0,4,0,0,3,2,269,Right Center Back,0.0,0.6691449814126395,38.47583643122677,27.769516728624534,0.0,3.0111524163568775,2.007434944237918,3.345724907063197,0.0,1.338289962825279,1.003717472118959,0.6691449814126395,0.013382899628252789,1,0.7217391304347827,1,0.6666666666666666,1,0.0,-0.04,Defender,0.0,0.0
1223,2022,Pedro González López,Spain,4,0,0,0.0,426,395,5,7,6,29,1,2,0,0,10,5,367,Left Center Midfield,0.0,0.0,104.46866485013625,96.86648501362399,1.226158038147139,1.7166212534059946,1.471389645776567,7.111716621253406,0.2452316076294278,0.4904632152588556,2.452316076294278,1.226158038147139,0.0,1,0.9272300469483568,1,0.5,0,0.0,0.0,Midfielder,0.0,0.0
1224,2022,Pau Francisco Torres,Spain,1,0,0,0.0,190,171,0,1,2,5,0,1,0,0,0,0,96,Left Center Back,0.0,0.0,178.125,160.3125,0.0,0.9375,1.875,4.6875,0.0,0.9375,0.0,0.0,0.0,1,0.9,0,0.0,0,0.0,0.0,Defender,0.0,0.0
1225,2022,Pathé Ismaël Ciss,Senegal,3,0,1,0.03,60,51,0,5,1,9,1,4,1,0,2,1,214,Right Defensive Midfield,0.0,0.4205607476635514,25.233644859813083,21.448598130841123,0.0,2.102803738317757,0.4205607476635514,3.7850467289719627,0.4205607476635514,1.6822429906542056,0.8411214953271028,0.4205607476635514,0.012616822429906542,1,0.85,1,0.5,1,0.0,-0.03,Midfielder,0.4205607476635514,0.0
1226,2022,Pape Matar Sarr,Senegal,2,0,4,0.09,47,40,1,3,1,2,0,0,0,0,1,0,189,Center Attacking Midfield,0.0,1.9047619047619047,22.38095238095238,19.047619047619047,0.47619047619047616,1.4285714285714286,0.47619047619047616,0.9523809523809523,0.0,0.0,0.47619047619047616,0.0,0.04285714285714285,1,0.851063829787234,1,0.0,1,0.0,-0.09,Midfielder,0.0,0.0
1227,2022,Pape Gueye,Senegal,3,0,4,0.09,61,46,2,6,1,11,1,3,0,0,2,0,282,Left Defensive Midfield,0.0,1.2765957446808511,19.46808510638298,14.680851063829788,0.6382978723404256,1.9148936170212767,0.3191489361702128,3.5106382978723403,0.3191489361702128,0.9574468085106383,0.6382978723404256,0.0,0.02872340425531915,1,0.7540983606557377,1,0.0,1,0.0,-0.09,Midfielder,0.0,0.0
1228,2022,Pape Abou Cissé,Senegal,3,0,0,0.0,38,30,0,3,1,1,0,1,0,0,1,1,288,Left Center Back,0.0,0.0,11.875,9.375,0.0,0.9375,0.3125,0.3125,0.0,0.3125,0.3125,0.3125,0.0,1,0.7894736842105263,1,1.0,0,0.0,0.0,Defender,0.0,0.0
1229,2022,Pablo Sarabia García,Spain,1,0,2,0.89,5,2,2,0,0,1,0,0,0,0,0,0,122,Right Wing,0.0,1.4754098360655736,3.6885245901639343,1.4754098360655736,1.4754098360655736,0.0,0.0,0.7377049180327868,0.0,0.0,0.0,0.0,0.6565573770491803,1,0.4,0,0.0,1,0.0,-0.89,Forward,0.0,0.0
1230,2022,Ousmane Dembélé,France,7,0,8,0.36,191,149,10,12,3,22,1,8,1,0,18,8,523,Right Wing,0.0,1.3766730401529637,32.86806883365201,25.640535372848948,1.7208413001912046,2.0650095602294454,0.5162523900573613,3.78585086042065,0.17208413001912046,1.3766730401529637,3.0975143403441683,1.3766730401529637,0.061950286806883366,1,0.7801047120418848,1,0.4444444444444444,1,0.0,-0.36,Forward,0.17208413001912046,0.0
1231,2022,Otávio Edmilson da Silva Monteiro,Portugal,3,0,3,0.1,131,101,4,8,0,9,0,6,0,0,2,0,196,Left Center Midfield,0.0,1.3775510204081634,60.153061224489804,46.37755102040817,1.8367346938775513,3.6734693877551026,0.0,4.13265306122449,0.0,2.7551020408163267,0.9183673469387756,0.0,0.045918367346938785,1,0.7709923664122137,1,0.0,1,0.0,-0.1,Midfielder,0.0,0.0
1232,2022,Néstor Alejandro Araújo Razo,Mexico,1,0,0,0.0,56,47,0,2,2,6,0,2,1,0,0,0,96,Right Center Back,0.0,0.0,52.5,44.0625,0.0,1.875,1.875,5.625,0.0,1.875,0.0,0.0,0.0,1,0.8392857142857143,0,0.0,0,0.0,0.0,Defender,0.9375,0.0
1233,2022,Pierre-Emile Højbjerg,Denmark,3,0,2,0.02,224,200,1,13,2,19,0,0,0,0,2,1,273,Right Defensive Midfield,0.0,0.6593406593406593,73.84615384615385,65.93406593406594,0.32967032967032966,4.285714285714286,0.6593406593406593,6.263736263736264,0.0,0.0,0.6593406593406593,0.32967032967032966,0.006593406593406593,1,0.8928571428571429,1,0.5,1,0.0,-0.02,Midfielder,0.0,0.0
1234,2022,Pierre Kunde Malong,Cameroon,2,0,5,0.19,51,39,1,5,3,8,1,4,1,0,0,0,134,Right Defensive Midfield,0.0,3.3582089552238803,34.25373134328358,26.19402985074627,0.6716417910447761,3.3582089552238803,2.014925373134328,5.3731343283582085,0.6716417910447761,2.6865671641791042,0.0,0.0,0.12761194029850745,1,0.7647058823529411,0,0.0,1,0.0,-0.19,Midfielder,0.6716417910447761,0.0
1235,2022,Piero Martín Hincapié Reyna,Ecuador,3,0,0,0.0,199,171,0,10,5,8,0,5,0,0,0,0,283,Left Center Back,0.0,0.0,63.28621908127209,54.381625441696116,0.0,3.1802120141342756,1.5901060070671378,2.5441696113074204,0.0,1.5901060070671378,0.0,0.0,0.0,1,0.8592964824120602,0,0.0,0,0.0,0.0,Defender,0.0,0.0
1236,2022,Philip Foden,England,2,0,1,0.02,61,49,3,5,2,4,0,0,0,0,3,2,148,Left Wing,0.0,0.6081081081081081,37.0945945945946,29.7972972972973,1.8243243243243243,3.040540540540541,1.2162162162162162,2.4324324324324325,0.0,0.0,1.8243243243243243,1.2162162162162162,0.012162162162162163,1,0.8032786885245902,1,0.6666666666666666,1,0.0,-0.02,Forward,0.0,0.0
1237,2022,Pervis Josué Estupiñán Tenorio,Ecuador,3,0,2,0.27,187,146,4,10,5,17,0,7,0,0,8,3,285,Left Back,0.0,0.6315789473684211,59.05263157894737,46.10526315789474,1.2631578947368423,3.1578947368421053,1.5789473684210527,5.368421052631579,0.0,2.210526315789474,2.5263157894736845,0.9473684210526316,0.08526315789473685,1,0.7807486631016043,1,0.375,1,0.0,-0.27,Defender,0.0,0.0
1238,1970,Bohumil Vesely,Czechoslovakia,1,0,1,0.08,4,4,0,0,0,1,0,0,0,0,1,0,90,Right Midfield,0.0,1.0,4.0,4.0,0.0,0.0,0.0,1.0,0.0,0.0,1.0,0.0,0.08,1,1.0,1,0.0,1,0.0,-0.08,Midfielder,0.0,0.0
1239,1970,Antonio Juliano,Italy,1,0,1,0.04,12,9,0,0,0,4,0,0,0,0,1,0,91,Center Defensive Midfield,0.0,0.989010989010989,11.868131868131869,8.901098901098901,0.0,0.0,0.0,3.956043956043956,0.0,0.0,0.989010989010989,0.0,0.039560439560439566,1,0.75,1,0.0,1,0.0,-0.04,Midfielder,0.0,0.0
1240,1970,Andrej Kvašňák,Czechoslovakia,1,0,0,0.0,25,20,2,3,0,0,0,2,0,0,3,1,91,Left Defensive Midfield,0.0,0.0,24.725274725274726,19.78021978021978,1.978021978021978,2.967032967032967,0.0,0.0,0.0,1.978021978021978,2.967032967032967,0.989010989010989,0.0,1,0.8,1,0.3333333333333333,0,0.0,0.0,Midfielder,0.0,0.0
1241,1970,Alexander Horvath,Czechoslovakia,1,0,0,0.0,30,26,0,3,3,3,0,1,0,0,0,0,91,Right Center Back,0.0,0.0,29.67032967032967,25.714285714285715,0.0,2.967032967032967,2.967032967032967,2.967032967032967,0.0,0.989010989010989,0.0,0.0,0.0,1,0.8666666666666667,0,0.0,0,0.0,0.0,Defender,0.0,0.0
1242,1970,Alan Patrick Mullery,England,1,0,1,0.08,68,59,2,3,0,5,0,2,0,0,0,0,90,Center Defensive Midfield,0.0,1.0,68.0,59.0,2.0,3.0,0.0,5.0,0.0,2.0,0.0,0.0,0.08,1,0.8676470588235294,0,0.0,1,0.0,-0.08,Midfielder,0.0,0.0
1243,2022,Rodrigo Javier De Paul,Argentina,7,0,7,0.57,563,475,7,15,10,37,4,10,0,0,13,3,626,Right Center Midfield,0.0,1.0063897763578276,80.94249201277955,68.29073482428115,1.0063897763578276,2.1565495207667733,1.4376996805111821,5.319488817891374,0.5750798722044729,1.4376996805111821,1.8690095846645367,0.43130990415335463,0.08194888178913737,1,0.8436944937833037,1,0.23076923076923078,1,0.0,-0.57,Midfielder,0.0,0.0
1244,2022,Rodrigo Hernández Cascante,Spain,4,0,1,0.01,679,644,4,9,4,20,0,6,0,0,0,0,409,Right Center Back,0.0,0.22004889975550124,149.41320293398533,141.71149144254278,0.880195599022005,1.9804400977995111,0.880195599022005,4.400977995110025,0.0,1.3202933985330074,0.0,0.0,0.0022004889975550126,1,0.9484536082474226,0,0.0,1,0.0,-0.01,Defender,0.0,0.0
1245,2022,Rodrigo Bentancur Colmán,Uruguay,3,0,3,0.62,158,134,2,10,9,17,0,5,1,0,5,4,228,Left Defensive Midfield,0.0,1.1842105263157896,62.36842105263158,52.89473684210527,0.7894736842105263,3.947368421052632,3.5526315789473686,6.710526315789474,0.0,1.973684210526316,1.973684210526316,1.5789473684210527,0.24473684210526317,1,0.8481012658227848,1,0.8,1,0.0,-0.62,Midfielder,0.39473684210526316,0.0
1246,2022,Roberto Carlos Alvarado Hernández,Mexico,1,0,0,0.0,11,5,0,0,0,1,0,1,1,0,1,0,95,Left Wing,0.0,0.0,10.421052631578947,4.7368421052631575,0.0,0.0,0.0,0.9473684210526315,0.0,0.9473684210526315,0.9473684210526315,0.0,0.0,1,0.45454545454545453,1,0.0,0,0.0,0.0,Forward,0.9473684210526315,0.0
1247,2022,Robert Skov,Denmark,1,0,0,0.0,21,16,0,1,1,2,0,1,1,0,2,1,94,Left Back,0.0,0.0,20.106382978723403,15.319148936170212,0.0,0.9574468085106382,0.9574468085106382,1.9148936170212765,0.0,0.9574468085106382,1.9148936170212765,0.9574468085106382,0.0,1,0.7619047619047619,1,0.5,0,0.0,0.0,Defender,0.9574468085106382,0.0
1248,2022,Roan Roberto Wilson Gordon,Costa Rica,1,0,0,0.0,6,6,0,1,0,1,1,0,0,0,0,0,99,Left Defensive Midfield,0.0,0.0,5.454545454545454,5.454545454545454,0.0,0.9090909090909091,0.0,0.9090909090909091,0.9090909090909091,0.0,0.0,0.0,0.0,1,1.0,0,0.0,0,0.0,0.0,Midfielder,0.0,0.0
1249,2022,Riyadh Sharahili,Saudi Arabia,1,0,0,0.0,19,17,1,2,2,7,0,5,0,0,1,0,96,Right Defensive Midfield,0.0,0.0,17.8125,15.9375,0.9375,1.875,1.875,6.5625,0.0,4.6875,0.9375,0.0,0.0,1,0.8947368421052632,1,0.0,0,0.0,0.0,Midfielder,0.0,0.0
1250,2022,Riley McGree,Australia,4,0,3,0.08,73,57,3,5,6,10,1,10,0,0,1,1,265,Left Center Forward,0.0,1.0188679245283019,24.792452830188676,19.358490566037734,1.0188679245283019,1.6981132075471697,2.0377358490566038,3.3962264150943393,0.33962264150943394,3.3962264150943393,0.33962264150943394,0.33962264150943394,0.027169811320754716,1,0.7808219178082192,1,1.0,1,0.0,-0.08,Forward,0.0,0.0
1251,2022,Richie Laryea,Canada,3,0,2,0.06,45,35,4,5,0,12,1,2,0,0,6,2,227,Right Wing Back,0.0,0.7929515418502203,17.841409691629956,13.876651982378855,1.5859030837004406,1.9823788546255507,0.0,4.757709251101322,0.39647577092511016,0.7929515418502203,2.378854625550661,0.7929515418502203,0.023788546255506606,1,0.7777777777777778,1,0.3333333333333333,1,0.0,-0.06,Defender,0.0,0.0
1252,2022,Ricardo Iván Rodríguez Araya,Switzerland,4,0,0,0.0,227,172,2,8,1,12,1,6,0,0,1,0,373,Left Back,0.0,0.0,54.77211796246648,41.501340482573724,0.4825737265415549,1.9302949061662196,0.24128686327077745,2.8954423592493295,0.24128686327077745,1.4477211796246647,0.24128686327077745,0.0,0.0,1,0.7577092511013216,1,0.0,0,0.0,0.0,Defender,0.0,0.0
1253,2022,Renato Steffen,Switzerland,1,0,0,0.0,13,12,0,0,1,1,0,0,0,0,1,0,92,Right Wing,0.0,0.0,12.717391304347828,11.73913043478261,0.0,0.0,0.9782608695652175,0.9782608695652175,0.0,0.0,0.9782608695652175,0.0,0.0,1,0.9230769230769231,1,0.0,0,0.0,0.0,Forward,0.0,0.0
1254,2022,Raúl Alonso Jiménez Rodríguez,Mexico,3,0,0,0.0,32,19,0,1,1,4,0,2,0,0,0,0,284,Center Forward,0.0,0.0,10.140845070422536,6.021126760563381,0.0,0.31690140845070425,0.31690140845070425,1.267605633802817,0.0,0.6338028169014085,0.0,0.0,0.0,1,0.59375,0,0.0,0,0.0,0.0,Forward,0.0,0.0
1255,2022,Rasmus Nissen Kristensen,Denmark,3,0,0,0.0,178,139,1,12,3,4,0,3,1,0,4,1,232,Right Wing Back,0.0,0.0,69.05172413793103,53.922413793103445,0.3879310344827586,4.655172413793103,1.1637931034482758,1.5517241379310345,0.0,1.1637931034482758,1.5517241379310345,0.3879310344827586,0.0,1,0.7808988764044944,1,0.25,0,0.0,0.0,Defender,0.3879310344827586,0.0
1256,2022,Raphaël Varane,France,6,0,3,0.26,280,251,0,7,6,10,0,1,0,0,1,1,520,Right Center Back,0.0,0.5192307692307693,48.46153846153846,43.44230769230769,0.0,1.2115384615384615,1.0384615384615385,1.7307692307692308,0.0,0.17307692307692307,0.17307692307692307,0.17307692307692307,0.045000000000000005,1,0.8964285714285715,1,1.0,1,0.0,-0.26,Defender,0.0,0.0
1257,2022,Raphael Dias Belloli,Brazil,5,0,8,0.92,150,115,8,16,2,17,0,2,0,0,11,7,400,Right Wing,0.0,1.7999999999999998,33.75,25.875,1.7999999999999998,3.5999999999999996,0.44999999999999996,3.8249999999999997,0.0,0.44999999999999996,2.475,1.575,0.207,1,0.7666666666666667,1,0.6363636363636364,1,0.0,-0.92,Forward,0.0,0.0
1258,2022,Przemysław Frankowski,Poland,4,0,1,0.04,73,51,1,9,3,11,0,2,1,0,1,1,320,Left Midfield,0.0,0.28125,20.53125,14.34375,0.28125,2.53125,0.84375,3.09375,0.0,0.5625,0.28125,0.28125,0.011250000000000001,1,0.6986301369863014,1,1.0,1,0.0,-0.04,Midfielder,0.28125,0.0
1259,2022,Saman Ghoddos,Iran,1,0,1,0.39,21,15,1,2,0,0,0,2,0,0,0,0,97,Left Wing,0.0,0.9278350515463918,19.48453608247423,13.917525773195877,0.9278350515463918,1.8556701030927836,0.0,0.0,0.0,1.8556701030927836,0.0,0.0,0.36185567010309283,1,0.7142857142857143,0,0.0,1,0.0,-0.39,Forward,0.0,0.0
1260,2022,Sam Adekugbe,Canada,3,0,0,0.0,72,62,1,0,0,5,0,1,1,0,1,1,249,Left Back,0.0,0.0,26.02409638554217,22.40963855421687,0.3614457831325301,0.0,0.0,1.8072289156626506,0.0,0.3614457831325301,0.3614457831325301,0.3614457831325301,0.0,1,0.8611111111111112,1,1.0,0,0.0,0.0,Defender,0.3614457831325301,0.0
1261,2022,Salis Abdul Samed,Ghana,3,0,1,0.03,142,130,1,6,7,15,0,5,0,0,5,5,263,Left Defensive Midfield,0.0,0.3422053231939164,48.59315589353612,44.48669201520913,0.3422053231939164,2.0532319391634983,2.3954372623574147,5.133079847908745,0.0,1.711026615969582,1.711026615969582,1.711026615969582,0.01026615969581749,1,0.9154929577464789,1,1.0,1,0.0,-0.03,Midfielder,0.0,0.0
1262,2022,Saeid Ezatolahi Afagh,Iran,3,0,3,0.06,93,71,2,9,1,9,0,2,0,0,0,0,275,Left Defensive Midfield,0.0,0.9818181818181819,30.436363636363637,23.236363636363638,0.6545454545454545,2.9454545454545458,0.32727272727272727,2.9454545454545458,0.0,0.6545454545454545,0.0,0.0,0.019636363636363636,1,0.7634408602150538,0,0.0,1,0.0,-0.06,Midfielder,0.0,0.0
1263,2022,Sadegh Moharrami,Iran,1,0,0,0.0,26,19,0,4,3,4,0,3,0,0,2,1,98,Right Wing Back,0.0,0.0,23.877551020408166,17.448979591836736,0.0,3.6734693877551026,2.7551020408163267,3.6734693877551026,0.0,2.7551020408163267,1.8367346938775513,0.9183673469387756,0.0,1,0.7307692307692307,1,0.5,0,0.0,0.0,Defender,0.0,0.0
1264,2022,Saad Abdullah Al Sheeb,Qatar,1,0,0,0.0,21,17,0,0,0,4,0,1,1,0,0,0,94,Goalkeeper,0.0,0.0,20.106382978723403,16.27659574468085,0.0,0.0,0.0,3.829787234042553,0.0,0.9574468085106382,0.0,0.0,0.0,1,0.8095238095238095,0,0.0,0,0.0,0.0,Goalkeeper,0.9574468085106382,0.0
1265,2022,Rúben Santos Gato Alves Dias,Portugal,4,0,1,0.04,266,246,0,10,3,14,0,4,0,0,0,0,382,Left Center Back,0.0,0.2356020942408377,62.67015706806283,57.95811518324607,0.0,2.356020942408377,0.7068062827225131,3.298429319371728,0.0,0.9424083769633508,0.0,0.0,0.009424083769633508,1,0.924812030075188,0,0.0,1,0.0,-0.04,Defender,0.0,0.0
1266,2022,Rúben Diogo Da Silva Neves,Portugal,5,0,2,0.09,259,238,3,5,2,12,0,5,1,0,0,0,350,Center Defensive Midfield,0.0,0.5142857142857143,66.6,61.2,0.7714285714285715,1.2857142857142858,0.5142857142857143,3.085714285714286,0.0,1.2857142857142858,0.0,0.0,0.023142857142857142,1,0.918918918918919,0,0.0,1,0.0,-0.09,Midfielder,0.2571428571428572,0.0
1267,2022,Rubin Colwill,Wales,1,0,1,0.03,4,2,0,0,0,1,0,0,0,0,0,0,93,Right Defensive Midfield,0.0,0.9677419354838709,3.8709677419354835,1.9354838709677418,0.0,0.0,0.0,0.9677419354838709,0.0,0.0,0.0,0.0,0.029032258064516123,1,0.5,0,0.0,1,0.0,-0.03,Midfielder,0.0,0.0
1268,2022,Ruben Vargas,Switzerland,4,0,3,0.3,114,81,5,9,1,9,0,5,1,0,2,1,284,Left Wing,0.0,0.9507042253521127,36.12676056338028,25.669014084507044,1.5845070422535212,2.852112676056338,0.31690140845070425,2.852112676056338,0.0,1.5845070422535212,0.6338028169014085,0.31690140845070425,0.09507042253521127,1,0.7105263157894737,1,0.5,1,0.0,-0.3,Forward,0.31690140845070425,0.0
1269,2022,Ronald Alberto Matarrita Ulate,Costa Rica,2,0,0,0.0,29,20,0,2,0,2,0,1,0,0,0,0,192,Left Wing Back,0.0,0.0,13.59375,9.375,0.0,0.9375,0.0,0.9375,0.0,0.46875,0.0,0.0,0.0,1,0.6896551724137931,0,0.0,0,0.0,0.0,Defender,0.0,0.0
1270,2022,Romelu Lukaku Menama,Belgium,2,0,5,1.68,9,7,1,0,0,2,0,1,0,0,1,1,185,Center Forward,0.0,2.4324324324324325,4.378378378378379,3.4054054054054057,0.4864864864864865,0.0,0.0,0.972972972972973,0.0,0.4864864864864865,0.4864864864864865,0.4864864864864865,0.8172972972972974,1,0.7777777777777778,1,1.0,1,0.0,-1.68,Forward,0.0,0.0
1271,2022,Romario Andrés Ibarra Mina,Ecuador,2,0,2,0.14,16,11,0,1,0,5,0,0,0,0,1,1,163,Left Midfield,0.0,1.1042944785276074,8.83435582822086,6.07361963190184,0.0,0.5521472392638037,0.0,2.7607361963190185,0.0,0.0,0.5521472392638037,0.5521472392638037,0.07730061349693253,1,0.6875,1,1.0,1,0.0,-0.14,Midfielder,0.0,0.0
1272,2022,Rogelio Gabriel Funes Mori,Mexico,1,0,1,0.07,0,0,0,1,0,0,0,2,0,0,0,0,96,Right Center Forward,0.0,0.9375,0.0,0.0,0.0,0.9375,0.0,0.0,0.0,1.875,0.0,0.0,0.065625,0,0.0,0,0.0,1,0.0,-0.07,Forward,0.0,0.0
1273,2022,Rodrygo Silva de Goes,Brazil,5,0,7,1.25,112,89,4,5,3,10,0,3,0,0,8,2,457,Center Attacking Midfield,0.0,1.3785557986870898,22.056892778993436,17.527352297592998,0.7877461706783371,0.9846827133479212,0.5908096280087528,1.9693654266958425,0.0,0.5908096280087528,1.5754923413566742,0.39387308533916854,0.2461706783369803,1,0.7946428571428571,1,0.25,1,0.0,-1.25,Midfielder,0.0,0.0
1274,2022,Selim Amallah,Morocco,7,0,2,0.11,88,70,3,27,11,15,1,16,0,0,10,5,569,Left Center Midfield,0.0,0.3163444639718805,13.919156414762742,11.072056239015817,0.47451669595782076,4.270650263620387,1.7398945518453428,2.3725834797891037,0.15817223198594024,2.530755711775044,1.5817223198594026,0.7908611599297013,0.01739894551845343,1,0.7954545454545454,1,0.5,1,0.0,-0.11,Midfielder,0.0,0.0
1275,2022,Sebastián Coates Nión,Uruguay,2,0,1,0.1,97,78,0,3,0,8,0,2,1,0,0,0,197,Left Center Back,0.0,0.45685279187817257,44.314720812182735,35.63451776649746,0.0,1.3705583756345177,0.0,3.6548223350253806,0.0,0.9137055837563451,0.0,0.0,0.04568527918781726,1,0.8041237113402062,0,0.0,1,0.0,-0.1,Defender,0.45685279187817257,0.0
1276,2022,Sebastian Szymański,Poland,2,0,0,0.0,40,27,0,7,1,5,1,1,0,0,2,2,134,Left Center Midfield,0.0,0.0,26.865671641791042,18.134328358208954,0.0,4.701492537313433,0.6716417910447761,3.3582089552238803,0.6716417910447761,0.6716417910447761,1.3432835820895521,1.3432835820895521,0.0,1,0.675,1,1.0,0,0.0,0.0,Midfielder,0.0,0.0
1277,2022,Saša Lukić,Serbia,3,0,1,0.04,162,143,0,11,2,15,0,10,1,0,1,0,259,Right Defensive Midfield,0.0,0.3474903474903475,56.293436293436294,49.69111969111969,0.0,3.8223938223938223,0.694980694980695,5.212355212355212,0.0,3.474903474903475,0.3474903474903475,0.0,0.0138996138996139,1,0.8827160493827161,1,0.0,1,0.0,-0.04,Midfielder,0.3474903474903475,0.0
1278,2022,Saud Abdullah Abdul Hamid,Saudi Arabia,3,0,1,0.01,119,91,2,12,4,12,1,7,1,0,4,3,295,Right Back,0.0,0.3050847457627119,36.30508474576271,27.762711864406782,0.6101694915254238,3.6610169491525424,1.2203389830508475,3.6610169491525424,0.3050847457627119,2.135593220338983,1.2203389830508475,0.9152542372881356,0.0030508474576271187,1,0.7647058823529411,1,0.75,1,0.0,-0.01,Defender,0.3050847457627119,0.0
1279,2022,Sardar Azmoun,Iran,3,0,5,0.96,32,18,1,8,0,2,0,2,0,0,0,0,212,Center Forward,0.0,2.1226415094339623,13.584905660377357,7.641509433962264,0.4245283018867924,3.3962264150943393,0.0,0.8490566037735848,0.0,0.8490566037735848,0.0,0.0,0.4075471698113207,1,0.5625,0,0.0,1,0.0,-0.96,Forward,0.0,0.0
1280,2022,Sang-Ho Na,South Korea,2,0,1,0.06,38,25,3,5,0,9,1,2,0,0,6,0,173,Right Wing,0.0,0.5202312138728323,19.76878612716763,13.005780346820808,1.560693641618497,2.601156069364162,0.0,4.682080924855491,0.5202312138728323,1.0404624277456647,3.121387283236994,0.0,0.03121387283236994,1,0.6578947368421053,1,0.0,1,0.0,-0.06,Forward,0.0,0.0
1281,2022,Samuel Yves Oum Gwet,Cameroon,2,0,0,0.0,57,52,0,3,0,10,0,0,0,0,0,0,189,Center Defensive Midfield,0.0,0.0,27.142857142857142,24.76190476190476,0.0,1.4285714285714286,0.0,4.761904761904762,0.0,0.0,0.0,0.0,0.0,1,0.9122807017543859,0,0.0,0,0.0,0.0,Midfielder,0.0,0.0
1282,2022,Shogo Taniguchi,Japan,2,0,2,0.17,86,76,0,5,1,2,0,3,1,0,0,0,209,Left Center Back,0.0,0.8612440191387559,37.0334928229665,32.72727272727273,0.0,2.15311004784689,0.43062200956937796,0.8612440191387559,0.0,1.2918660287081338,0.0,0.0,0.07320574162679426,1,0.8837209302325582,0,0.0,1,0.0,-0.17,Defender,0.43062200956937796,0.0
1283,2022,Shaquell Moore,United States,2,0,0,0.0,21,14,0,2,0,1,0,3,0,0,0,0,190,Right Back,0.0,0.0,9.947368421052632,6.631578947368421,0.0,0.9473684210526315,0.0,0.47368421052631576,0.0,1.4210526315789473,0.0,0.0,0.0,1,0.6666666666666666,0,0.0,0,0.0,0.0,Defender,0.0,0.0
1284,2022,Seyed Majid Hosseini,Iran,3,0,0,0.0,108,87,0,14,4,20,0,5,1,0,1,0,290,Right Center Back,0.0,0.0,33.51724137931034,27.0,0.0,4.344827586206897,1.2413793103448276,6.206896551724138,0.0,1.5517241379310345,0.3103448275862069,0.0,0.0,1,0.8055555555555556,1,0.0,0,0.0,0.0,Defender,0.3103448275862069,0.0
1285,2022,Seyed Hossein Hosseini,Iran,2,0,0,0.0,48,22,0,0,0,10,0,0,0,0,0,0,192,Goalkeeper,0.0,0.0,22.5,10.3125,0.0,0.0,0.0,4.6875,0.0,0.0,0.0,0.0,0.0,1,0.4583333333333333,0,0.0,0,0.0,0.0,Goalkeeper,0.0,0.0
1286,2022,Seung-Gyu Kim,South Korea,4,0,0,0.0,128,94,0,0,0,15,0,0,0,0,0,0,382,Goalkeeper,0.0,0.0,30.157068062827225,22.146596858638745,0.0,0.0,0.0,3.5340314136125652,0.0,0.0,0.0,0.0,0.0,1,0.734375,0,0.0,0,0.0,0.0,Goalkeeper,0.0,0.0
1287,2022,Sergio Rochet Álvarez,Uruguay,3,0,0,0.0,76,53,0,0,0,11,0,1,0,0,0,0,289,Goalkeeper,0.0,0.0,23.66782006920415,16.505190311418684,0.0,0.0,0.0,3.4256055363321796,0.0,0.31141868512110726,0.0,0.0,0.0,1,0.6973684210526315,0,0.0,0,0.0,0.0,Goalkeeper,0.0,0.0
1288,2022,Sergio Busquets i Burgos,Spain,4,0,3,0.89,290,265,3,12,4,12,0,3,1,0,2,2,374,Center Defensive Midfield,0.0,0.7219251336898395,69.78609625668449,63.770053475935825,0.7219251336898395,2.887700534759358,0.9625668449197861,2.887700534759358,0.0,0.7219251336898395,0.48128342245989303,0.48128342245989303,0.21417112299465238,1,0.9137931034482759,1,1.0,1,0.0,-0.89,Midfielder,0.24064171122994651,0.0
1289,2022,Sergino Dest,United States,4,0,6,0.25,201,174,2,10,3,17,0,4,1,0,8,4,306,Right Back,0.0,1.7647058823529411,59.11764705882353,51.1764705882353,0.5882352941176471,2.9411764705882355,0.8823529411764706,5.0,0.0,1.1764705882352942,2.3529411764705883,1.1764705882352942,0.07352941176470588,1,0.8656716417910447,1,0.5,1,0.0,-0.25,Defender,0.29411764705882354,0.0
1290,2022,Tajon Buchanan,Canada,3,0,5,0.71,88,61,3,5,3,15,0,6,1,0,23,10,266,Right Wing Back,0.0,1.6917293233082706,29.774436090225564,20.6390977443609,1.0150375939849623,1.6917293233082706,1.0150375939849623,5.075187969924812,0.0,2.0300751879699246,7.781954887218045,3.3834586466165413,0.2402255639097744,1,0.6931818181818182,1,0.43478260869565216,1,0.0,-0.71,Defender,0.3383458646616541,0.0
1291,2022,Taha Yassine Khenissi,Tunisia,2,0,1,0.01,3,2,1,2,0,3,1,3,1,0,0,0,190,Center Forward,0.0,0.47368421052631576,1.4210526315789473,0.9473684210526315,0.47368421052631576,0.9473684210526315,0.0,1.4210526315789473,0.47368421052631576,1.4210526315789473,0.0,0.0,0.004736842105263158,1,0.6666666666666666,0,0.0,1,0.0,-0.01,Forward,0.47368421052631576,0.0
1292,2022,Sultan Abdullah Salim Al Ghannam,Saudi Arabia,3,0,2,0.24,55,36,1,1,3,5,0,2,0,0,2,1,285,Right Back,0.0,0.6315789473684211,17.36842105263158,11.368421052631579,0.31578947368421056,0.31578947368421056,0.9473684210526316,1.5789473684210527,0.0,0.6315789473684211,0.6315789473684211,0.31578947368421056,0.07578947368421053,1,0.6545454545454545,1,0.5,1,0.0,-0.24,Defender,0.0,0.0
1293,2022,Steven de Sousa Vitoria,Canada,3,0,0,0.0,183,160,0,4,4,11,2,7,1,0,0,0,282,Right Center Back,0.0,0.0,58.40425531914894,51.06382978723404,0.0,1.2765957446808511,1.2765957446808511,3.5106382978723403,0.6382978723404256,2.2340425531914896,0.0,0.0,0.0,1,0.8743169398907104,0,0.0,0,0.0,0.0,Defender,0.3191489361702128,0.0
1294,2022,Steven Bergwijn,Netherlands,4,0,2,0.34,71,65,0,4,0,5,0,2,0,0,4,2,316,Right Center Forward,0.0,0.569620253164557,20.22151898734177,18.512658227848103,0.0,1.139240506329114,0.0,1.4240506329113924,0.0,0.569620253164557,1.139240506329114,0.569620253164557,0.09683544303797469,1,0.9154929577464789,1,0.5,1,0.0,-0.34,Forward,0.0,0.0
1295,2022,Steven Berghuis,Netherlands,4,0,6,0.98,128,98,2,5,0,9,0,4,0,0,5,2,389,Center Attacking Midfield,0.0,1.3881748071979436,29.61439588688946,22.673521850899743,0.46272493573264784,1.1568123393316196,0.0,2.082262210796915,0.0,0.9254498714652957,1.1568123393316196,0.46272493573264784,0.22673521850899744,1,0.765625,1,0.4,1,0.0,-0.98,Midfielder,0.0,0.0
1296,2022,Steve Mandanda,France,1,0,0,0.0,31,18,0,0,0,7,0,0,0,0,0,0,95,Goalkeeper,0.0,0.0,29.36842105263158,17.052631578947366,0.0,0.0,0.0,6.631578947368421,0.0,0.0,0.0,0.0,0.0,1,0.5806451612903226,0,0.0,0,0.0,0.0,Goalkeeper,0.0,0.0
1297,2022,Stephen Antunes Eustáquio,Canada,2,0,3,0.16,93,85,2,3,3,5,0,1,0,0,2,2,128,Left Defensive Midfield,0.0,2.109375,65.390625,59.765625,1.40625,2.109375,2.109375,3.515625,0.0,0.703125,1.40625,1.40625,0.1125,1,0.9139784946236559,1,1.0,1,0.0,-0.16,Midfielder,0.0,0.0
1298,2022,Stefan Mitrović,Serbia,1,0,0,0.0,19,17,0,2,0,0,0,0,0,0,0,0,95,Left Center Back,0.0,0.0,18.0,16.105263157894736,0.0,1.894736842105263,0.0,0.0,0.0,0.0,0.0,0.0,0.0,1,0.8947368421052632,0,0.0,0,0.0,0.0,Defender,0.0,0.0
1299,2022,Srđan Babić,Serbia,1,0,0,0.0,15,11,0,1,0,0,0,0,0,0,0,0,94,Left Center Back,0.0,0.0,14.361702127659573,10.53191489361702,0.0,0.9574468085106382,0.0,0.0,0.0,0.0,0.0,0.0,0.0,1,0.7333333333333333,0,0.0,0,0.0,0.0,Defender,0.0,0.0
1300,2022,Sorba Thomas,Wales,1,0,0,0.0,4,3,0,1,0,1,0,0,0,0,1,0,100,Left Midfield,0.0,0.0,3.5999999999999996,2.6999999999999997,0.0,0.8999999999999999,0.0,0.8999999999999999,0.0,0.0,0.8999999999999999,0.0,0.0,1,0.75,1,0.0,0,0.0,0.0,Midfielder,0.0,0.0
1301,2022,Sofyan Amrabat,Morocco,7,0,1,0.02,323,274,2,28,9,44,1,16,1,0,1,0,682,Center Defensive Midfield,0.0,0.13196480938416422,42.624633431085044,36.158357771260995,0.26392961876832843,3.6950146627565985,1.187683284457478,5.806451612903226,0.13196480938416422,2.1114369501466275,0.13196480938416422,0.0,0.0026392961876832845,1,0.848297213622291,1,0.0,1,0.0,-0.02,Midfielder,0.13196480938416422,0.0
1302,2022,Sofiane Boufal,Morocco,7,0,7,0.32,134,107,4,20,2,17,3,12,1,0,20,12,473,Left Wing,0.0,1.331923890063425,25.496828752642706,20.35940803382664,0.7610993657505285,3.8054968287526427,0.38054968287526425,3.2346723044397465,0.5708245243128964,2.2832980972515857,3.8054968287526427,2.2832980972515857,0.06088794926004228,1,0.7985074626865671,1,0.6,1,0.0,-0.32,Forward,0.19027484143763213,0.0
1303,2022,Silvan Widmer,Switzerland,3,0,1,0.05,164,127,1,13,4,7,1,4,1,0,0,0,278,Right Back,0.0,0.3237410071942446,53.093525179856115,41.115107913669064,0.3237410071942446,4.2086330935251794,1.2949640287769784,2.2661870503597124,0.3237410071942446,1.2949640287769784,0.0,0.0,0.01618705035971223,1,0.774390243902439,0,0.0,1,0.0,-0.05,Defender,0.3237410071942446,0.0
1304,2022,Shūichi Gonda,Japan,4,0,0,0.0,113,69,0,0,0,14,0,1,0,0,0,0,410,Goalkeeper,0.0,0.0,24.804878048780488,15.146341463414634,0.0,0.0,0.0,3.073170731707317,0.0,0.21951219512195122,0.0,0.0,0.0,1,0.6106194690265486,0,0.0,0,0.0,0.0,Goalkeeper,0.0,0.0
1305,2022,Timothy Castagne,Belgium,3,0,0,0.0,201,176,0,9,1,7,0,3,0,0,2,0,278,Left Back,0.0,0.0,65.07194244604317,56.97841726618705,0.0,2.9136690647482015,0.3237410071942446,2.2661870503597124,0.0,0.9712230215827338,0.6474820143884892,0.0,0.0,1,0.8756218905472637,1,0.0,0,0.0,0.0,Defender,0.0,0.0
1306,2022,Tim Ream,United States,4,0,1,0.26,270,241,0,14,10,17,0,1,1,0,1,1,383,Left Center Back,0.0,0.2349869451697128,63.44647519582245,56.63185378590078,0.0,3.289817232375979,2.349869451697128,3.9947780678851177,0.0,0.2349869451697128,0.2349869451697128,0.2349869451697128,0.06109660574412533,1,0.8925925925925926,1,1.0,1,0.0,-0.26,Defender,0.2349869451697128,0.0
1307,2022,Thorgan Hazard,Belgium,2,0,0,0.0,59,41,5,7,0,4,3,2,0,0,1,0,167,Left Wing,0.0,0.0,31.79640718562874,22.095808383233532,2.6946107784431135,3.772455089820359,0.0,2.155688622754491,1.6167664670658681,1.0778443113772456,0.5389221556886228,0.0,0.0,1,0.6949152542372882,1,0.0,0,0.0,0.0,Forward,0.0,0.0
1308,2022,Thomas Teye Partey,Ghana,3,0,2,0.24,181,153,2,16,3,14,0,3,0,0,5,4,294,Right Defensive Midfield,0.0,0.6122448979591837,55.40816326530612,46.83673469387755,0.6122448979591837,4.8979591836734695,0.9183673469387755,4.285714285714286,0.0,0.9183673469387755,1.530612244897959,1.2244897959183674,0.07346938775510203,1,0.8453038674033149,1,0.8,1,0.0,-0.24,Midfielder,0.0,0.0
1309,2022,Thomas Müller,Germany,3,0,3,0.27,72,54,6,10,1,4,0,0,0,0,0,0,200,Center Forward,0.0,1.3499999999999999,32.4,24.299999999999997,2.6999999999999997,4.5,0.44999999999999996,1.7999999999999998,0.0,0.0,0.0,0.0,0.1215,1,0.75,0,0.0,1,0.0,-0.27,Forward,0.0,0.0
1310,2022,Thomas Meunier,Belgium,3,0,3,0.12,142,109,2,9,6,8,0,4,1,0,2,2,259,Right Back,0.0,1.0424710424710424,49.343629343629345,37.87644787644788,0.694980694980695,3.1274131274131274,2.0849420849420848,2.77992277992278,0.0,1.38996138996139,0.694980694980695,0.694980694980695,0.0416988416988417,1,0.7676056338028169,1,1.0,1,0.0,-0.12,Defender,0.3474903474903475,0.0
1311,2022,Thibaut Courtois,Belgium,3,0,0,0.0,122,109,0,0,0,12,0,0,0,0,1,1,268,Goalkeeper,0.0,0.0,40.97014925373134,36.6044776119403,0.0,0.0,0.0,4.029850746268656,0.0,0.0,0.33582089552238803,0.33582089552238803,0.0,1,0.8934426229508197,1,1.0,0,0.0,0.0,Goalkeeper,0.0,0.0
1312,2022,Thiago Ezequiel Almada,Argentina,1,0,0,0.0,13,12,1,0,0,1,0,0,0,0,0,0,95,Left Wing,0.0,0.0,12.31578947368421,11.368421052631579,0.9473684210526315,0.0,0.0,0.9473684210526315,0.0,0.0,0.0,0.0,0.0,1,0.9230769230769231,0,0.0,0,0.0,0.0,Forward,0.0,0.0
1313,2022,Thiago Emiliano da Silva,Brazil,4,0,2,0.21,335,320,3,11,8,12,0,2,0,0,1,0,403,Left Center Back,0.0,0.4466501240694789,74.81389578163771,71.46401985111662,0.6699751861042184,2.456575682382134,1.7866004962779156,2.6799007444168734,0.0,0.4466501240694789,0.22332506203473945,0.0,0.04689826302729528,1,0.9552238805970149,1,0.0,1,0.0,-0.21,Defender,0.0,0.0
1314,2022,Tariq Lamptey,Ghana,2,0,1,0.07,33,21,0,5,2,5,1,3,1,0,2,1,176,Right Back,0.0,0.5113636363636364,16.875,10.738636363636363,0.0,2.556818181818182,1.0227272727272727,2.556818181818182,0.5113636363636364,1.5340909090909092,1.0227272727272727,0.5113636363636364,0.03579545454545455,1,0.6363636363636364,1,0.5,1,0.0,-0.07,Defender,0.5113636363636364,0.0
1315,2022,Tarek Salman Salman,Qatar,1,0,0,0.0,11,7,0,1,1,0,0,0,0,0,0,0,93,Right Center Back,0.0,0.0,10.64516129032258,6.774193548387096,0.0,0.9677419354838709,0.9677419354838709,0.0,0.0,0.0,0.0,0.0,0.0,1,0.6363636363636364,0,0.0,0,0.0,0.0,Defender,0.0,0.0
1316,2022,Takumi Minamino,Japan,3,0,3,0.83,24,14,0,5,0,2,0,1,0,0,0,0,314,Left Wing,0.0,0.8598726114649682,6.8789808917197455,4.012738853503184,0.0,1.4331210191082802,0.0,0.5732484076433121,0.0,0.28662420382165604,0.0,0.0,0.2378980891719745,1,0.5833333333333334,0,0.0,1,0.0,-0.83,Forward,0.0,0.0
1317,2022,Takehiro Tomiyasu,Japan,3,0,0,0.0,98,73,3,6,4,5,0,1,0,0,0,0,312,Right Center Back,0.0,0.0,28.269230769230766,21.057692307692307,0.8653846153846153,1.7307692307692306,1.1538461538461537,1.4423076923076923,0.0,0.28846153846153844,0.0,0.0,0.0,1,0.7448979591836735,0,0.0,0,0.0,0.0,Defender,0.0,0.0
1318,2022,Takefusa Kubo,Japan,2,0,0,0.0,13,7,0,3,0,5,0,2,0,0,0,0,91,Right Wing,0.0,0.0,12.857142857142858,6.923076923076923,0.0,2.967032967032967,0.0,4.945054945054945,0.0,1.978021978021978,0.0,0.0,0.0,1,0.5384615384615384,0,0.0,0,0.0,0.0,Forward,0.0,0.0
1319,1958,Nilton dos Reis Santos,Brazil,2,0,0,0.0,105,82,0,11,7,22,2,1,0,0,10,6,178,Left Back,0.0,0.0,53.08988764044943,41.460674157303366,0.0,5.561797752808989,3.539325842696629,11.123595505617978,1.0112359550561798,0.5056179775280899,5.056179775280898,3.033707865168539,0.0,1,0.780952380952381,1,0.6,0,0.0,0.0,Defender,0.0,0.0
1320,2022,Wataru Endo,Japan,4,0,6,0.18,187,153,4,13,4,25,3,7,1,0,3,1,406,Right Defensive Midfield,0.0,1.3300492610837438,41.45320197044335,33.916256157635466,0.8866995073891626,2.8817733990147785,0.8866995073891626,5.541871921182266,0.6650246305418719,1.5517241379310345,0.6650246305418719,0.22167487684729065,0.039901477832512314,1,0.8181818181818182,1,0.3333333333333333,1,0.0,-0.18,Midfielder,0.22167487684729065,0.0
1321,2022,Walker Zimmerman,United States,4,0,1,0.06,233,212,0,9,5,6,1,3,0,0,0,0,383,Right Center Back,0.0,0.2349869451697128,54.75195822454308,49.81723237597911,0.0,2.1148825065274153,1.174934725848564,1.4099216710182767,0.2349869451697128,0.7049608355091384,0.0,0.0,0.014099216710182768,1,0.9098712446351931,0,0.0,1,0.0,-0.06,Defender,0.0,0.0
1322,2022,Walid Cheddira,Morocco,2,0,2,0.25,8,5,1,3,0,1,0,6,2,0,1,0,213,Center Forward,0.0,0.8450704225352113,3.380281690140845,2.112676056338028,0.4225352112676056,1.267605633802817,0.0,0.4225352112676056,0.0,2.535211267605634,0.4225352112676056,0.0,0.1056338028169014,1,0.625,1,0.0,1,0.0,-0.25,Forward,0.8450704225352113,0.0
1323,2022,Wajdi Kechrida,Tunisia,3,0,0,0.0,66,43,1,6,1,6,0,2,1,0,1,1,284,Right Wing Back,0.0,0.0,20.91549295774648,13.626760563380282,0.31690140845070425,1.9014084507042255,0.31690140845070425,1.9014084507042255,0.0,0.6338028169014085,0.31690140845070425,0.31690140845070425,0.0,1,0.6515151515151515,1,1.0,0,0.0,0.0,Defender,0.31690140845070425,0.0
1324,2022,Vitor Machado Ferreira,Portugal,3,0,2,0.05,109,102,1,5,0,6,0,1,1,0,1,1,271,Left Center Midfield,0.0,0.6642066420664207,36.199261992619924,33.874538745387454,0.33210332103321033,1.6605166051660516,0.0,1.992619926199262,0.0,0.33210332103321033,0.33210332103321033,0.33210332103321033,0.016605166051660517,1,0.9357798165137615,1,1.0,1,0.0,-0.05,Midfielder,0.33210332103321033,0.0
1325,2022,Virgil van Dijk,Netherlands,5,0,4,0.98,343,305,2,13,5,9,0,5,0,0,1,1,500,Center Back,0.0,0.72,61.74,54.9,0.36,2.3400000000000003,0.9,1.62,0.0,0.9,0.18,0.18,0.1764,1,0.8892128279883382,1,1.0,1,0.0,-0.98,Defender,0.0,0.0
1326,2022,Vincent Janssen,Netherlands,2,0,2,0.16,20,16,1,3,0,3,0,2,0,0,1,1,156,Right Center Forward,0.0,1.1538461538461537,11.538461538461538,9.23076923076923,0.5769230769230769,1.7307692307692306,0.0,1.7307692307692306,0.0,1.1538461538461537,0.5769230769230769,0.5769230769230769,0.09230769230769231,1,0.8,1,1.0,1,0.0,-0.16,Forward,0.0,0.0
1327,2022,Victor Nelsson,Denmark,1,0,0,0.0,72,68,0,4,1,4,0,0,0,0,0,0,96,Left Center Back,0.0,0.0,67.5,63.75,0.0,3.75,0.9375,3.75,0.0,0.0,0.0,0.0,0.0,1,0.9444444444444444,0,0.0,0,0.0,0.0,Defender,0.0,0.0
1328,2022,Vanja Milinković Savić,Serbia,3,0,0,0.0,127,92,0,0,0,19,0,0,0,0,0,0,291,Goalkeeper,0.0,0.0,39.27835051546392,28.45360824742268,0.0,0.0,0.0,5.876288659793814,0.0,0.0,0.0,0.0,0.0,1,0.7244094488188977,0,0.0,0,0.0,0.0,Goalkeeper,0.0,0.0
1329,2022,Unai Simón Mendibil,Spain,4,0,0,0.0,158,148,0,0,0,12,0,0,0,0,0,0,409,Goalkeeper,0.0,0.0,34.7677261613692,32.567237163814184,0.0,0.0,0.0,2.640586797066015,0.0,0.0,0.0,0.0,0.0,1,0.9367088607594937,0,0.0,0,0.0,0.0,Goalkeeper,0.0,0.0
1330,2022,Ui-Jo Hwang,South Korea,4,0,1,0.32,11,8,0,16,0,2,0,0,0,0,1,1,362,Center Forward,0.0,0.24861878453038674,2.7348066298342544,1.988950276243094,0.0,3.977900552486188,0.0,0.4972375690607735,0.0,0.0,0.24861878453038674,0.24861878453038674,0.07955801104972376,1,0.7272727272727273,1,1.0,1,0.0,-0.32,Forward,0.0,0.0
1331,2022,Tyler Adams,United States,4,0,1,0.02,269,246,2,16,6,29,0,7,1,0,2,2,382,Center Defensive Midfield,0.0,0.2356020942408377,63.37696335078534,57.95811518324607,0.4712041884816754,3.769633507853403,1.4136125654450262,6.832460732984293,0.0,1.649214659685864,0.4712041884816754,0.4712041884816754,0.004712041884816754,1,0.9144981412639405,1,1.0,1,0.0,-0.02,Midfielder,0.2356020942408377,0.0
1332,2022,Trent Alexander-Arnold,England,1,0,0,0.0,23,21,0,0,1,0,0,1,0,0,0,0,93,Right Back,0.0,0.0,22.25806451612903,20.32258064516129,0.0,0.0,0.9677419354838709,0.0,0.0,0.9677419354838709,0.0,0.0,0.0,1,0.9130434782608695,0,0.0,0,0.0,0.0,Defender,0.0,0.0
1333,2022,Toby Alderweireld,Belgium,3,0,0,0.0,267,244,0,6,2,8,0,0,0,0,0,0,278,Right Center Back,0.0,0.0,86.43884892086331,78.99280575539568,0.0,1.9424460431654675,0.6474820143884892,2.5899280575539567,0.0,0.0,0.0,0.0,0.0,1,0.9138576779026217,0,0.0,0,0.0,0.0,Defender,0.0,0.0
1334,1958,José Ely de Miranda,Brazil,2,0,6,0.31,102,90,0,8,2,18,1,6,0,0,7,6,176,Right Defensive Midfield,0.0,3.0681818181818183,52.159090909090914,46.02272727272727,0.0,4.090909090909091,1.0227272727272727,9.204545454545455,0.5113636363636364,3.0681818181818183,3.5795454545454546,3.0681818181818183,0.1585227272727273,1,0.8823529411764706,1,0.8571428571428571,1,0.0,-0.31,Midfielder,0.0,0.0
1335,2022,Óscar Esau Duarte Gaitán,Costa Rica,3,0,0,0.0,97,68,1,7,4,11,0,4,1,0,0,0,284,Right Center Back,0.0,0.0,30.73943661971831,21.549295774647888,0.31690140845070425,2.2183098591549295,1.267605633802817,3.4859154929577465,0.0,1.267605633802817,0.0,0.0,0.0,1,0.7010309278350515,0,0.0,0,0.0,0.0,Defender,0.31690140845070425,0.0
1336,2022,Éverton Augusto de Barros Ribeiro,Brazil,1,0,0,0.0,17,15,2,0,0,1,0,0,0,0,0,0,98,Center Attacking Midfield,0.0,0.0,15.612244897959185,13.775510204081634,1.8367346938775513,0.0,0.0,0.9183673469387756,0.0,0.0,0.0,0.0,0.0,1,0.8823529411764706,0,0.0,0,0.0,0.0,Midfielder,0.0,0.0
1337,2022,Érick Gabriel Gutiérrez Galaviz,Mexico,1,0,0,0.0,30,25,0,1,2,1,0,1,1,0,1,1,95,Left Defensive Midfield,0.0,0.0,28.421052631578945,23.684210526315788,0.0,0.9473684210526315,1.894736842105263,0.9473684210526315,0.0,0.9473684210526315,0.9473684210526315,0.9473684210526315,0.0,1,0.8333333333333334,1,1.0,0,0.0,0.0,Midfielder,0.9473684210526315,0.0
1338,2022,Éder Gabriel Militão,Brazil,4,0,5,0.26,277,251,0,16,2,21,0,7,1,0,0,0,360,Right Back,0.0,1.25,69.25,62.75,0.0,4.0,0.5,5.25,0.0,1.75,0.0,0.0,0.065,1,0.9061371841155235,0,0.0,1,0.0,-0.26,Defender,0.25,0.0
1339,2022,Ángel Martín Correa,Argentina,1,0,0,0.0,4,4,0,1,0,0,0,0,0,0,0,0,94,Left Center Midfield,0.0,0.0,3.829787234042553,3.829787234042553,0.0,0.9574468085106382,0.0,0.0,0.0,0.0,0.0,0.0,0.0,1,1.0,0,0.0,0,0.0,0.0,Midfielder,0.0,0.0
1340,2022,Álvaro José Zamora Mata,Costa Rica,1,0,0,0.0,5,5,0,3,0,0,0,0,0,0,0,0,94,Right Wing,0.0,0.0,4.787234042553191,4.787234042553191,0.0,2.872340425531915,0.0,0.0,0.0,0.0,0.0,0.0,0.0,1,1.0,0,0.0,0,0.0,0.0,Forward,0.0,0.0
1341,1958,Bengt Gustavsson,Sweden,1,0,0,0.0,29,24,0,4,0,5,0,1,0,0,0,0,90,Center Back,0.0,0.0,29.0,24.0,0.0,4.0,0.0,5.0,0.0,1.0,0.0,0.0,0.0,1,0.8275862068965517,0,0.0,0,0.0,0.0,Defender,0.0,0.0
1342,2022,Yasir Gharsan Al Shahrani,Saudi Arabia,1,0,0,0.0,26,12,0,4,8,2,0,1,0,0,1,0,98,Left Back,0.0,0.0,23.877551020408166,11.020408163265307,0.0,3.6734693877551026,7.346938775510205,1.8367346938775513,0.0,0.9183673469387756,0.9183673469387756,0.0,0.0,1,0.46153846153846156,1,0.0,0,0.0,0.0,Defender,0.0,0.0
1343,2022,Yannick Ferreira Carrasco,Belgium,2,0,4,0.2,46,39,0,5,1,5,1,1,1,0,2,1,120,Left Wing,0.0,3.0,34.5,29.25,0.0,3.75,0.75,3.75,0.75,0.75,1.5,0.75,0.15000000000000002,1,0.8478260869565217,1,0.5,1,0.0,-0.2,Forward,0.75,0.0
1344,2022,Yann Sommer,Switzerland,3,0,0,0.0,117,107,0,0,0,11,0,0,0,0,0,0,280,Goalkeeper,0.0,0.0,37.607142857142854,34.39285714285714,0.0,0.0,0.0,3.5357142857142856,0.0,0.0,0.0,0.0,0.0,1,0.9145299145299145,0,0.0,0,0.0,0.0,Goalkeeper,0.0,0.0
1345,2022,Yahya Jabrane,Morocco,2,0,0,0.0,4,2,0,1,0,3,0,0,0,0,0,0,187,Left Defensive Midfield,0.0,0.0,1.9251336898395721,0.9625668449197861,0.0,0.48128342245989303,0.0,1.443850267379679,0.0,0.0,0.0,0.0,0.0,1,0.5,0,0.0,0,0.0,0.0,Midfielder,0.0,0.0
1346,2022,Yahia Attiyat allah,Morocco,6,0,2,0.33,138,97,3,12,1,22,1,9,0,0,2,2,588,Left Back,0.0,0.30612244897959184,21.122448979591837,14.846938775510205,0.45918367346938777,1.836734693877551,0.15306122448979592,3.36734693877551,0.15306122448979592,1.3775510204081634,0.30612244897959184,0.30612244897959184,0.050510204081632655,1,0.7028985507246377,1,1.0,1,0.0,-0.33,Defender,0.0,0.0
1347,2022,Xavi Simons,Netherlands,1,0,0,0.0,10,6,0,1,0,2,0,0,0,0,0,0,95,Left Center Forward,0.0,0.0,9.473684210526315,5.684210526315789,0.0,0.9473684210526315,0.0,1.894736842105263,0.0,0.0,0.0,0.0,0.0,1,0.6,0,0.0,0,0.0,0.0,Forward,0.0,0.0
1348,2022,Woo-Young Jung,South Korea,4,0,1,0.01,208,179,2,8,6,17,0,12,2,0,0,0,319,Right Defensive Midfield,0.0,0.2821316614420063,58.68338557993731,50.50156739811912,0.5642633228840126,2.2570532915360504,1.6927899686520378,4.7962382445141065,0.0,3.3855799373040756,0.0,0.0,0.002821316614420063,1,0.8605769230769231,0,0.0,1,0.0,-0.01,Midfielder,0.5642633228840126,0.0
1349,2022,Yunus Dimoara Musah,United States,4,0,4,0.2,182,154,3,16,4,18,2,10,0,0,7,3,358,Right Center Midfield,0.0,1.005586592178771,45.754189944134076,38.71508379888268,0.7541899441340782,4.022346368715084,1.005586592178771,4.5251396648044695,0.5027932960893855,2.5139664804469275,1.759776536312849,0.7541899441340782,0.05027932960893855,1,0.8461538461538461,1,0.42857142857142855,1,0.0,-0.2,Midfielder,0.0,0.0
1350,2022,Yu-Min Cho,South Korea,1,0,0,0.0,0,0,0,0,0,0,0,0,0,0,0,0,93,Right Center Back,0.0,0.0,0.0,0.0,0.0,0.0,0.0,0.0,0.0,0.0,0.0,0.0,0.0,0,0.0,0,0.0,0,0.0,0.0,Defender,0.0,0.0
1351,2022,Youstin Delfin Salas Gómez,Costa Rica,2,0,0,0.0,18,15,0,6,1,3,0,0,0,0,1,1,191,Right Wing Back,0.0,0.0,8.481675392670157,7.0680628272251305,0.0,2.8272251308900525,0.4712041884816754,1.4136125654450262,0.0,0.0,0.4712041884816754,0.4712041884816754,0.0,1,0.8333333333333334,1,1.0,0,0.0,0.0,Defender,0.0,0.0
1352,2022,Youssoufa Moukoko,Germany,1,0,0,0.0,2,2,0,0,0,0,0,0,0,0,0,0,92,Right Center Forward,0.0,0.0,1.956521739130435,1.956521739130435,0.0,0.0,0.0,0.0,0.0,0.0,0.0,0.0,0.0,1,1.0,0,0.0,0,0.0,0.0,Forward,0.0,0.0
1353,2022,Youssouf Sabaly,Senegal,4,0,2,0.02,222,192,8,8,4,26,0,3,0,0,4,3,381,Right Back,0.0,0.47244094488188976,52.44094488188976,45.354330708661415,1.889763779527559,1.889763779527559,0.9448818897637795,6.141732283464567,0.0,0.7086614173228346,0.9448818897637795,0.7086614173228346,0.004724409448818898,1,0.8648648648648649,1,0.75,1,0.0,-0.02,Defender,0.0,0.0
1354,2022,Youssouf Fofana,France,6,0,4,0.17,112,95,1,9,3,13,0,4,0,0,2,1,566,Right Center Midfield,0.0,0.6360424028268551,17.809187279151942,15.10600706713781,0.15901060070671377,1.431095406360424,0.47703180212014135,2.067137809187279,0.0,0.6360424028268551,0.31802120141342755,0.15901060070671377,0.027031802120141345,1,0.8482142857142857,1,0.5,1,0.0,-0.17,Midfielder,0.0,0.0
1355,2022,Youssef Msakni,Tunisia,2,0,9,0.64,70,50,4,10,1,9,1,0,0,0,5,4,174,Left Wing,0.0,4.655172413793103,36.206896551724135,25.862068965517242,2.0689655172413794,5.172413793103448,0.5172413793103449,4.655172413793103,0.5172413793103449,0.0,2.586206896551724,2.0689655172413794,0.3310344827586207,1,0.7142857142857143,1,0.8,1,0.0,-0.64,Forward,0.0,0.0
1356,2022,Youri Tielemans,Belgium,3,0,0,0.0,61,51,1,5,3,2,1,2,0,0,1,1,233,Right Defensive Midfield,0.0,0.0,23.56223175965665,19.69957081545064,0.38626609442060084,1.9313304721030042,1.1587982832618025,0.7725321888412017,0.38626609442060084,0.7725321888412017,0.38626609442060084,0.38626609442060084,0.0,1,0.8360655737704918,1,1.0,0,0.0,0.0,Midfielder,0.0,0.0
1357,2022,Yassine Meriah,Tunisia,3,0,1,0.05,168,138,1,13,1,14,2,3,0,0,2,1,287,Center Back,0.0,0.313588850174216,52.68292682926829,43.27526132404181,0.313588850174216,4.076655052264808,0.313588850174216,4.390243902439024,0.627177700348432,0.940766550522648,0.627177700348432,0.313588850174216,0.0156794425087108,1,0.8214285714285714,1,0.5,1,0.0,-0.05,Defender,0.0,0.0
1358,2022,Yassine Bounou,Morocco,6,0,0,0.0,210,156,0,0,0,25,0,0,0,0,0,0,591,Goalkeeper,0.0,0.0,31.97969543147208,23.756345177664976,0.0,0.0,0.0,3.8071065989847717,0.0,0.0,0.0,0.0,0.0,1,0.7428571428571429,0,0.0,0,0.0,0.0,Goalkeeper,0.0,0.0
1359,1958,Manoel Francisco dos Santos,Brazil,2,0,7,0.68,72,46,4,4,1,21,1,1,0,0,30,16,178,Right Midfield,0.0,3.539325842696629,36.40449438202247,23.258426966292134,2.0224719101123596,2.0224719101123596,0.5056179775280899,10.617977528089888,0.5056179775280899,0.5056179775280899,15.168539325842696,8.089887640449438,0.3438202247191011,1,0.6388888888888888,1,0.5333333333333333,1,0.0,-0.68,Midfielder,0.0,0.0
1360,1958,Karl-Oskar Svensson,Sweden,1,0,0,0.0,44,27,0,0,0,3,0,0,0,0,0,0,90,Goalkeeper,0.0,0.0,44.0,27.0,0.0,0.0,0.0,3.0,0.0,0.0,0.0,0.0,0.0,1,0.6136363636363636,0,0.0,0,0.0,0.0,Goalkeeper,0.0,0.0
